{
  "rank_correlation": 0.8087275306385537,
  "top_50_recall": 0.4,
  "calibration_error": 1.072008245646713,
  "calibration_error_rel": 0.15963168027094102,
  "mae": 3.3701429035026766,
  "mae_DEF": 3.791177790601329,
  "mae_FWD": 3.308435230979688,
  "mae_GK": 1.7272781865746922,
  "mae_MID_AM": 3.498753856790113
}
