role,count,mae
DEF,249,3.791177790601329
FWD,83,3.308435230979688
GK,87,1.7272781865746922
MID_AM,336,3.498753856790113
