role,count,mae
DEF,150,3.307868468446796
FWD,52,3.1385034388282147
GK,28,1.2958413762754357
MID_AM,219,3.07469111376937
