role,count,mae
DEF,150,3.3197368240647864
FWD,52,3.085247278538737
GK,28,1.2690525096154883
MID_AM,219,3.084468642024746
