role,count,mae
DEF,249,3.658807402557335
FWD,83,3.4443457113444804
GK,87,1.792176861394
MID_AM,336,3.498611944202093
