first_name,second_name,web_name,position,team,proj_points_next_5,proj_points_next_6,chance_of_playing_this_round,chance_of_playing_next_round,news,now_cost,selected_by_percent,value_form,value_season,total_points,event_points,points_per_game,form,expected_goals_per_90,expected_assists_per_90,expected_goal_involvements_per_90,expected_goals_conceded_per_90,influence,creativity,threat,ict_index,minutes,goals_scored,assists,clean_sheets,goals_conceded,starts,defensive_contribution,defensive_contribution_per_90,tackles,clearances_blocks_interceptions,recoveries,defcon_points,GW6_proj_points,GW7_proj_points,GW8_proj_points,GW9_proj_points,GW10_proj_points,GW11_proj_points,GW6_opp,GW7_opp,GW8_opp,GW9_opp,GW10_opp,GW11_opp,defcon_actions,defcon_actions_per_90,GW6_fixture_mult,GW7_fixture_mult,GW8_fixture_mult,GW9_fixture_mult,GW10_fixture_mult,GW11_fixture_mult,name,season_stats_gw
Bruno,Borges Fernandes,B.Fernandes,Midfielder,MUN,22.406206054199718,27.10075265228011,100.0,100.0,,10.4,48.0,0.0,22.6,235,14,6.7,0.0,0.32,0.36,0.68,,1258.0,1938.5,614.0,381.4,90.0,9,24,7,46,35,9.0,9.0,2.0,1.0,6.0,0.0,5.1694740101879635,5.12799237232454,3.912397417362698,4.03778055753445,4.158561696790067,4.694546598080392,BRE(A),SUN(H),LIV(A),BHA(H),NFO(A),TOT(A),9.0,9.0,1.0179566082209277,1.0737272005708411,0.9149650840122292,0.9780471761839342,1.0111928019049574,1.0111928019049574,Man Utd,38
Gabriel,dos Santos Magalhães,Gabriel,Defender,ARS,21.66154051975519,26.96067343287053,100.0,100.0,,7.3,45.4,0.0,28.6,209,1,6.5,0.0,0.1,0.06,0.16,,824.0,128.5,298.0,125.0,45.0,3,5,18,20,30,5.0,10.0,0.0,5.0,1.0,0.0,4.460206211043055,5.364440388305151,3.299169747377035,4.165118392912146,4.3726057801178015,5.29913291311534,NEW(A),WHU(H),FUL(A),CRY(H),BUR(A),SUN(A),5.0,10.0,1.0385206957960817,1.0316257548390524,1.0385206957960817,1.0385262359175895,1.0881336264811785,1.052460363008469,Arsenal,38
João Pedro,Junqueira de Jesus,João Pedro,Forward,CHE,23.094171170669384,26.78036736790061,75.0,100.0,,7.4,34.8,0.0,23.9,177,1,5.1,0.0,0.5,0.07,0.57,,758.4,456.6,909.0,212.1,90.0,15,9,10,36,31,6.0,6.0,1.0,2.0,3.0,0.0,4.3982657414012625,4.588914156824409,3.782850824479008,5.359115269891983,4.96502517807272,3.6861961972312267,BHA(H),LIV(H),NFO(A),SUN(H),TOT(A),WOL(H),6.0,6.0,0.9780471761839342,0.9210901427022543,1.0111928019049574,1.0737272005708411,1.0111928019049574,1.110121305916802,Chelsea,38
Antoine,Semenyo,Semenyo,Midfielder,MCI,20.169125030984894,24.4073627803926,100.0,100.0,,8.0,46.2,0.0,25.2,202,6,5.5,0.0,0.31,0.09,0.4,,923.2,607.4,1047.0,257.7,57.0,17,6,12,52,37,2.0,3.1578947368421053,0.0,1.0,1.0,0.0,5.477693133617784,4.243661566643306,3.0555562864359884,4.255309542702538,3.1369045015852786,4.238237749407706,BUR(H),BRE(A),EVE(H),AVL(A),BOU(H),LIV(H),2.0,3.1578947368421053,1.1325472438885735,1.0179566082209277,1.0524659774929148,0.9977997168619978,0.9911751304069054,0.9210901427022543,Man City,38
Virgil,van Dijk,Virgil,Defender,LIV,20.074232864492796,24.30542154285595,,,,6.1,31.5,0.0,28.7,175,2,4.6,0.0,0.1,0.04,0.14,,1169.4,215.9,490.0,187.6,90.0,6,1,10,53,38,6.0,6.0,0.0,6.0,2.0,0.0,4.19881914603972,3.7014149167700037,4.162312699800275,4.325323237588816,3.686362864293983,4.231188678363153,CRY(A),CHE(A),MUN(H),BRE(A),AVL(H),MCI(A),6.0,6.0,1.0111928019049574,0.9523055174497719,0.9334535843879661,1.0179566082209277,0.971548547839499,0.8968475614707909,Liverpool,38
Erling,Haaland,Haaland,Forward,MCI,20.2370299204097,24.17304859867077,100.0,100.0,,14.7,62.5,0.0,16.3,239,0,6.8,0.0,0.78,0.08,0.86,,1180.4,320.1,1520.0,302.3,0.0,27,8,13,32,34,0.0,0.0,0.0,0.0,0.0,0.0,3.2877143142938134,5.708324415101783,3.3956462211422935,4.025587218420527,3.819757751451284,3.93601867826107,BUR(H),BRE(A),EVE(H),AVL(A),BOU(H),LIV(H),0.0,0.0,1.1325472438885735,1.0179566082209277,1.0524659774929148,0.9977997168619978,0.9911751304069054,0.9210901427022543,Man City,38
Cole,Palmer,Palmer,Midfielder,CHE,19.536164880692432,24.054313814366523,100.0,100.0,,10.3,12.6,0.0,11.1,114,8,4.4,0.0,0.49,0.11,0.6,,536.6,393.6,547.0,147.7,90.0,10,2,3,33,24,1.0,1.0,0.0,0.0,1.0,0.0,5.041518894230279,3.2726957465919115,3.2522723337074364,3.7260528949155476,4.243625011247261,4.518148933674092,BHA(H),LIV(H),NFO(A),SUN(H),TOT(A),WOL(H),1.0,1.0,0.9780471761839342,0.9210901427022543,1.0111928019049574,1.0737272005708411,1.0111928019049574,1.110121305916802,Chelsea,38
Igor Thiago,Nascimento Rodrigues,Thiago,Forward,BRE,20.01728057183337,23.951008480002834,100.0,100.0,,7.2,30.2,0.0,25.1,181,2,4.8,0.0,0.56,0.05,0.61,,1019.4,382.5,1170.0,256.9,90.0,22,1,10,50,37,5.0,5.0,2.0,2.0,1.0,0.0,5.137126192814428,3.6084635977336084,3.7544401492241857,3.5605140117693566,3.956736620291791,3.9337279081694625,MUN(H),MCI(H),WHU(A),LIV(H),CRY(A),NEW(H),5.0,5.0,0.9334535843879661,0.8968523458188399,1.0247656572203843,0.9210901427022543,1.0111928019049574,0.9586805445269106,Brentford,38
Tomáš,Souček,Souček,Midfielder,WHU,20.304219105273646,23.850139388329424,100.0,100.0,,5.7,0.5,0.0,18.1,103,3,2.9,0.0,0.24,0.02,0.26,,526.6,191.9,483.0,120.4,90.0,5,2,7,43,24,8.0,8.0,0.0,5.0,3.0,0.0,4.789741172711785,3.8236921093407563,3.246067274636256,4.97465671297022,3.47006183561463,3.545920283055779,EVE(A),ARS(A),BRE(H),LEE(A),NEW(H),BUR(H),8.0,8.0,1.0179566082209277,0.9334486047869694,0.9780471761839342,1.045467296709635,0.9586805445269106,1.1325472438885735,West Ham,38
Dominic,Calvert-Lewin,Calvert-Lewin,Forward,LEE,19.442016814983994,23.838448912442303,100.0,100.0,,5.8,13.7,0.0,24.5,142,2,4.1,0.0,0.51,0.04,0.55,,619.6,311.1,1026.0,194.7,68.0,14,2,8,34,30,3.0,3.9705882352941178,0.0,1.0,2.0,0.0,4.642990526796118,4.510220327954372,2.7479994957563254,3.5097559063932704,4.031050558083908,4.396432097458308,BOU(H),TOT(H),BUR(A),WHU(H),BHA(A),NFO(A),3.0,3.9705882352941178,0.9911751304069054,1.0247711239638793,1.0881336264811785,1.0316257548390524,0.9780419586939864,1.0111928019049574,Leeds,38
Dominik,Szoboszlai,Szoboszlai,Midfielder,LIV,19.90848011317982,23.4779420393266,100.0,100.0,,7.1,15.1,0.0,22.5,160,2,4.4,0.0,0.13,0.19,0.32,,867.8,1324.6,417.0,260.9,90.0,6,7,9,52,36,9.0,9.0,3.0,1.0,5.0,0.0,4.064787858410918,4.336645648604579,3.470212529088764,4.519525583533106,3.5173084935424503,3.5694619261467797,CRY(A),CHE(A),MUN(H),BRE(A),AVL(H),MCI(A),9.0,9.0,1.0111928019049574,0.9523055174497719,0.9334535843879661,1.0179566082209277,0.971548547839499,0.8968475614707909,Liverpool,38
Marc,Guéhi,Guéhi,Defender,MCI,19.555377117588826,23.20151688603282,100.0,100.0,,5.1,32.6,0.0,35.1,179,0,5.1,0.0,0.12,0.07,0.19,,901.6,304.6,402.0,160.9,0.0,3,5,14,35,35,0.0,0.0,0.0,0.0,0.0,0.0,3.3771972466618734,5.620573187479837,3.315247229909928,4.146203268049396,3.0961561854877924,3.6461397684439945,BUR(H),BRE(A),EVE(H),AVL(A),BOU(H),LIV(H),0.0,0.0,1.1325472438885735,1.0179566082209277,1.0524659774929148,0.9977997168619978,0.9911751304069054,0.9210901427022543,Man City,38
Iliman,Ndiaye,Ndiaye,Midfielder,EVE,18.910009958665697,22.970732357080472,100.0,100.0,,6.3,4.7,0.0,20.3,128,2,4.0,0.0,0.22,0.14,0.36,,605.8,479.2,578.0,166.5,90.0,6,3,8,44,32,6.0,6.0,3.0,0.0,3.0,0.0,4.318022837940413,3.893781832660569,3.1438302658142847,3.589224469729079,3.9651505525213504,4.060722398414777,WHU(H),CRY(H),MCI(A),TOT(H),SUN(A),FUL(H),6.0,6.0,1.0316257548390524,1.0385262359175895,0.8968475614707909,1.0247711239638793,1.052460363008469,1.0111981962423193,Everton,38
Bukayo,Saka,Saka,Midfielder,ARS,18.979331506561742,22.88344043463415,100.0,100.0,,10.0,11.6,0.0,15.7,157,0,5.1,0.0,0.31,0.29,0.6,,627.0,847.6,828.0,230.6,0.0,7,10,12,16,25,0.0,0.0,0.0,0.0,0.0,0.0,2.7184622957122535,5.32423742370634,3.8315967705941762,3.496588305942234,3.608446710606739,3.9041089280724064,NEW(A),WHU(H),FUL(A),CRY(H),BUR(A),SUN(A),0.0,0.0,1.0385206957960817,1.0316257548390524,1.0385206957960817,1.0385262359175895,1.0881336264811785,1.052460363008469,Arsenal,38
Enzo,Fernández,Enzo,Midfielder,CHE,17.585102346737276,22.782594985390382,100.0,100.0,,6.5,12.3,0.0,24.2,157,1,4.4,0.0,0.33,0.21,0.54,,835.6,1063.2,747.0,264.6,90.0,10,5,8,46,35,7.0,7.0,1.0,2.0,4.0,0.0,4.486652100890595,3.5830398145956237,3.267343494550865,2.9746390869274437,3.273427849772749,5.197492638653105,BHA(H),LIV(H),NFO(A),SUN(H),TOT(A),WOL(H),7.0,7.0,0.9780471761839342,0.9210901427022543,1.0111928019049574,1.0737272005708411,1.0111928019049574,1.110121305916802,Chelsea,38
Marc,Cucurella Saseta,Cucurella,Defender,CHE,18.32366410821702,22.720588066385655,100.0,100.0,,6.1,14.6,0.0,17.0,104,1,3.1,0.0,0.08,0.11,0.19,,562.8,577.8,309.0,145.1,90.0,1,4,9,39,31,2.0,2.0,2.0,0.0,4.0,0.0,3.6625515577460686,3.9337567105020383,3.7467374995977702,3.8265627232931605,3.1540556170779825,4.396923958168635,BHA(H),LIV(H),NFO(A),SUN(H),TOT(A),WOL(H),2.0,2.0,0.9780471761839342,0.9210901427022543,1.0111928019049574,1.0737272005708411,1.0111928019049574,1.110121305916802,Chelsea,38
Marcus,Tavernier,Tavernier,Midfielder,BOU,18.28054065273296,22.28991036616963,100.0,100.0,,5.3,4.2,0.0,25.8,137,10,4.0,0.0,0.3,0.15,0.45,,656.8,816.6,605.0,207.9,90.0,7,4,11,44,31,6.0,6.0,1.0,3.0,2.0,0.0,4.793134544107552,2.910537862215705,3.360287465922291,3.544067566861388,3.672513213626023,4.009369713436671,LEE(A),FUL(H),CRY(A),NFO(H),MCI(A),AVL(A),6.0,6.0,1.045467296709635,1.0111981962423193,1.0111928019049574,1.045472873888674,0.8968475614707909,0.9977997168619978,Bournemouth,38
Ollie,Watkins,Watkins,Forward,AVL,18.81258252793684,22.269377514978377,100.0,100.0,,8.7,13.0,0.0,19.2,167,13,4.5,0.0,0.49,0.04,0.53,,720.2,330.9,1206.0,225.2,90.0,16,4,9,38,33,2.0,2.0,1.0,1.0,0.0,0.0,4.201218133154495,3.709463783960265,3.56827531580585,3.4366788099304375,3.8969464850857922,3.4567949870415364,FUL(H),BUR(H),TOT(A),MCI(H),LIV(A),BOU(H),2.0,2.0,1.0111981962423193,1.1325472438885735,1.0111928019049574,0.8968523458188399,0.9149650840122292,0.9911751304069054,Aston Villa,38
Phil,Foden,Foden,Midfielder,MCI,18.050357383896067,22.233156139924283,100.0,100.0,,8.0,7.8,0.0,16.4,131,2,4.0,0.0,0.26,0.21,0.47,,583.2,918.8,520.0,201.9,90.0,7,5,11,19,23,2.0,2.0,0.0,0.0,2.0,0.0,4.0421111755322245,3.111741374192651,3.6812806755158496,3.761617268693099,3.4536068899622436,4.182798756028215,BUR(H),BRE(A),EVE(H),AVL(A),BOU(H),LIV(H),2.0,2.0,1.1325472438885735,1.0179566082209277,1.0524659774929148,0.9977997168619978,0.9911751304069054,0.9210901427022543,Man City,38
Micky,van de Ven,Van de Ven,Defender,TOT,18.719586344737802,22.180680144093188,100.0,100.0,,4.4,17.6,0.0,26.4,116,6,3.3,0.0,0.08,0.01,0.09,,683.4,95.2,218.0,99.6,90.0,4,1,9,50,35,6.0,6.0,0.0,6.0,3.0,0.0,4.520359784191656,4.101802997615419,4.0239407713200155,3.2943279100060674,2.779154881604646,3.461093799355387,WOL(H),LEE(A),AVL(H),EVE(A),CHE(H),MUN(H),6.0,6.0,1.110121305916802,1.045467296709635,0.971548547839499,1.0179566082209277,0.9650930995904489,0.9334535843879661,Spurs,38
Zian,Flemming,Flemming,Forward,BUR,18.694752027897,22.137753144699488,100.0,100.0,,5.3,0.8,0.0,18.7,99,9,3.4,0.0,0.41,0.02,0.43,,466.0,159.5,533.0,114.9,84.0,11,0,3,35,21,4.0,4.285714285714286,0.0,3.0,1.0,0.0,3.332588923695056,3.927700898206677,3.9597982586096157,4.069703500345018,3.4049604470406334,3.4430011168024874,MCI(A),AVL(A),LEE(H),WOL(A),ARS(H),WHU(A),4.0,4.285714285714286,0.8968475614707909,0.9977997168619978,0.9978050397522342,1.1175408772327884,0.9210901427022543,1.0247656572203843,Burnley,38
Nico,O'Reilly,O'Reilly,Defender,MCI,18.661638577154676,22.008238134526547,100.0,100.0,,5.3,19.2,0.0,30.2,160,0,4.7,0.0,0.21,0.09,0.3,,653.8,413.9,573.0,164.1,0.0,5,4,14,25,29,0.0,0.0,0.0,0.0,0.0,0.0,3.233902034497858,5.778198716489119,3.501096331796487,3.2397769977935744,2.908664496577637,3.3465995573718694,BUR(H),BRE(A),EVE(H),AVL(A),BOU(H),LIV(H),0.0,0.0,1.1325472438885735,1.0179566082209277,1.0524659774929148,0.9977997168619978,0.9911751304069054,0.9210901427022543,Man City,38
Morgan,Rogers,Rogers,Midfielder,AVL,18.481621303126232,21.993068988159713,100.0,100.0,,7.3,20.2,0.0,23.2,169,0,4.6,0.0,0.19,0.12,0.31,,746.2,706.2,871.0,232.0,0.0,10,8,9,48,37,0.0,0.0,0.0,0.0,0.0,0.0,2.8164968537723594,6.072365654748901,3.292385980289638,3.2864044017286766,3.013968412586659,3.5114476850334815,FUL(H),BUR(H),TOT(A),MCI(H),LIV(A),BOU(H),0.0,0.0,1.0111981962423193,1.1325472438885735,1.0111928019049574,0.8968523458188399,0.9149650840122292,0.9911751304069054,Aston Villa,38
Jarrod,Bowen,Bowen,Forward,WHU,18.047336942705808,21.861597745785723,,,,7.8,17.5,0.0,24.0,187,12,4.9,0.0,0.19,0.14,0.33,,881.4,694.0,813.0,238.9,90.0,9,13,8,63,38,6.0,6.0,1.0,1.0,4.0,0.0,3.9810689087656117,3.603317026408514,3.71512832638579,3.2849778667690077,3.462844814376885,3.8142608030799146,EVE(A),ARS(A),BRE(H),LEE(A),NEW(H),BUR(H),6.0,6.0,1.0179566082209277,0.9334486047869694,0.9780471761839342,1.045467296709635,0.9586805445269106,1.1325472438885735,West Ham,38
Enzo,Le Fée,E.Le Fée,Midfielder,SUN,18.816258701219414,21.85133726697738,100.0,100.0,,4.8,1.6,0.0,30.6,147,5,4.1,0.0,0.16,0.18,0.34,,725.8,816.4,324.0,186.9,90.0,5,6,10,43,33,11.0,11.0,4.0,3.0,4.0,0.0,3.3545044456444404,3.331560301434304,4.05765028734073,4.20324346768428,3.8693001991156604,3.0350785657579666,NFO(A),MUN(A),WOL(H),CHE(A),EVE(H),ARS(H),11.0,11.0,1.0111928019049574,0.9210852290552671,1.110121305916802,0.9523055174497719,1.0524659774929148,0.9210901427022543,Sunderland,38
Thierno,Barry,Barry,Forward,EVE,18.22238005568424,21.77828206632681,,,,5.7,0.8,0.0,16.7,95,2,2.5,0.0,0.39,0.02,0.41,,341.0,207.7,501.0,102.5,83.0,8,0,7,34,21,4.0,4.337349397590361,0.0,2.0,2.0,0.0,3.813523788784681,3.4114895343660803,3.509016516171618,3.631072683377649,3.8572775329842113,3.5559020106425683,WHU(H),CRY(H),MCI(A),TOT(H),SUN(A),FUL(H),4.0,4.337349397590361,1.0316257548390524,1.0385262359175895,0.8968475614707909,1.0247711239638793,1.052460363008469,1.0111981962423193,Everton,38
Jordan,Pickford,Pickford,Goalkeeper,EVE,18.39024056950285,21.709122853349136,,,,5.6,13.0,0.0,24.1,135,2,3.6,0.0,0.0,0.01,0.01,,885.2,20.3,2.0,90.8,90.0,0,0,11,50,38,0.0,0.0,0.0,3.0,7.0,0.0,3.9860920197058904,3.986326037596639,3.455074136988418,3.7378788280054644,3.2248695472064397,3.318882283846284,WHU(H),CRY(H),MCI(A),TOT(H),SUN(A),FUL(H),0.0,0.0,1.0316257548390524,1.0385262359175895,0.8968475614707909,1.0247711239638793,1.052460363008469,1.0111981962423193,Everton,38
David,Raya Martín,Raya,Goalkeeper,ARS,17.714224901813445,21.666588131352835,,,,6.2,36.4,0.0,26.1,162,0,4.4,0.0,0.0,0.0,0.0,,541.6,33.5,0.0,57.5,0.0,0,0,19,26,37,0.0,0.0,0.0,0.0,0.0,0.0,2.0450737605637026,4.268696741074642,3.4804575805551417,4.199381596776274,3.720615222843685,3.952363229539391,NEW(A),WHU(H),FUL(A),CRY(H),BUR(A),SUN(A),0.0,0.0,1.0385206957960817,1.0316257548390524,1.0385206957960817,1.0385262359175895,1.0881336264811785,1.052460363008469,Arsenal,38
Malick,Thiaw,Thiaw,Defender,NEW,18.335749518273097,21.657444750030105,,,,4.9,4.7,0.0,25.7,126,1,3.6,0.0,0.15,0.03,0.18,,868.0,114.3,409.0,138.9,90.0,4,0,5,52,33,6.0,6.0,1.0,5.0,6.0,0.0,3.346910206314055,4.174929592240753,3.7884690070890277,3.577159779354885,3.4482809332743782,3.3216952317570083,ARS(H),NFO(H),BHA(A),FUL(H),WHU(A),BRE(A),6.0,6.0,0.9210901427022543,1.045472873888674,0.9780419586939864,1.0111981962423193,1.0247656572203843,1.0179566082209277,Newcastle,38
Brenden,Aaronson,Aaronson,Midfielder,LEE,17.81810840111159,21.569587109928566,75.0,100.0,,5.4,0.8,0.0,23.3,126,1,3.4,0.0,0.17,0.13,0.3,,482.8,486.7,498.0,146.7,90.0,4,8,9,32,30,6.0,6.0,1.0,1.0,4.0,0.0,3.9397489406979065,2.9109099519643666,4.435516905905431,3.3586066188571744,3.173325983686712,3.7514787088169754,BOU(H),TOT(H),BUR(A),WHU(H),BHA(A),NFO(A),6.0,6.0,0.9911751304069054,1.0247711239638793,1.0881336264811785,1.0316257548390524,0.9780419586939864,1.0111928019049574,Leeds,38
Declan,Rice,Rice,Midfielder,ARS,17.486445878767906,21.450826375137492,100.0,100.0,,7.2,23.3,0.0,25.6,184,0,5.1,0.0,0.09,0.21,0.3,,827.2,1027.4,298.0,215.4,0.0,4,9,18,25,35,0.0,0.0,0.0,0.0,0.0,0.0,2.895248435172723,4.950397646835468,2.8026794456909805,3.7300420642876997,3.1080782867810366,3.9643804963695852,NEW(A),WHU(H),FUL(A),CRY(H),BUR(A),SUN(A),0.0,0.0,1.0385206957960817,1.0316257548390524,1.0385206957960817,1.0385262359175895,1.0881336264811785,1.052460363008469,Arsenal,38
Pedro,Lomba Neto,Neto,Midfielder,CHE,18.029458088530774,21.342403497769276,100.0,100.0,,7.0,3.9,0.0,17.9,125,6,3.7,0.0,0.16,0.23,0.39,,523.0,836.2,505.0,186.7,64.0,5,7,11,33,30,2.0,2.8125,0.0,0.0,2.0,0.0,3.5960843542149874,3.8036151179140654,3.2296532077555042,4.35367596306322,3.046429445582997,3.3129454092385013,BHA(H),LIV(H),NFO(A),SUN(H),TOT(A),WOL(H),2.0,2.8125,0.9780471761839342,0.9210901427022543,1.0111928019049574,1.0737272005708411,1.0111928019049574,1.110121305916802,Chelsea,38
Viktor,Gyökeres,Gyökeres,Forward,ARS,15.821498143888913,21.29142675149744,100.0,100.0,,9.1,16.4,0.0,14.1,128,1,3.6,0.0,0.5,0.08,0.58,,539.6,271.7,772.0,157.5,7.0,14,1,12,14,26,2.0,25.714285714285715,0.0,0.0,2.0,0.0,2.805205201351662,3.3378442534651156,2.687653479159677,2.8455430228779766,4.145252187034484,5.469928607608527,NEW(A),WHU(H),FUL(A),CRY(H),BUR(A),SUN(A),2.0,25.714285714285715,1.0385206957960817,1.0316257548390524,1.0385206957960817,1.0385262359175895,1.0881336264811785,1.052460363008469,Arsenal,38
Anthony,Gordon,Gordon,Midfielder,NEW,18.178370904260493,21.212369551264505,100.0,100.0,,7.2,3.1,0.0,14.0,101,0,3.9,0.0,0.44,0.17,0.61,,393.8,404.2,514.0,130.9,0.0,6,4,8,30,24,0.0,0.0,0.0,0.0,0.0,0.0,2.979005921540477,4.170305311420078,3.494263797179858,4.257527851614953,3.2772680225051247,3.0339986470040126,ARS(H),NFO(H),BHA(A),FUL(H),WHU(A),BRE(A),0.0,0.0,0.9210901427022543,1.045472873888674,0.9780419586939864,1.0111981962423193,1.0247656572203843,1.0179566082209277,Newcastle,38
Marcos,Senesi Barón,Senesi,Defender,BOU,17.708256590145247,21.146085696058456,100.0,100.0,,5.2,22.0,0.0,33.7,175,2,4.7,0.0,0.04,0.13,0.17,,1114.4,367.8,201.0,168.6,90.0,0,6,11,53,37,7.0,7.0,2.0,5.0,5.0,0.0,4.303548751199345,3.8918847158204715,3.7303053731652085,3.3023510668812115,2.480166683079009,3.43782910591321,LEE(A),FUL(H),CRY(A),NFO(H),MCI(A),AVL(A),7.0,7.0,1.045467296709635,1.0111981962423193,1.0111928019049574,1.045472873888674,0.8968475614707909,0.9977997168619978,Bournemouth,38
Matheus,Santos Carneiro da Cunha,Cunha,Midfielder,MUN,17.434917075761227,21.121047129893515,100.0,100.0,,8.1,8.7,0.0,17.7,143,0,4.3,0.0,0.25,0.12,0.37,,675.8,545.4,801.0,202.5,0.0,10,4,8,35,29,0.0,0.0,0.0,0.0,0.0,0.0,2.410196654343647,5.535905994943493,3.1835997741461513,3.0398618222669844,3.265352830060952,3.6861300541322883,BRE(A),SUN(H),LIV(A),BHA(H),NFO(A),TOT(A),0.0,0.0,1.0179566082209277,1.0737272005708411,0.9149650840122292,0.9780471761839342,1.0111928019049574,1.0111928019049574,Man Utd,38
Amad,Diallo,Amad,Midfielder,MUN,17.48651765578032,21.11770584532802,100.0,100.0,,6.2,1.3,0.0,14.7,91,7,2.8,0.0,0.21,0.18,0.39,,436.6,596.1,600.0,163.5,90.0,2,5,6,33,27,10.0,10.0,1.0,2.0,7.0,0.0,3.9551453032882975,3.165833296931199,3.3749870945265346,3.295690672814671,3.69486128821962,3.6311881895477014,BRE(A),SUN(H),LIV(A),BHA(H),NFO(A),TOT(A),10.0,10.0,1.0179566082209277,1.0737272005708411,0.9149650840122292,0.9780471761839342,1.0111928019049574,1.0111928019049574,Man Utd,38
Bryan,Mbeumo,Mbeumo,Midfielder,MUN,16.440445483913134,21.095366301852252,100.0,100.0,,8.3,15.0,0.0,17.8,148,9,4.5,0.0,0.41,0.17,0.58,,628.8,803.1,882.0,231.4,73.0,11,3,8,37,31,3.0,3.6986301369863015,0.0,0.0,3.0,0.0,3.257856132091772,3.225558307570531,3.746328378842263,2.7984535327059064,3.4122491327026614,4.654920817939116,BRE(A),SUN(H),LIV(A),BHA(H),NFO(A),TOT(A),3.0,3.6986301369863015,1.0179566082209277,1.0737272005708411,0.9149650840122292,0.9780471761839342,1.0111928019049574,1.0111928019049574,Man Utd,38
Nick,Woltemade,Woltemade,Forward,NEW,17.254177211006276,20.956242537325128,100.0,100.0,,6.7,6.5,0.0,16.1,108,2,3.3,0.0,0.31,0.07,0.38,,447.2,314.4,425.0,117.5,77.0,8,4,8,29,24,1.0,1.168831168831169,1.0,0.0,0.0,0.0,3.441479193105323,3.413921968512435,3.2255033346076054,3.632003001965183,3.54126971281573,3.7020653263188534,ARS(H),NFO(H),BHA(A),FUL(H),WHU(A),BRE(A),1.0,1.168831168831169,0.9210901427022543,1.045472873888674,0.9780419586939864,1.0111981962423193,1.0247656572203843,1.0179566082209277,Newcastle,38
Jan Paul,van Hecke,Van Hecke,Defender,BHA,17.58746708787845,20.756369146029343,100.0,100.0,,4.7,10.7,0.0,31.5,148,1,4.1,0.0,0.09,0.04,0.13,,980.6,240.4,295.0,152.0,90.0,3,3,10,44,36,7.0,7.0,1.0,6.0,2.0,0.0,3.3543831500660484,4.837720205509754,3.489633953252621,2.850974581442371,3.0547551976076575,3.16890205815089,CHE(A),WOL(A),NEW(H),MUN(A),LEE(H),CRY(A),7.0,7.0,0.9523055174497719,1.1175408772327884,0.9586805445269106,0.9210852290552671,0.9978050397522342,1.0111928019049574,Brighton,38
Crysencio,Summerville,Summerville,Midfielder,WHU,17.402152316094295,20.756053162930822,100.0,100.0,,5.4,1.6,0.0,20.4,110,6,3.5,0.0,0.2,0.12,0.32,,445.8,460.9,546.0,145.0,90.0,5,4,8,42,29,7.0,7.0,4.0,0.0,3.0,0.0,3.7841137751427802,3.655506919814158,3.2389914692378237,3.6314235238596475,3.092116628039885,3.3539008468365283,EVE(A),ARS(A),BRE(H),LEE(A),NEW(H),BUR(H),7.0,7.0,1.0179566082209277,0.9334486047869694,0.9780471761839342,1.045467296709635,0.9586805445269106,1.1325472438885735,West Ham,38
Dean,Henderson,Henderson,Goalkeeper,CRY,17.730898113220597,20.628102838764313,,,,5.1,9.0,0.0,25.7,131,2,3.5,0.0,0.0,0.0,0.0,,837.8,10.0,0.0,84.7,90.0,0,0,11,51,37,0.0,0.0,0.0,0.0,11.0,0.0,3.5033414438341097,4.161018554048654,4.068056366656371,3.0562819346561496,2.9421998140253116,2.8972047255437174,LIV(H),EVE(A),BOU(H),ARS(A),BRE(H),BHA(H),0.0,0.0,0.9210901427022543,1.0179566082209277,0.9911751304069054,0.9334486047869694,0.9780471761839342,0.9780471761839342,Crystal Palace,38
James,Tarkowski,Tarkowski,Defender,EVE,16.79022629717227,20.61452684215967,100.0,100.0,,5.8,12.6,0.0,29.3,170,3,4.6,0.0,0.07,0.06,0.13,,995.6,235.6,422.0,165.7,90.0,2,3,11,48,37,10.0,10.0,1.0,9.0,2.0,2.0,3.904564887945384,3.8201944618082595,2.8183957992877198,3.294681515246612,2.952389632884295,3.8243005449873966,WHU(H),CRY(H),MCI(A),TOT(H),SUN(A),FUL(H),10.0,10.0,1.0316257548390524,1.0385262359175895,0.8968475614707909,1.0247711239638793,1.052460363008469,1.0111981962423193,Everton,38
Pedro,Porro Sauceda,Pedro Porro,Defender,TOT,17.519605578270745,20.585897342756844,100.0,100.0,,5.2,11.7,0.0,22.5,117,10,3.4,0.0,0.03,0.14,0.17,,690.2,881.7,202.0,177.5,90.0,1,3,9,40,32,11.0,11.0,5.0,6.0,3.0,2.0,4.332591984135685,3.5942506528712928,3.2429792597006384,3.377516539690345,2.9722671418727855,3.066291764486097,WOL(H),LEE(A),AVL(H),EVE(A),CHE(H),MUN(H),11.0,11.0,1.110121305916802,1.045467296709635,0.971548547839499,1.0179566082209277,0.9650930995904489,0.9334535843879661,Spurs,38
Robert,Lynch Sánchez,Sánchez,Goalkeeper,CHE,17.19384140153606,20.439692439526162,100.0,100.0,,4.8,10.3,0.0,23.5,113,2,3.2,0.0,0.0,0.0,0.0,,822.2,50.0,0.0,86.7,90.0,0,1,9,49,35,0.0,0.0,0.0,0.0,14.0,0.0,3.54233811943557,3.516260362411711,3.612808671860221,3.738813537716919,2.7836207101116366,3.245851037990104,BHA(H),LIV(H),NFO(A),SUN(H),TOT(A),WOL(H),0.0,0.0,0.9780471761839342,0.9210901427022543,1.0111928019049574,1.0737272005708411,1.0111928019049574,1.110121305916802,Chelsea,38
Mateus,Mané,Mané,Forward,WOL,18.12592314811553,20.392843039226523,,,,4.2,1.4,0.0,17.6,74,2,2.7,0.0,0.1,0.19,0.29,,328.2,489.6,283.0,109.5,90.0,3,2,5,30,19,8.0,8.0,1.0,2.0,5.0,0.0,3.542516203638325,3.4462573935974534,3.3041319473481936,4.498838968353756,3.334178635177801,2.2669198911109945,TOT(A),BHA(H),SUN(A),BUR(H),FUL(A),CHE(A),8.0,8.0,1.0111928019049574,0.9780471761839342,1.052460363008469,1.1325472438885735,1.0385206957960817,0.9523055174497719,Wolves,38
Eberechi,Eze,Eze,Midfielder,ARS,17.021144383790357,20.35166717185755,100.0,100.0,,7.3,8.7,0.0,15.5,113,1,3.4,0.0,0.25,0.13,0.38,,393.4,305.7,455.0,115.1,15.0,7,3,11,14,22,3.0,18.0,1.0,1.0,1.0,0.0,3.451832617815974,3.811364935560264,2.8157075841435084,3.3008632378299496,3.6413760084406612,3.330522788067193,NEW(A),WHU(H),FUL(A),CRY(H),BUR(A),SUN(A),3.0,18.0,1.0385206957960817,1.0316257548390524,1.0385206957960817,1.0385262359175895,1.0881336264811785,1.052460363008469,Arsenal,38
Junior,Kroupi,Kroupi.Jr,Forward,BOU,17.184489712965217,20.344580953318083,100.0,100.0,,4.7,7.6,0.0,24.0,113,2,3.4,0.0,0.45,0.08,0.53,,532.2,306.9,563.0,139.9,72.0,13,0,10,21,21,3.0,3.75,0.0,1.0,2.0,0.0,3.612487736633453,2.8246135711898543,3.2920764277349788,4.0870515877570295,3.3682603896499015,3.160091240352865,LEE(A),FUL(H),CRY(A),NFO(H),MCI(A),AVL(A),3.0,3.75,1.045467296709635,1.0111981962423193,1.0111928019049574,1.045472873888674,0.8968475614707909,0.9977997168619978,Bournemouth,38
Harry,Wilson,Wilson,Midfielder,FUL,16.653270187039855,20.278578915498247,100.0,100.0,,5.8,17.4,0.0,29.0,168,4,4.7,0.0,0.2,0.16,0.36,,707.2,661.1,601.0,196.9,18.0,10,9,9,38,32,1.0,5.0,1.0,0.0,0.0,0.0,3.1301700124111314,3.6806788516764635,2.7464228505705868,3.704216079745409,3.391782392636264,3.6253087284583927,AVL(A),BOU(A),ARS(H),NEW(A),WOL(H),EVE(A),1.0,5.0,0.9977997168619978,0.9586754303501859,0.9210901427022543,1.0385206957960817,1.110121305916802,1.0179566082209277,Fulham,38
Florian,Wirtz,Wirtz,Midfielder,LIV,17.598471825447046,20.260271389595594,100.0,100.0,,8.3,8.5,0.0,15.1,125,1,3.8,0.0,0.26,0.19,0.45,,526.4,908.2,665.0,210.0,17.0,5,4,10,32,27,6.0,31.764705882352942,1.0,1.0,4.0,0.0,4.25116078836369,3.4509899971749807,2.497769620123196,4.496133477883321,2.9024179419018568,2.661799564148547,CRY(A),CHE(A),MUN(H),BRE(A),AVL(H),MCI(A),6.0,31.764705882352942,1.0111928019049574,0.9523055174497719,0.9334535843879661,1.0179566082209277,0.971548547839499,0.8968475614707909,Liverpool,38
Valentín,Castellanos,Taty,Forward,WHU,17.31584575295395,20.20099162155537,,,,5.5,0.3,0.0,11.1,61,8,3.4,0.0,0.37,0.05,0.42,,280.6,175.5,595.0,103.9,87.0,6,1,9,16,17,4.0,4.137931034482759,0.0,2.0,2.0,0.0,3.047750111360188,3.2333759973273937,3.888925640718001,3.7667387074360055,3.3790552961123614,2.8851458686014193,EVE(A),ARS(A),BRE(H),LEE(A),NEW(H),BUR(H),4.0,4.137931034482759,1.0179566082209277,0.9334486047869694,0.9780471761839342,1.045467296709635,0.9586805445269106,1.1325472438885735,West Ham,38
Lukas,Nmecha,Nmecha,Forward,LEE,16.37494918100446,20.195279037205573,100.0,100.0,,5.0,0.5,0.0,14.6,73,2,2.4,0.0,0.61,0.13,0.74,,290.4,153.5,434.0,87.8,90.0,6,1,3,23,10,5.0,5.0,1.0,0.0,4.0,0.0,3.5874132804114724,3.2470485256553108,3.178770606362335,3.444557074158283,2.9171596944170584,3.820329856201113,BOU(H),TOT(H),BUR(A),WHU(H),BHA(A),NFO(A),5.0,5.0,0.9911751304069054,1.0247711239638793,1.0881336264811785,1.0316257548390524,0.9780419586939864,1.0111928019049574,Leeds,38
William,Osula,Osula,Forward,NEW,16.732632340044205,20.192775662945532,100.0,100.0,,5.5,2.1,0.0,13.8,76,2,3.2,0.0,0.48,0.07,0.55,,256.6,82.6,284.0,62.2,65.0,7,1,2,14,8,2.0,2.769230769230769,1.0,0.0,1.0,0.0,3.198555473234231,3.4392149966561045,2.9667896871452006,3.639690221867686,3.488381961140984,3.460143322901328,ARS(H),NFO(H),BHA(A),FUL(H),WHU(A),BRE(A),2.0,2.769230769230769,0.9210901427022543,1.045472873888674,0.9780419586939864,1.0111981962423193,1.0247656572203843,1.0179566082209277,Newcastle,38
Rúben,dos Santos Gato Alves Dias,Rúben,Defender,MCI,17.751957451605485,20.05880247619175,100.0,100.0,,5.5,3.1,0.0,20.5,113,1,4.3,0.0,0.02,0.03,0.05,,560.8,152.2,96.0,81.0,90.0,2,0,12,22,24,3.0,3.0,0.0,3.0,3.0,0.0,4.9157862382362625,3.727476536753789,3.738968653073861,2.574203494116737,2.795522529424833,2.3068450245862646,BUR(H),BRE(A),EVE(H),AVL(A),BOU(H),LIV(H),3.0,3.0,1.1325472438885735,1.0179566082209277,1.0524659774929148,0.9977997168619978,0.9911751304069054,0.9210901427022543,Man City,38
Caoimhín,Kelleher,Kelleher,Goalkeeper,BRE,16.495477760831157,20.024259375171585,100.0,100.0,,4.8,12.0,0.0,29.8,143,6,3.9,0.0,0.0,0.01,0.01,,913.8,23.0,0.0,93.8,90.0,0,0,10,49,37,0.0,0.0,0.0,3.0,10.0,0.0,3.5823450672184136,3.241552202335336,3.805400793906139,3.0819378099405217,2.7842418874307464,3.5287816143404283,MUN(H),MCI(H),WHU(A),LIV(H),CRY(A),NEW(H),0.0,0.0,0.9334535843879661,0.8968523458188399,1.0247656572203843,0.9210901427022543,1.0111928019049574,0.9586805445269106,Brentford,38
Morgan,Gibbs-White,Gibbs-White,Midfielder,NFO,16.175764887213536,20.01250703225422,100.0,100.0,,7.6,9.2,0.0,24.7,188,9,5.1,0.0,0.31,0.08,0.39,,843.8,747.7,836.0,242.5,90.0,15,4,10,45,35,3.0,3.0,0.0,0.0,3.0,0.0,3.8337362923633522,3.019030209775625,2.975640114496957,2.897640358428348,3.4497179121492527,3.8367421450406853,SUN(H),NEW(A),CHE(H),BOU(A),MUN(H),LEE(H),3.0,3.0,1.0737272005708411,1.0385206957960817,0.9650930995904489,0.9586754303501859,0.9334535843879661,0.9978050397522342,Nott'm Forest,38
Pascal,Struijk,Struijk,Defender,LEE,16.589606578947915,19.942782661640962,75.0,100.0,,4.2,1.9,0.0,25.7,108,1,3.2,0.0,0.09,0.02,0.11,,697.4,161.5,272.0,113.1,90.0,0,1,7,48,33,6.0,6.0,2.0,4.0,2.0,0.0,3.359708797039677,3.768078262439806,3.763597305586343,2.8690429092539222,2.829179304628168,3.3531760826930457,BOU(H),TOT(H),BUR(A),WHU(H),BHA(A),NFO(A),6.0,6.0,0.9911751304069054,1.0247711239638793,1.0881336264811785,1.0316257548390524,0.9780419586939864,1.0111928019049574,Leeds,38
Mikel,Merino Zazón,Merino,Midfielder,ARS,16.425547371065136,19.91923446262497,75.0,100.0,,5.3,0.7,0.0,12.6,67,1,3.0,0.0,0.3,0.13,0.43,,304.4,191.8,244.0,73.6,28.0,4,3,4,10,10,2.0,6.428571428571429,0.0,0.0,2.0,0.0,3.6108784989755542,3.7629198721124895,3.043795029189339,3.152642211731854,2.8553117590558976,3.4936870915598344,NEW(A),WHU(H),FUL(A),CRY(H),BUR(A),SUN(A),2.0,6.428571428571429,1.0385206957960817,1.0316257548390524,1.0385206957960817,1.0385262359175895,1.0881336264811785,1.052460363008469,Arsenal,38
Carlos Henrique,Casimiro,Casemiro,Midfielder,MUN,16.252990385621704,19.751102071193728,0.0,100.0,,5.8,3.8,0.0,28.4,165,0,4.9,0.0,0.19,0.11,0.3,,903.6,536.1,585.0,202.8,0.0,9,4,9,32,33,0.0,0.0,0.0,0.0,0.0,0.0,2.601316189844919,4.504632447661572,2.6672692855652214,3.2316889845810346,3.248083477968958,3.4981116855720233,BRE(A),SUN(H),LIV(A),BHA(H),NFO(A),TOT(A),0.0,0.0,1.0179566082209277,1.0737272005708411,0.9149650840122292,0.9780471761839342,1.0111928019049574,1.0111928019049574,Man Utd,38
Dango,Ouattara,O.Dango,Midfielder,BRE,16.52811194590117,19.74506118073351,100.0,100.0,,5.6,1.6,0.0,24.3,136,2,4.2,0.0,0.31,0.16,0.47,,509.8,422.8,702.0,162.8,90.0,7,8,6,35,25,7.0,7.0,1.0,4.0,2.0,0.0,3.454631809144818,3.3204476190070724,3.0928167672638773,3.0736016351721194,3.5866141153132847,3.216949234832342,MUN(H),MCI(H),WHU(A),LIV(H),CRY(A),NEW(H),7.0,7.0,0.9334535843879661,0.8968523458188399,1.0247656572203843,0.9210901427022543,1.0111928019049574,0.9586805445269106,Brentford,38
Elliot,Anderson,Anderson,Midfielder,NFO,16.139097733343373,19.72128463803093,100.0,100.0,,5.7,9.4,0.0,31.6,180,2,4.7,0.0,0.08,0.13,0.21,,915.2,961.5,310.0,219.0,64.0,4,5,10,50,37,9.0,12.65625,3.0,2.0,4.0,0.0,3.758236741828679,3.745479255557559,2.8981160944769724,2.9258367724232097,2.811428869056952,3.582186904687558,SUN(H),NEW(A),CHE(H),BOU(A),MUN(H),LEE(H),9.0,12.65625,1.0737272005708411,1.0385206957960817,0.9650930995904489,0.9586754303501859,0.9334535843879661,0.9978050397522342,Nott'm Forest,38
Felipe,Rodrigues da Silva,Morato,Defender,NFO,16.878373782245735,19.66337325328228,,,,4.3,0.1,0.0,12.3,53,4,2.5,0.0,0.09,0.01,0.1,,371.2,37.6,96.0,50.5,90.0,1,0,2,23,14,12.0,12.0,1.0,11.0,1.0,2.0,3.688353690363302,4.147674435313627,3.4942699952939433,2.8983318153856104,2.6497438458892515,2.7849994710365467,SUN(H),NEW(A),CHE(H),BOU(A),MUN(H),LEE(H),12.0,12.0,1.0737272005708411,1.0385206957960817,0.9650930995904489,0.9586754303501859,0.9334535843879661,0.9978050397522342,Nott'm Forest,38
Bruno,Guimarães Rodriguez Moura,Bruno G.,Midfielder,NEW,16.111271811234136,19.582341172028507,100.0,100.0,,6.9,6.5,0.0,22.3,154,1,5.3,0.0,0.2,0.18,0.38,,782.4,756.7,488.0,202.9,65.0,9,7,6,37,27,4.0,5.538461538461538,0.0,0.0,4.0,0.0,3.1810053344618257,3.817665514694836,2.549760093567629,3.1888131791454777,3.3740276893643695,3.47106936079437,ARS(H),NFO(H),BHA(A),FUL(H),WHU(A),BRE(A),4.0,5.538461538461538,0.9210901427022543,1.045472873888674,0.9780419586939864,1.0111981962423193,1.0247656572203843,1.0179566082209277,Newcastle,38
Bart,Verbruggen,Verbruggen,Goalkeeper,BHA,16.79794683571489,19.575777197370424,,,,4.6,9.3,0.0,28.3,130,2,3.4,0.0,0.0,0.0,0.0,,935.0,10.0,0.0,94.7,90.0,0,0,10,46,38,0.0,0.0,0.0,1.0,10.0,0.0,3.2546051453324383,4.352207370567765,3.3542303779008336,2.8695797684560382,2.967324173457815,2.7778303616555364,CHE(A),WOL(A),NEW(H),MUN(A),LEE(H),CRY(A),0.0,0.0,0.9523055174497719,1.1175408772327884,0.9586805445269106,0.9210852290552671,0.9978050397522342,1.0111928019049574,Brighton,38
Mohamed,Salah,M.Salah,Midfielder,LIV,16.049661559508582,19.570143759596544,100.0,100.0,,14.0,15.2,0.0,8.8,123,6,4.6,0.0,0.35,0.23,0.58,,524.8,740.7,805.0,207.1,73.0,7,7,7,35,23,8.0,9.863013698630137,1.0,0.0,7.0,0.0,3.6900388049742285,3.0882847606030044,3.0155413045950947,3.302963735813294,2.952832953522962,3.5204822000879616,CRY(A),CHE(A),MUN(H),BRE(A),AVL(H),MCI(A),8.0,9.863013698630137,1.0111928019049574,0.9523055174497719,0.9334535843879661,1.0179566082209277,0.971548547839499,0.8968475614707909,Liverpool,38
Chris,Wood,Wood,Forward,NFO,16.435913264482878,19.530030801895784,100.0,100.0,,7.1,4.7,0.0,5.8,41,2,2.7,0.0,0.43,0.03,0.46,,139.0,88.4,266.0,48.0,61.0,3,0,2,14,11,3.0,4.426229508196721,0.0,1.0,2.0,0.0,3.3027751260505833,2.7585169606742284,3.52471036503758,3.8673414570341804,2.982569355686306,3.094117537412904,SUN(H),NEW(A),CHE(H),BOU(A),MUN(H),LEE(H),3.0,4.426229508196721,1.0737272005708411,1.0385206957960817,0.9650930995904489,0.9586754303501859,0.9334535843879661,0.9978050397522342,Nott'm Forest,38
Richarlison,de Andrade,Richarlison,Forward,TOT,16.011813845252735,19.491804953988034,100.0,100.0,,6.5,8.7,0.0,18.3,119,2,3.7,0.0,0.4,0.07,0.47,,602.6,239.6,815.0,165.2,72.0,11,4,7,27,20,4.0,5.0,0.0,2.0,2.0,0.0,3.4488293200495717,3.2169715044751332,3.211372654879887,3.1358546305719375,2.9987857352762046,3.4799911087352986,WOL(H),LEE(A),AVL(H),EVE(A),CHE(H),MUN(H),4.0,5.0,1.110121305916802,1.045467296709635,0.971548547839499,1.0179566082209277,0.9650930995904489,0.9334535843879661,Spurs,38
Gabriel,Martinelli Silva,Martinelli,Midfielder,ARS,16.862284480428826,19.47416433610118,100.0,100.0,,6.8,0.9,0.0,8.4,57,7,1.9,0.0,0.35,0.11,0.46,,204.6,202.2,390.0,79.0,90.0,1,5,2,8,11,4.0,4.0,0.0,0.0,4.0,0.0,3.4158291929301536,3.39648854013065,3.412874125242114,3.3549727543948613,3.2821198677310486,2.6118798556723535,NEW(A),WHU(H),FUL(A),CRY(H),BUR(A),SUN(A),4.0,4.0,1.0385206957960817,1.0316257548390524,1.0385206957960817,1.0385262359175895,1.0881336264811785,1.052460363008469,Arsenal,38
Luke,O'Nien,O'Nien,Defender,SUN,16.92634602581658,19.44493598492187,100.0,100.0,,4.0,0.1,0.0,6.5,26,6,2.2,0.0,0.02,0.02,0.04,,103.0,27.6,40.0,17.1,90.0,0,1,2,7,5,4.0,4.0,1.0,3.0,1.0,0.0,4.255178796495771,3.3607255137746916,3.328992238605251,2.8443197572649774,3.1371297196758907,2.5185899591052876,NFO(A),MUN(A),WOL(H),CHE(A),EVE(H),ARS(H),4.0,4.0,1.0111928019049574,0.9210852290552671,1.110121305916802,0.9523055174497719,1.0524659774929148,0.9210901427022543,Sunderland,38
William,Saliba,Saliba,Defender,ARS,15.420616329370452,19.390362388154433,100.0,100.0,,6.3,17.1,0.0,21.7,137,0,4.4,0.0,0.03,0.04,0.07,,552.6,201.0,90.0,84.3,0.0,1,0,15,20,30,0.0,0.0,0.0,0.0,0.0,0.0,2.372551304474807,3.8869915231351864,2.766892735829683,3.4094350962679805,2.9847456696627948,3.969746058783981,NEW(A),WHU(H),FUL(A),CRY(H),BUR(A),SUN(A),0.0,0.0,1.0385206957960817,1.0316257548390524,1.0385206957960817,1.0385262359175895,1.0881336264811785,1.052460363008469,Arsenal,38
Riccardo,Calafiori,Calafiori,Defender,ARS,16.507388776298765,19.366850390022606,100.0,100.0,,5.6,6.0,0.0,19.5,109,1,4.2,0.0,0.18,0.04,0.22,,283.0,182.3,313.0,77.9,45.0,1,2,13,8,22,0.0,0.0,0.0,0.0,2.0,0.0,3.3443784058761645,3.36047912396203,3.469548301984222,3.3382153694389354,2.994767575037411,2.85946161372384,NEW(A),WHU(H),FUL(A),CRY(H),BUR(A),SUN(A),0.0,0.0,1.0385206957960817,1.0316257548390524,1.0385206957960817,1.0385262359175895,1.0881336264811785,1.052460363008469,Arsenal,38
Brian,Brobbey,Brobbey,Forward,SUN,16.760141731832572,19.318078135410012,100.0,100.0,,5.3,0.9,0.0,17.4,92,5,3.0,0.0,0.28,0.03,0.31,,333.4,200.5,552.0,106.7,60.0,7,2,6,30,22,2.0,3.0,0.0,1.0,1.0,0.0,3.10195995682441,3.7210797331627945,3.421542994795191,3.343486915806452,3.1720721312437266,2.5579364035774406,NFO(A),MUN(A),WOL(H),CHE(A),EVE(H),ARS(H),2.0,3.0,1.0111928019049574,0.9210852290552671,1.110121305916802,0.9523055174497719,1.0524659774929148,0.9210901427022543,Sunderland,38
Cody,Gakpo,Gakpo,Midfielder,LIV,15.802772210182884,19.25339318680939,100.0,100.0,,7.3,5.6,0.0,17.9,131,2,3.6,0.0,0.27,0.15,0.42,,540.4,714.7,831.0,208.4,90.0,7,5,10,39,32,4.0,4.0,0.0,1.0,3.0,0.0,3.975466583648676,3.238139719543935,2.5645332225885817,2.9048843837482767,3.1197483006534155,3.4506209766265066,CRY(A),CHE(A),MUN(H),BRE(A),AVL(H),MCI(A),4.0,4.0,1.0111928019049574,0.9523055174497719,0.9334535843879661,1.0179566082209277,0.971548547839499,0.8968475614707909,Liverpool,38
Adrien,Truffert,Truffert,Defender,BOU,17.000119902432655,19.24880369262704,,,,4.8,5.3,0.0,34.4,165,6,4.3,0.0,0.04,0.08,0.12,,857.0,574.2,194.0,162.6,90.0,1,6,11,51,38,9.0,9.0,7.0,2.0,5.0,0.0,3.9217165551149282,3.547860644188969,3.0331273714423035,3.809936554197147,2.687478777489307,2.248683790194384,LEE(A),FUL(H),CRY(A),NFO(H),MCI(A),AVL(A),9.0,9.0,1.045467296709635,1.0111981962423193,1.0111928019049574,1.045472873888674,0.8968475614707909,0.9977997168619978,Bournemouth,38
Mads,Hermansen,Hermansen,Goalkeeper,WHU,15.683637685986245,19.150307412153914,,,,4.2,1.0,0.0,18.1,76,7,4.2,0.0,0.0,0.0,0.0,,422.0,20.0,0.0,44.2,90.0,0,1,7,28,18,0.0,0.0,0.0,0.0,12.0,0.0,2.981091445815608,3.7873826755108477,3.2023130885690474,2.810534061392084,2.9023164146986558,3.46666972616767,EVE(A),ARS(A),BRE(H),LEE(A),NEW(H),BUR(H),0.0,0.0,1.0179566082209277,0.9334486047869694,0.9780471761839342,1.045467296709635,0.9586805445269106,1.1325472438885735,West Ham,38
Tijjani,Reijnders,Reijnders,Midfielder,MCI,16.980742176301774,19.124149410866142,,,,5.0,8.9,0.0,18.4,92,5,3.3,0.0,0.26,0.13,0.39,,340.0,347.8,435.0,111.2,76.0,5,3,7,18,19,0.0,0.0,0.0,0.0,0.0,0.0,3.6411843356556504,3.8587815783580424,3.0037251164688907,3.2653798799833913,3.2116712658358013,2.143407234564367,BUR(H),BRE(A),EVE(H),AVL(A),BOU(H),LIV(H),0.0,0.0,1.1325472438885735,1.0179566082209277,1.0524659774929148,0.9977997168619978,0.9911751304069054,0.9210901427022543,Man City,38
Bernd,Leno,Leno,Goalkeeper,FUL,15.669918475985899,19.089970920670172,,,,5.0,2.3,0.0,24.4,122,6,3.2,0.0,0.0,0.0,0.0,,816.2,0.0,0.0,81.5,90.0,0,0,9,51,38,0.0,0.0,0.0,0.0,11.0,0.0,3.0174430123346125,3.741611862084099,2.9771751657196637,2.57423526787852,3.3594531679690043,3.4200524446842726,AVL(A),BOU(A),ARS(H),NEW(A),WOL(H),EVE(A),0.0,0.0,0.9977997168619978,0.9586754303501859,0.9210901427022543,1.0385206957960817,1.110121305916802,1.0179566082209277,Fulham,38
Francisco Evanilson,de Lima Barbosa,Evanilson,Forward,BOU,16.259266819963067,19.058588893019014,100.0,100.0,,6.6,2.4,0.0,17.4,115,2,3.2,0.0,0.35,0.05,0.4,,350.6,397.9,809.0,155.5,72.0,6,7,11,40,32,7.0,8.75,1.0,2.0,4.0,0.0,3.4907356036019346,3.218274052044728,2.8459873323403166,3.55227049812363,3.151999333852457,2.7993220730559454,LEE(A),FUL(H),CRY(A),NFO(H),MCI(A),AVL(A),7.0,8.75,1.045467296709635,1.0111981962423193,1.0111928019049574,1.045472873888674,0.8968475614707909,0.9977997168619978,Bournemouth,38
Axel,Disasi,Disasi,Defender,WHU,15.573460855721084,19.055022029944723,,,,4.5,0.2,0.0,10.9,49,6,3.5,0.0,0.08,0.0,0.08,,220.8,19.9,84.0,32.4,90.0,0,0,6,17,14,2.0,2.0,0.0,2.0,3.0,0.0,2.9202697282842793,3.6687211138045734,3.2528469542502734,2.893124798354617,2.838498261027341,3.4815611742236383,EVE(A),ARS(A),BRE(H),LEE(A),NEW(H),BUR(H),2.0,2.0,1.0179566082209277,0.9334486047869694,0.9780471761839342,1.045467296709635,0.9586805445269106,1.1325472438885735,West Ham,38
James,Hill,Hill,Defender,BOU,16.199990021433646,19.041139020992926,,,,4.2,7.4,0.0,26.2,110,3,3.8,0.0,0.04,0.05,0.09,,579.4,161.7,119.0,86.3,90.0,0,3,8,24,22,10.0,10.0,0.0,10.0,2.0,2.0,3.9473675242132216,3.1547103596972543,3.0104474044349128,3.513594736388558,2.5738699966996994,2.8411489995592816,LEE(A),FUL(H),CRY(A),NFO(H),MCI(A),AVL(A),10.0,10.0,1.045467296709635,1.0111981962423193,1.0111928019049574,1.045472873888674,0.8968475614707909,0.9977997168619978,Bournemouth,38
Robin,Roefs,Roefs,Goalkeeper,SUN,15.923266175854819,19.0299979121039,100.0,100.0,,4.8,8.0,0.0,28.3,136,2,3.9,0.0,0.0,0.0,0.0,,881.6,50.0,0.0,93.1,90.0,0,0,10,46,35,0.0,0.0,0.0,0.0,6.0,0.0,3.7575861889045026,2.9396824532644548,3.6729104376332855,2.6236964009269013,2.9293906951256736,3.106731736249084,NFO(A),MUN(A),WOL(H),CHE(A),EVE(H),ARS(H),0.0,0.0,1.0111928019049574,0.9210852290552671,1.110121305916802,0.9523055174497719,1.0524659774929148,0.9210901427022543,Sunderland,38
Karl,Darlow,Darlow,Goalkeeper,LEE,15.976709256257353,18.94892980902693,,,,4.0,6.9,0.0,17.8,71,2,3.2,0.0,0.0,0.0,0.0,,531.4,0.0,0.0,53.4,90.0,0,0,5,27,22,0.0,0.0,0.0,0.0,10.0,0.0,3.3724602281714304,2.984175767808507,3.9338606652976478,2.9852794361022297,2.7009331588775383,2.9722205527695755,BOU(H),TOT(H),BUR(A),WHU(H),BHA(A),NFO(A),0.0,0.0,0.9911751304069054,1.0247711239638793,1.0881336264811785,1.0316257548390524,0.9780419586939864,1.0111928019049574,Leeds,38
Kai,Havertz,Havertz,Forward,ARS,15.47803510632906,18.918206657326916,100.0,100.0,,7.3,0.7,0.0,4.9,36,4,3.0,0.0,0.52,0.1,0.62,,152.6,134.6,210.0,49.9,45.0,2,3,4,4,7,3.0,6.0,1.0,2.0,0.0,0.0,3.6323862579143253,3.302160734060218,2.9754726640221465,2.6229900774469,2.9450253728854694,3.440171550997857,NEW(A),WHU(H),FUL(A),CRY(H),BUR(A),SUN(A),3.0,6.0,1.0385206957960817,1.0316257548390524,1.0385206957960817,1.0385262359175895,1.0881336264811785,1.052460363008469,Arsenal,38
Norberto Bercique,Gomes Betuncal,Beto,Forward,EVE,15.304701060502644,18.90695498824357,100.0,100.0,,5.1,3.3,0.0,20.4,104,1,2.8,0.0,0.52,0.01,0.53,,445.8,159.8,655.0,124.5,6.0,9,1,5,19,17,0.0,0.0,0.0,0.0,0.0,0.0,2.5495470369704303,3.8016408384780473,3.0714207071045707,3.281377774532814,2.6007147034167826,3.602253927740925,WHU(H),CRY(H),MCI(A),TOT(H),SUN(A),FUL(H),0.0,0.0,1.0316257548390524,1.0385262359175895,0.8968475614707909,1.0247711239638793,1.052460363008469,1.0111981962423193,Everton,38
Jørgen,Strand Larsen,Strand Larsen,Forward,CRY,15.884091209186412,18.900743576767486,100.0,100.0,,5.8,1.4,0.0,12.9,75,2,2.1,0.0,0.21,0.04,0.25,,265.2,203.1,469.0,91.5,76.0,4,1,5,41,26,3.0,3.5526315789473686,0.0,1.0,2.0,0.0,2.7429057920381354,3.300725714483438,3.3098112149205496,3.649795163901537,2.880853323842752,3.016652367581075,LIV(H),EVE(A),BOU(H),ARS(A),BRE(H),BHA(H),3.0,3.5526315789473686,0.9210901427022543,1.0179566082209277,0.9911751304069054,0.9334486047869694,0.9780471761839342,0.9780471761839342,Crystal Palace,38
Adam,Smith,Smith,Defender,BOU,15.712585974769267,18.852064845459395,100.0,100.0,,4.4,0.2,0.0,13.2,58,2,2.6,0.0,0.0,0.02,0.02,,176.2,76.6,18.0,27.1,89.0,0,2,6,16,14,6.0,6.067415730337078,1.0,5.0,3.0,0.0,3.7389088695248587,3.319337278006961,3.066802490449953,3.0621406928888106,2.5253966438986826,3.1394788706901275,LEE(A),FUL(H),CRY(A),NFO(H),MCI(A),AVL(A),6.0,6.067415730337078,1.045467296709635,1.0111981962423193,1.0111928019049574,1.045472873888674,0.8968475614707909,0.9977997168619978,Bournemouth,38
Cristhian,Mosquera,Mosquera,Defender,ARS,16.408509581108923,18.827875657827317,100.0,100.0,,5.3,0.3,0.0,7.5,40,4,2.0,0.0,0.01,0.06,0.07,,219.2,88.7,20.0,32.9,90.0,0,0,3,8,9,10.0,10.0,1.0,9.0,1.0,2.0,3.3539831186039515,3.2313459802719144,3.0743963474694396,3.7591447525637207,2.9896393821998966,2.419366076718392,NEW(A),WHU(H),FUL(A),CRY(H),BUR(A),SUN(A),10.0,10.0,1.0385206957960817,1.0316257548390524,1.0385206957960817,1.0385262359175895,1.0881336264811785,1.052460363008469,Arsenal,38
Calvin,Bassey,Bassey,Defender,FUL,15.508873616825046,18.82196345970401,100.0,100.0,,4.4,0.8,0.0,23.4,103,6,3.4,0.0,0.06,0.01,0.07,,574.0,152.2,115.0,84.5,90.0,1,1,7,40,28,6.0,6.0,2.0,4.0,5.0,0.0,3.607230790786718,2.9841017206106106,3.188288818875169,2.4650609170231332,3.2641913695294127,3.3130898428789646,AVL(A),BOU(A),ARS(H),NEW(A),WOL(H),EVE(A),6.0,6.0,0.9977997168619978,0.9586754303501859,0.9210901427022543,1.0385206957960817,1.110121305916802,1.0179566082209277,Fulham,38
José,Malheiro de Sá,José Sá,Goalkeeper,WOL,15.777711221582074,18.81412226141453,100.0,100.0,,4.2,1.1,0.0,16.2,68,6,3.0,0.0,0.0,0.0,0.0,,514.2,10.0,0.0,52.8,90.0,0,0,4,37,23,0.0,0.0,1.0,2.0,15.0,0.0,3.311209634839514,2.964670040730745,3.5440979766657756,3.1115601333855767,2.846173435960463,3.0364110398324535,TOT(A),BHA(H),SUN(A),BUR(H),FUL(A),CHE(A),0.0,0.0,1.0111928019049574,0.9780471761839342,1.052460363008469,1.1325472438885735,1.0385206957960817,0.9523055174497719,Wolves,38
João Maria,Lobo Alves Palhares Costa Palhinha Gonçalves,J.Palhinha,Midfielder,TOT,15.950917043770621,18.762442351257956,100.0,100.0,,5.5,0.9,0.0,22.9,126,12,3.8,0.0,0.11,0.03,0.14,,638.0,147.8,295.0,108.3,90.0,5,3,5,37,23,17.0,17.0,4.0,8.0,5.0,2.0,4.1617963034635705,3.072057532084427,3.1994758183866105,2.5638705543945655,2.95371683544145,2.8115253074873356,WOL(H),LEE(A),AVL(H),EVE(A),CHE(H),MUN(H),17.0,17.0,1.110121305916802,1.045467296709635,0.971548547839499,1.0179566082209277,0.9650930995904489,0.9334535843879661,Spurs,38
Sven,Botman,Botman,Defender,NEW,15.845162606337864,18.7443817868045,100.0,100.0,,4.9,0.5,0.0,18.2,89,3,3.6,0.0,0.08,0.04,0.12,,597.0,85.8,190.0,87.4,90.0,1,1,5,27,21,11.0,11.0,1.0,10.0,1.0,2.0,3.011159852106059,3.5164296257327394,2.923884386658822,3.401638852924872,2.9920498889153713,2.8992191804666345,ARS(H),NFO(H),BHA(A),FUL(H),WHU(A),BRE(A),11.0,11.0,0.9210901427022543,1.045472873888674,0.9780419586939864,1.0111981962423193,1.0247656572203843,1.0179566082209277,Newcastle,38
Joe,Rodon,Rodon,Defender,LEE,16.297812872594776,18.689842899787923,100.0,100.0,,3.9,3.0,0.0,27.9,109,1,3.1,0.0,0.04,0.02,0.06,,707.2,137.3,242.0,109.1,90.0,2,0,6,53,33,8.0,8.0,2.0,6.0,5.0,0.0,4.062140878048366,3.51358460369532,3.4058559609971546,2.859880748817256,2.456350681036678,2.392030027193147,BOU(H),TOT(H),BUR(A),WHU(H),BHA(A),NFO(A),8.0,8.0,0.9911751304069054,1.0247711239638793,1.0881336264811785,1.0316257548390524,0.9780419586939864,1.0111928019049574,Leeds,38
Alisson,Becker,A.Becker,Goalkeeper,LIV,16.289866906451678,18.68972850030003,75.0,100.0,,5.4,5.1,0.0,16.9,91,2,3.5,0.0,0.0,0.0,0.0,,479.8,0.1,0.0,47.8,90.0,0,0,8,31,26,0.0,0.0,0.0,0.0,8.0,0.0,3.8044065611430673,3.7244695945838675,3.246433512991284,2.830757504050795,2.6837997336826644,2.399861593848353,CRY(A),CHE(A),MUN(H),BRE(A),AVL(H),MCI(A),0.0,0.0,1.0111928019049574,0.9523055174497719,0.9334535843879661,1.0179566082209277,0.971548547839499,0.8968475614707909,Liverpool,38
Trai,Hume,Hume,Defender,SUN,16.404462010952287,18.63444470997672,,,,4.5,0.3,0.0,24.4,110,8,2.9,0.0,0.07,0.06,0.13,,547.8,421.3,248.0,120.9,90.0,2,1,9,42,34,3.0,3.0,3.0,0.0,2.0,0.0,3.94106776836522,3.4102222974917846,3.1846075650935317,2.774333044730385,3.094231335271367,2.229982699024432,NFO(A),MUN(A),WOL(H),CHE(A),EVE(H),ARS(H),3.0,3.0,1.0111928019049574,0.9210852290552671,1.110121305916802,0.9523055174497719,1.0524659774929148,0.9210901427022543,Sunderland,38
Leandro,Trossard,Trossard,Midfielder,ARS,14.809197740582036,18.620935468498267,100.0,100.0,,6.6,1.8,0.0,18.0,119,0,3.8,0.0,0.25,0.16,0.41,,494.0,545.5,541.0,158.3,0.0,6,6,11,15,21,0.0,0.0,0.0,0.0,0.0,0.0,2.5970722921409237,3.6856395646371958,2.5492209583850403,2.7959619597731247,3.1813029656457514,3.8117377279162303,NEW(A),WHU(H),FUL(A),CRY(H),BUR(A),SUN(A),0.0,0.0,1.0385206957960817,1.0316257548390524,1.0385206957960817,1.0385262359175895,1.0881336264811785,1.052460363008469,Arsenal,38
Lutsharel,Geertruida,Geertruida,Defender,SUN,16.38826968151767,18.609644678224537,,,,4.5,0.1,0.0,12.2,55,1,2.0,0.0,0.04,0.05,0.09,,274.6,135.7,102.0,51.2,90.0,0,0,3,23,17,2.0,2.0,1.0,1.0,2.0,0.0,3.3936682990438003,3.6690279610954746,4.110372381685676,2.3880689108695354,2.827132128823182,2.221374996706867,NFO(A),MUN(A),WOL(H),CHE(A),EVE(H),ARS(H),2.0,2.0,1.0111928019049574,0.9210852290552671,1.110121305916802,0.9523055174497719,1.0524659774929148,0.9210901427022543,Sunderland,38
David,Brooks,Brooks,Midfielder,BOU,15.505226200980406,18.597968236787512,100.0,100.0,,5.0,0.2,0.0,11.8,59,0,1.9,0.0,0.44,0.26,0.7,,236.2,384.5,434.0,104.1,0.0,1,3,5,20,13,0.0,0.0,0.0,0.0,0.0,0.0,2.7986350470460595,3.836344477402853,3.482258943625626,3.01290931027294,2.375078422632928,3.0927420358071074,LEE(A),FUL(H),CRY(A),NFO(H),MCI(A),AVL(A),0.0,0.0,1.045467296709635,1.0111981962423193,1.0111928019049574,1.045472873888674,0.8968475614707909,0.9977997168619978,Bournemouth,38
Matz,Sels,Sels,Goalkeeper,NFO,15.304385739811803,18.597540945706022,100.0,100.0,,4.6,5.0,0.0,22.8,105,3,3.4,0.0,0.0,0.0,0.0,,730.0,10.0,0.0,74.0,90.0,0,0,7,39,30,0.0,0.0,0.0,1.0,4.0,0.0,3.731675379218115,3.258908589755302,3.1769839403061853,2.4428483215024266,2.693969509029773,3.2931552058942186,SUN(H),NEW(A),CHE(H),BOU(A),MUN(H),LEE(H),0.0,0.0,1.0737272005708411,1.0385206957960817,0.9650930995904489,0.9586754303501859,0.9334535843879661,0.9978050397522342,Nott'm Forest,38
James,Justin,Justin,Defender,LEE,16.070643508146393,18.59567377139401,100.0,100.0,,4.0,2.3,0.0,23.5,94,1,3.2,0.0,0.09,0.06,0.15,,469.8,190.9,220.0,88.3,90.0,2,1,6,26,21,8.0,8.0,3.0,5.0,4.0,0.0,4.103788962585673,3.2564631629555127,3.085216917612876,3.184077205894094,2.44109725909824,2.525030263247619,BOU(H),TOT(H),BUR(A),WHU(H),BHA(A),NFO(A),8.0,8.0,0.9911751304069054,1.0247711239638793,1.0881336264811785,1.0316257548390524,0.9780419586939864,1.0111928019049574,Leeds,38
Kevin,Schade,Schade,Midfielder,BRE,15.917922155779484,18.594042048577272,100.0,100.0,,6.8,1.3,0.0,18.4,125,7,3.6,0.0,0.4,0.07,0.47,,536.8,380.1,821.0,172.8,90.0,8,5,11,34,32,6.0,6.0,1.0,1.0,4.0,0.0,3.4289914517275117,2.675471219828554,2.811321159955043,3.518104240065239,3.4840340842031363,2.676119892797789,MUN(H),MCI(H),WHU(A),LIV(H),CRY(A),NEW(H),6.0,6.0,0.9334535843879661,0.8968523458188399,1.0247656572203843,0.9210901427022543,1.0111928019049574,0.9586805445269106,Brentford,38
Noni,Madueke,Madueke,Midfielder,ARS,16.560048078325195,18.57943245548841,100.0,100.0,,6.8,0.8,0.0,10.6,72,11,2.8,0.0,0.09,0.21,0.3,,257.4,352.8,404.0,101.3,83.0,3,1,8,9,16,4.0,4.337349397590361,0.0,1.0,3.0,0.0,4.214954626787023,2.9770393396502577,3.009722691841926,3.062716252915032,3.295615167130956,2.019384377163212,NEW(A),WHU(H),FUL(A),CRY(H),BUR(A),SUN(A),4.0,4.337349397590361,1.0385206957960817,1.0316257548390524,1.0385206957960817,1.0385262359175895,1.0881336264811785,1.052460363008469,Arsenal,38
Lisandro,Martínez,Martinez,Defender,MUN,15.931897003727387,18.565356562101247,100.0,100.0,,4.8,0.4,0.0,10.6,51,6,2.8,0.0,0.01,0.04,0.05,,302.8,94.9,19.0,42.0,90.0,0,0,5,15,13,4.0,4.0,1.0,3.0,3.0,0.0,3.476089602381997,3.739223174308621,2.7035112276692024,3.185243127497506,2.8278298718700614,2.63345955837386,BRE(A),SUN(H),LIV(A),BHA(H),NFO(A),TOT(A),4.0,4.0,1.0179566082209277,1.0737272005708411,0.9149650840122292,0.9780471761839342,1.0111928019049574,1.0111928019049574,Man Utd,38
Chadi,Riad Dnanou,Chadi Riad,Defender,CRY,15.69257226109676,18.507618713727062,100.0,100.0,,4.0,0.1,0.0,5.0,20,3,2.2,0.0,0.05,0.02,0.07,,117.8,23.9,41.0,18.3,90.0,0,1,1,8,6,12.0,12.0,2.0,10.0,10.0,2.0,3.338972172722255,3.1134823240506133,3.23523276579914,3.183411571594764,2.821473426929988,2.8150464526303023,LIV(H),EVE(A),BOU(H),ARS(A),BRE(H),BHA(H),12.0,12.0,0.9210901427022543,1.0179566082209277,0.9911751304069054,0.9334486047869694,0.9780471761839342,0.9780471761839342,Crystal Palace,38
James,Garner,Garner,Midfielder,EVE,15.705393094950441,18.473930641032872,,,,5.2,3.6,0.0,30.6,159,4,4.2,0.0,0.06,0.16,0.22,,887.0,958.0,237.0,208.4,90.0,2,7,11,50,38,13.0,13.0,4.0,2.0,7.0,2.0,3.5108083944425563,3.134784388727242,2.4768347336021663,3.5962860948661626,2.986679483312315,2.76853754608243,WHU(H),CRY(H),MCI(A),TOT(H),SUN(A),FUL(H),13.0,13.0,1.0316257548390524,1.0385262359175895,0.8968475614707909,1.0247711239638793,1.052460363008469,1.0111981962423193,Everton,38
Axel,Tuanzebe,Tuanzebe,Defender,BUR,15.141479602233526,18.432099249472376,100.0,100.0,,3.9,0.9,0.0,8.7,34,2,2.4,0.0,0.05,0.01,0.06,,276.4,11.1,52.0,34.1,90.0,1,0,1,26,14,8.0,8.0,1.0,7.0,7.0,0.0,2.8400351776537502,3.3709498220249805,3.403967499234284,2.605960338168458,2.920566765152053,3.2906196472388505,MCI(A),AVL(A),LEE(H),WOL(A),ARS(H),WHU(A),8.0,8.0,0.8968475614707909,0.9977997168619978,0.9978050397522342,1.1175408772327884,0.9210901427022543,1.0247656572203843,Burnley,38
Sander,Berge,Berge,Midfielder,FUL,15.648619608219287,18.431061510384186,,,,4.9,0.1,0.0,18.6,91,3,2.6,0.0,0.05,0.05,0.1,,437.8,365.1,105.0,91.0,90.0,0,3,8,45,34,6.0,6.0,1.0,2.0,3.0,0.0,3.0890959993914406,3.66272434921716,2.5779180132027695,3.264378497315311,3.0545027490926064,2.782441902164899,AVL(A),BOU(A),ARS(H),NEW(A),WOL(H),EVE(A),6.0,6.0,0.9977997168619978,0.9586754303501859,0.9210901427022543,1.0385206957960817,1.110121305916802,1.0179566082209277,Fulham,38
Florentino Ibrain,Morris Luís,Florentino,Midfielder,BUR,16.24860609011616,18.428311420536023,,,,5.0,0.0,0.0,16.8,84,4,2.7,0.0,0.03,0.02,0.05,,421.0,234.5,56.0,71.4,90.0,0,2,2,45,25,17.0,17.0,4.0,6.0,7.0,2.0,3.043637745938574,4.191635948379601,3.324066411885103,3.0958146908728073,2.5934512930400735,2.1797053304198646,MCI(A),AVL(A),LEE(H),WOL(A),ARS(H),WHU(A),17.0,17.0,0.8968475614707909,0.9977997168619978,0.9978050397522342,1.1175408772327884,0.9210901427022543,1.0247656572203843,Burnley,38
Diego,Gómez Amarilla,Gomez,Midfielder,BHA,15.25504390034817,18.405852435659693,100.0,100.0,,4.9,0.4,0.0,19.8,97,1,3.0,0.0,0.27,0.07,0.34,,438.2,319.7,432.0,119.0,58.0,5,1,8,29,26,9.0,13.96551724137931,1.0,2.0,6.0,0.0,3.2623404684290236,3.3026239623782794,2.6524904226483668,2.9556904717688908,3.081898575123609,3.1508085353115227,CHE(A),WOL(A),NEW(H),MUN(A),LEE(H),CRY(A),9.0,13.96551724137931,0.9523055174497719,1.1175408772327884,0.9586805445269106,0.9210852290552671,0.9978050397522342,1.0111928019049574,Brighton,38
Đorđe,Petrović,Petrović,Goalkeeper,BOU,15.609446557720641,18.381085885294677,,,,4.6,5.2,0.0,27.0,124,3,3.3,0.0,0.0,0.0,0.0,,822.6,0.0,0.0,82.4,90.0,0,0,11,54,38,0.0,0.0,0.0,2.0,8.0,0.0,3.460734243263475,2.886355862787627,3.3821467058751895,3.304639993818401,2.575569751975948,2.7716393275740345,LEE(A),FUL(H),CRY(A),NFO(H),MCI(A),AVL(A),0.0,0.0,1.045467296709635,1.0111981962423193,1.0111928019049574,1.045472873888674,0.8968475614707909,0.9977997168619978,Bournemouth,38
Yéremy,Pino Santos,Yeremy,Midfielder,CRY,15.216766232889029,18.2977938812738,100.0,100.0,,5.8,0.2,0.0,13.3,77,4,2.3,0.0,0.2,0.27,0.47,,325.8,718.4,371.0,141.4,45.0,2,2,7,28,26,2.0,4.0,0.0,0.0,2.0,0.0,3.4355375533380776,3.7574825323961116,2.4941409310631313,2.8785067153605,2.6510985007312087,3.0810276483847723,LIV(H),EVE(A),BOU(H),ARS(A),BRE(H),BHA(H),2.0,4.0,0.9210901427022543,1.0179566082209277,0.9911751304069054,0.9334486047869694,0.9780471761839342,0.9780471761839342,Crystal Palace,38
Ethan,Ampadu,Ampadu,Midfielder,LEE,15.732687792897751,18.295363163237848,100.0,100.0,,4.9,0.6,0.0,27.3,134,3,3.8,0.0,0.07,0.06,0.13,,592.2,384.8,166.0,114.7,90.0,1,4,8,49,35,13.0,13.0,2.0,4.0,7.0,2.0,3.87669987941169,3.241493784502465,3.472241748974318,2.801402144174248,2.34085023583503,2.5626753703400977,BOU(H),TOT(H),BUR(A),WHU(H),BHA(A),NFO(A),13.0,13.0,0.9911751304069054,1.0247711239638793,1.0881336264811785,1.0316257548390524,0.9780419586939864,1.0111928019049574,Leeds,38
Santiago,Ignacio Bueno,S.Bueno,Defender,WOL,16.051205188936212,18.285624546437756,100.0,100.0,,4.4,0.2,0.0,20.9,92,2,3.2,0.0,0.08,0.05,0.13,,611.2,131.8,259.0,100.0,90.0,3,2,4,47,28,8.0,8.0,0.0,8.0,1.0,0.0,5.038759260776559,3.071965786730106,2.5625945897182176,2.699971773681982,2.677913778029346,2.234419357501545,TOT(A),BHA(H),SUN(A),BUR(H),FUL(A),CHE(A),8.0,8.0,1.0111928019049574,0.9780471761839342,1.052460363008469,1.1325472438885735,1.0385206957960817,0.9523055174497719,Wolves,38
Ismaïla,Sarr,Sarr,Midfielder,CRY,15.259397529762863,18.25177209811894,100.0,100.0,,6.4,5.6,0.0,18.3,117,1,4.2,0.0,0.45,0.05,0.5,,479.8,269.4,601.0,135.1,45.0,9,2,9,29,24,3.0,6.0,0.0,1.0,2.0,0.0,2.9806091649957693,3.5600542755454745,3.1156021935635305,2.9197802201233323,2.6833516755347566,2.9923745683560776,LIV(H),EVE(A),BOU(H),ARS(A),BRE(H),BHA(H),3.0,6.0,0.9210901427022543,1.0179566082209277,0.9911751304069054,0.9334486047869694,0.9780471761839342,0.9780471761839342,Crystal Palace,38
Raúl,Jiménez Rodríguez,Raúl,Forward,FUL,15.04579700727206,18.25017760091827,100.0,100.0,,5.9,1.8,0.0,19.0,112,1,3.1,0.0,0.48,0.04,0.52,,479.4,331.5,729.0,153.1,18.0,9,5,9,28,27,1.0,5.0,1.0,0.0,0.0,0.0,2.7896336183688213,3.539577025803634,2.651354678046921,3.2471034675894987,2.818128217463186,3.2043805936462118,AVL(A),BOU(A),ARS(H),NEW(A),WOL(H),EVE(A),1.0,5.0,0.9977997168619978,0.9586754303501859,0.9210901427022543,1.0385206957960817,1.110121305916802,1.0179566082209277,Fulham,38
Emile,Smith Rowe,Smith Rowe,Midfielder,FUL,14.74849544359887,18.18540988496733,100.0,100.0,,5.6,0.5,0.0,14.3,80,3,2.2,0.0,0.22,0.05,0.27,,291.6,330.0,404.0,102.6,71.0,3,1,6,27,22,4.0,5.070422535211268,2.0,1.0,1.0,0.0,3.037899987796111,2.926175454641227,2.302239281185338,3.231548380747168,3.250632339229024,3.436914441368462,AVL(A),BOU(A),ARS(H),NEW(A),WOL(H),EVE(A),4.0,5.070422535211268,0.9977997168619978,0.9586754303501859,0.9210901427022543,1.0385206957960817,1.110121305916802,1.0179566082209277,Fulham,38
Issa,Diop,Diop,Defender,FUL,15.65587955278596,18.161339337876864,,,,4.3,0.1,0.0,7.2,31,15,2.4,0.0,0.09,0.01,0.1,,190.8,8.0,31.0,23.0,85.0,1,0,1,13,8,5.0,5.294117647058823,0.0,5.0,1.0,0.0,2.7378172232498175,3.8990814681160146,2.9449787365510907,2.8620443289586546,3.211957795910381,2.5054597850909057,AVL(A),BOU(A),ARS(H),NEW(A),WOL(H),EVE(A),5.0,5.294117647058823,0.9977997168619978,0.9586754303501859,0.9210901427022543,1.0385206957960817,1.110121305916802,1.0179566082209277,Fulham,38
Konstantinos,Mavropanos,Mavropanos,Defender,WHU,14.807849484391019,18.113226873319356,100.0,100.0,,4.5,2.6,0.0,27.1,122,8,3.9,0.0,0.09,0.02,0.11,,777.2,66.6,294.0,113.8,90.0,3,0,6,44,27,12.0,12.0,1.0,11.0,5.0,2.0,3.624068570745612,2.923692156672904,2.864590330737541,2.6117325074670537,2.7837659187679087,3.305377388928336,EVE(A),ARS(A),BRE(H),LEE(A),NEW(H),BUR(H),12.0,12.0,1.0179566082209277,0.9334486047869694,0.9780471761839342,1.045467296709635,0.9586805445269106,1.1325472438885735,West Ham,38
Yerson,Mosquera Valdelamar,Mosquera,Defender,WOL,15.938436093024537,18.064519309266206,100.0,100.0,,4.3,0.1,0.0,14.2,61,3,2.3,0.0,0.11,0.03,0.14,,426.0,140.4,268.0,83.5,90.0,0,0,4,40,24,13.0,13.0,3.0,10.0,5.0,2.0,3.936313540286456,3.227581556366685,2.7233937024284907,2.9675067457974396,3.083640548145466,2.126083216241668,TOT(A),BHA(H),SUN(A),BUR(H),FUL(A),CHE(A),13.0,13.0,1.0111928019049574,0.9780471761839342,1.052460363008469,1.1325472438885735,1.0385206957960817,0.9523055174497719,Wolves,38
Rayan,Cherki,Cherki,Midfielder,MCI,14.688934567566768,18.048443964392778,100.0,100.0,,6.5,17.4,0.0,20.8,135,1,4.1,0.0,0.22,0.45,0.67,,604.2,996.6,579.0,218.1,32.0,4,13,8,18,19,0.0,0.0,0.0,0.0,0.0,0.0,4.232154060137667,3.3569893512715248,2.359179750708741,2.2196291979187825,2.520982207530053,3.359509396826008,BUR(H),BRE(A),EVE(H),AVL(A),BOU(H),LIV(H),0.0,0.0,1.1325472438885735,1.0179566082209277,1.0524659774929148,0.9977997168619978,0.9911751304069054,0.9210901427022543,Man City,38
Rio,Cardines,Cardines,Midfielder,CRY,14.630168319959377,18.040350301906567,100.0,100.0,,4.4,0.3,0.0,0.5,2,2,2.0,0.0,0.02,0.16,0.18,,15.2,30.0,4.0,4.9,90.0,0,0,0,2,1,7.0,7.0,1.0,2.0,4.0,0.0,2.4805692380945996,2.6732523672601864,3.235749586633581,3.4200523495472046,2.820544778423806,3.41018198194719,LIV(H),EVE(A),BOU(H),ARS(A),BRE(H),BHA(H),7.0,7.0,0.9210901427022543,1.0179566082209277,0.9911751304069054,0.9334486047869694,0.9780471761839342,0.9780471761839342,Crystal Palace,38
Alexis,Mac Allister,Mac Allister,Midfielder,LIV,15.175884090436973,18.03152227753957,100.0,100.0,,6.1,1.8,0.0,17.7,108,1,2.9,0.0,0.13,0.06,0.19,,475.4,562.2,365.0,139.9,90.0,2,5,7,41,31,4.0,4.0,3.0,1.0,0.0,0.0,4.153433361404891,2.948680518425356,2.6162951097308,2.6570859451788795,2.8003891556970473,2.8556381871025964,CRY(A),CHE(A),MUN(H),BRE(A),AVL(H),MCI(A),4.0,4.0,1.0111928019049574,0.9523055174497719,0.9334535843879661,1.0179566082209277,0.971548547839499,0.8968475614707909,Liverpool,38
Jaidon,Anthony,Anthony,Midfielder,BUR,15.05005560603771,18.026822114259183,100.0,100.0,,5.0,2.4,0.0,25.4,127,2,3.4,0.0,0.17,0.09,0.26,,586.8,552.2,619.0,175.8,84.0,8,4,4,59,32,5.0,5.357142857142857,0.0,1.0,4.0,0.0,3.521241566722507,3.402984698914286,2.6482560931791697,2.7074924014899815,2.7700808457317647,2.9767665082214725,MCI(A),AVL(A),LEE(H),WOL(A),ARS(H),WHU(A),5.0,5.357142857142857,0.8968475614707909,0.9977997168619978,0.9978050397522342,1.1175408772327884,0.9210901427022543,1.0247656572203843,Burnley,38
Sepp,van den Berg,Van den Berg,Defender,BRE,15.237493317686472,18.022379330295237,100.0,100.0,,4.4,1.0,0.0,25.7,113,4,3.5,0.0,0.11,0.05,0.16,,659.0,98.0,305.0,106.3,90.0,0,3,8,41,30,10.0,10.0,3.0,7.0,2.0,2.0,3.287456828027026,2.983838566986757,3.5716198466009557,2.7160376460141094,2.678540430057622,2.784886012608766,MUN(H),MCI(H),WHU(A),LIV(H),CRY(A),NEW(H),10.0,10.0,0.9334535843879661,0.8968523458188399,1.0247656572203843,0.9210901427022543,1.0111928019049574,0.9586805445269106,Brentford,38
Emiliano,Buendía Stati,Buendía,Midfielder,AVL,15.009662322723594,18.01968749721581,100.0,100.0,,5.3,0.4,0.0,19.2,102,6,2.8,0.0,0.17,0.11,0.28,,427.0,402.1,398.0,121.4,90.0,6,2,3,24,21,15.0,15.0,8.0,3.0,4.0,2.0,3.544592510448095,3.2770633305403423,2.9694514059579533,2.8895457596626484,2.3290093161145564,3.0100251744922146,FUL(H),BUR(H),TOT(A),MCI(H),LIV(A),BOU(H),15.0,15.0,1.0111981962423193,1.1325472438885735,1.0111928019049574,0.8968523458188399,0.9149650840122292,0.9911751304069054,Aston Villa,38
Ladislav,Krejcí,Krejčí,Defender,WOL,16.079150576202498,17.943630813362713,100.0,100.0,,4.5,0.1,0.0,15.1,68,6,2.4,0.0,0.09,0.06,0.15,,536.6,147.5,278.0,96.6,65.0,2,2,3,46,27,7.0,9.692307692307692,1.0,6.0,3.0,0.0,4.019145790197391,4.010717510679357,2.2192524422958257,3.2711660456927154,2.5588687873372082,1.8644802371602143,TOT(A),BHA(H),SUN(A),BUR(H),FUL(A),CHE(A),7.0,9.692307692307692,1.0111928019049574,0.9780471761839342,1.052460363008469,1.1325472438885735,1.0385206957960817,0.9523055174497719,Wolves,38
Nick,Pope,Pope,Goalkeeper,NEW,15.088695006230596,17.91193602170918,100.0,100.0,,5.0,4.5,0.0,19.2,96,2,3.6,0.0,0.01,0.0,0.01,,671.0,0.0,35.0,70.7,90.0,0,1,7,38,27,0.0,0.0,0.0,1.0,12.0,0.0,3.120299709764146,3.2747129810558864,3.163776963320674,2.850807207525843,2.679098144564048,2.8232410154785867,ARS(H),NFO(H),BHA(A),FUL(H),WHU(A),BRE(A),0.0,0.0,0.9210901427022543,1.045472873888674,0.9780419586939864,1.0111981962423193,1.0247656572203843,1.0179566082209277,Newcastle,38
Jack,Hinshelwood,Hinshelwood,Midfielder,BHA,14.568529949783333,17.89836045882483,100.0,100.0,,5.2,1.6,0.0,17.5,91,2,3.4,0.0,0.26,0.12,0.38,,312.6,228.0,412.0,94.8,73.0,4,5,7,23,20,3.0,3.6986301369863015,1.0,0.0,2.0,0.0,3.079594916808391,3.6588534476953343,2.1214030078047483,2.9356135612624175,2.773065016212442,3.329830509041496,CHE(A),WOL(A),NEW(H),MUN(A),LEE(H),CRY(A),3.0,3.6986301369863015,0.9523055174497719,1.1175408772327884,0.9586805445269106,0.9210852290552671,0.9978050397522342,1.0111928019049574,Brighton,38
Alejandro,Garnacho Ferreyra,Garnacho,Midfielder,CHE,14.469673818985136,17.887910203153886,100.0,100.0,,6.4,0.4,0.0,8.8,56,0,2.3,0.0,0.25,0.26,0.51,,211.4,405.3,399.0,100.5,0.0,1,4,4,20,14,0.0,0.0,0.0,0.0,0.0,0.0,2.570623989622295,2.55028080065195,2.7763613855213642,3.629512502168439,2.942895141021089,3.4182363841687504,BHA(H),LIV(H),NFO(A),SUN(H),TOT(A),WOL(H),0.0,0.0,0.9780471761839342,0.9210901427022543,1.0111928019049574,1.0737272005708411,1.0111928019049574,1.110121305916802,Chelsea,38
Kyle,Walker-Peters,Walker-Peters,Defender,WHU,14.856778442780948,17.88173206291896,,,,4.2,0.3,0.0,12.6,53,6,2.3,0.0,0.07,0.02,0.09,,267.0,124.5,106.0,49.8,90.0,1,0,4,25,15,1.0,1.0,0.0,1.0,4.0,0.0,2.8568275352012686,3.3643752863712377,3.3624175373117136,2.5553910197941256,2.717767064102603,3.0249536201380107,EVE(A),ARS(A),BRE(H),LEE(A),NEW(H),BUR(H),1.0,1.0,1.0179566082209277,0.9334486047869694,0.9780471761839342,1.045467296709635,0.9586805445269106,1.1325472438885735,West Ham,38
Moisés,Caicedo Corozo,Caicedo,Midfielder,CHE,15.624481922600259,17.870987061426383,100.0,100.0,,5.7,7.1,0.0,19.3,110,2,3.3,0.0,0.05,0.08,0.13,,562.4,403.1,128.0,109.2,84.0,3,1,6,47,32,6.0,6.428571428571429,0.0,3.0,3.0,0.0,4.185258117841367,3.156671548342498,2.986101082832616,3.066390036266664,2.2300611373171133,2.2465051388261252,BHA(H),LIV(H),NFO(A),SUN(H),TOT(A),WOL(H),6.0,6.428571428571429,0.9780471761839342,0.9210901427022543,1.0111928019049574,1.0737272005708411,1.0111928019049574,1.110121305916802,Chelsea,38
Ferdi,Kadıoğlu,F.Kadıoğlu,Defender,BHA,15.5974573714484,17.83702369744142,,,,4.5,1.4,0.0,26.2,118,1,3.2,0.0,0.06,0.1,0.16,,505.0,444.8,284.0,123.7,90.0,1,2,10,41,34,4.0,4.0,1.0,3.0,3.0,0.0,3.390194963308381,4.2362658290632105,2.898937727774639,2.542577462982754,2.5294813883194136,2.2395663259930196,CHE(A),WOL(A),NEW(H),MUN(A),LEE(H),CRY(A),4.0,4.0,0.9523055174497719,1.1175408772327884,0.9586805445269106,0.9210852290552671,0.9978050397522342,1.0111928019049574,Brighton,38
Jurriën,Timber,J.Timber,Defender,ARS,14.511272606695181,17.817393582174265,25.0,25.0,Lack of match fitness - 25% chance of playing,6.0,15.2,0.0,24.8,149,0,5.0,0.0,0.17,0.06,0.23,,499.0,402.6,352.0,125.7,0.0,3,6,13,20,28,0.0,0.0,0.0,0.0,0.0,0.0,1.3754236234475634,3.0768948431725742,2.9499634372701284,3.6147181318488957,3.4942725709560185,3.306120975479085,NEW(A),WHU(H),FUL(A),CRY(H),BUR(A),SUN(A),0.0,0.0,1.0385206957960817,1.0316257548390524,1.0385206957960817,1.0385262359175895,1.0881336264811785,1.052460363008469,Arsenal,38
Rodrigo,Martins Gomes,R.Gomes,Defender,WOL,15.339841215252115,17.76886269875365,100.0,100.0,,4.4,0.1,0.0,10.9,48,2,2.2,0.0,0.2,0.04,0.24,,185.6,75.5,221.0,48.2,81.0,3,0,1,18,9,2.0,2.2222222222222223,1.0,1.0,4.0,0.0,3.4438449587735103,3.208693765723189,2.821729546654378,3.2621462170257622,2.6034267270752762,2.429021483501538,TOT(A),BHA(H),SUN(A),BUR(H),FUL(A),CHE(A),2.0,2.2222222222222223,1.0111928019049574,0.9780471761839342,1.052460363008469,1.1325472438885735,1.0385206957960817,0.9523055174497719,Wolves,38
Senne,Lammens,Lammens,Goalkeeper,MUN,14.7217075470491,17.76318175919993,,,,5.1,3.6,0.0,21.4,109,6,3.4,0.0,0.0,0.0,0.0,,635.6,0.0,2.0,63.7,90.0,0,0,8,39,32,0.0,0.0,0.0,0.0,5.0,0.0,3.2676509505484144,2.847859022353015,3.015417854266953,2.6765398429217737,2.9142398769589426,3.041474212150832,BRE(A),SUN(H),LIV(A),BHA(H),NFO(A),TOT(A),0.0,0.0,1.0179566082209277,1.0737272005708411,0.9149650840122292,0.9780471761839342,1.0111928019049574,1.0111928019049574,Man Utd,38
Kiernan,Dewsbury-Hall,Dewsbury-Hall,Midfielder,EVE,14.574501017254645,17.76205054560658,100.0,100.0,,5.3,7.9,0.0,28.5,151,2,4.9,0.0,0.15,0.18,0.33,,619.4,601.1,438.0,166.0,83.0,8,7,8,39,30,6.0,6.506024096385541,1.0,1.0,4.0,0.0,3.875066643560498,3.343516633472872,2.3739287539301746,2.365007555031997,2.6169814312591044,3.187549528351934,WHU(H),CRY(H),MCI(A),TOT(H),SUN(A),FUL(H),6.0,6.506024096385541,1.0316257548390524,1.0385262359175895,0.8968475614707909,1.0247711239638793,1.052460363008469,1.0111981962423193,Everton,38
Max,Weiß,Weiss,Goalkeeper,BUR,14.720286174573246,17.74385178865401,,,,4.2,0.2,0.0,1.7,7,3,2.3,0.0,0.0,0.0,0.0,,76.8,10.0,0.0,8.7,90.0,0,0,0,4,3,0.0,0.0,0.0,0.0,8.0,0.0,2.8169417577066964,3.8974372431868565,2.8194178760407977,2.575747274399152,2.6107420232397454,3.0235656140807623,MCI(A),AVL(A),LEE(H),WOL(A),ARS(H),WHU(A),0.0,0.0,0.8968475614707909,0.9977997168619978,0.9978050397522342,1.1175408772327884,0.9210901427022543,1.0247656572203843,Burnley,38
Hwang,Hee-chan,Hee Chan,Midfielder,WOL,15.839806495489729,17.74369295093376,100.0,100.0,,5.6,0.1,0.0,9.6,54,1,2.1,0.0,0.15,0.1,0.25,,163.4,216.5,166.0,53.4,90.0,2,2,2,29,18,11.0,11.0,1.0,1.0,9.0,0.0,3.854454726932614,3.001517032159539,3.046228655279857,3.3643373045034477,2.573268776614271,1.9038864554440313,TOT(A),BHA(H),SUN(A),BUR(H),FUL(A),CHE(A),11.0,11.0,1.0111928019049574,0.9780471761839342,1.052460363008469,1.1325472438885735,1.0385206957960817,0.9523055174497719,Wolves,38
Malo,Gusto,Gusto,Defender,CHE,15.797648033969425,17.678672802685444,75.0,100.0,,4.8,1.7,0.0,20.0,96,-1,2.8,0.0,0.06,0.12,0.18,,443.6,448.5,205.0,109.8,84.0,2,3,7,36,26,7.0,7.5,2.0,5.0,2.0,0.0,3.7288466530739632,3.4710220700183965,2.927722534642439,2.9817242739904306,2.6883325022441955,1.8810247687160193,BHA(H),LIV(H),NFO(A),SUN(H),TOT(A),WOL(H),7.0,7.5,0.9780471761839342,0.9210901427022543,1.0111928019049574,1.0737272005708411,1.0111928019049574,1.110121305916802,Chelsea,38
Trevoh,Chalobah,Chalobah,Defender,CHE,14.491357453778033,17.677685942135593,100.0,100.0,,5.4,8.8,0.0,25.2,136,1,4.0,0.0,0.05,0.03,0.08,,719.2,111.2,160.0,99.1,25.0,3,1,9,40,31,4.0,14.399999999999999,0.0,4.0,1.0,0.0,2.900107606230861,2.8174587820201813,2.1182167471963593,3.777563900525975,2.878010417804656,3.1863284883575593,BHA(H),LIV(H),NFO(A),SUN(H),TOT(A),WOL(H),4.0,14.399999999999999,0.9780471761839342,0.9210901427022543,1.0111928019049574,1.0737272005708411,1.0111928019049574,1.110121305916802,Chelsea,38
Rodrigo,Muniz Carvalho,Muniz,Forward,FUL,14.635194227176346,17.637801584835152,100.0,100.0,,5.3,0.7,0.0,6.8,36,2,1.7,0.0,0.3,0.01,0.31,,113.2,93.2,287.0,47.3,71.0,1,1,3,13,10,2.0,2.535211267605634,1.0,0.0,1.0,0.0,2.856045105674029,2.71882500756229,2.7097130212312104,3.033628432899567,3.3169826598092502,3.002607357658806,AVL(A),BOU(A),ARS(H),NEW(A),WOL(H),EVE(A),2.0,2.535211267605634,0.9977997168619978,0.9586754303501859,0.9210901427022543,1.0385206957960817,1.110121305916802,1.0179566082209277,Fulham,38
Myles,Lewis-Skelly,Lewis-Skelly,Defender,ARS,14.403662701713792,17.618596953891775,,,,5.0,1.9,0.0,5.8,29,2,1.4,0.0,0.01,0.03,0.04,,73.2,74.6,29.0,17.6,90.0,0,0,2,8,5,1.0,1.0,0.0,1.0,5.0,0.0,3.0582741029660694,2.605502182509328,3.010683385110575,2.8542337665868613,2.874969264540958,3.2149342521779847,NEW(A),WHU(H),FUL(A),CRY(H),BUR(A),SUN(A),1.0,1.0,1.0385206957960817,1.0316257548390524,1.0385206957960817,1.0385262359175895,1.0881336264811785,1.052460363008469,Arsenal,38
Nathan,Collins,Collins,Defender,BRE,16.05477172434164,17.54207509279112,,,,4.9,2.4,0.0,26.3,129,3,3.7,0.0,0.07,0.05,0.12,,848.6,143.8,325.0,131.9,90.0,1,2,9,44,32,14.0,14.0,3.0,11.0,6.0,2.0,3.6468508717373482,3.222355258388161,3.6790741573900694,2.615353711422997,2.8911377254030657,1.4873033684494794,MUN(H),MCI(H),WHU(A),LIV(H),CRY(A),NEW(H),14.0,14.0,0.9334535843879661,0.8968523458188399,1.0247656572203843,0.9210901427022543,1.0111928019049574,0.9586805445269106,Brentford,38
Dan,Burn,Burn,Defender,NEW,14.980757755507058,17.531947398888864,100.0,100.0,,5.0,3.6,0.0,18.6,93,1,3.2,0.0,0.04,0.01,0.05,,525.8,107.3,186.0,82.1,83.0,1,3,6,36,25,5.0,5.421686746987952,2.0,3.0,4.0,0.0,2.925016637943231,3.446923946478975,2.7017046317803732,3.148054378576748,2.7590581607277307,2.5511896433818047,ARS(H),NFO(H),BHA(A),FUL(H),WHU(A),BRE(A),5.0,5.421686746987952,0.9210901427022543,1.045472873888674,0.9780419586939864,1.0111981962423193,1.0247656572203843,1.0179566082209277,Newcastle,38
Danny,Welbeck,Welbeck,Forward,BHA,14.713184516909386,17.527916471879276,100.0,100.0,,6.3,8.4,0.0,20.0,126,1,3.4,0.0,0.49,0.06,0.55,,578.8,309.7,803.0,168.2,58.0,13,1,10,28,26,1.0,1.5517241379310345,0.0,0.0,1.0,0.0,3.0072220081622487,3.4014636378236607,2.7054830287183833,2.910820293211042,2.688195548994052,2.8147319549698895,CHE(A),WOL(A),NEW(H),MUN(A),LEE(H),CRY(A),1.0,1.5517241379310345,0.9523055174497719,1.1175408772327884,0.9586805445269106,0.9210852290552671,0.9978050397522342,1.0111928019049574,Brighton,38
Levi,Samuels Colwill,Colwill,Defender,CHE,14.586859487320758,17.51780627446703,100.0,100.0,,4.7,0.2,0.0,1.7,8,3,2.7,0.0,0.0,0.05,0.05,,66.0,7.6,6.0,8.0,90.0,0,0,0,4,2,13.0,13.0,1.0,12.0,5.0,2.0,3.3716828185898957,2.8004368163408717,2.7627503415368393,3.032110263576147,2.6198792472770056,2.9309467871462713,BHA(H),LIV(H),NFO(A),SUN(H),TOT(A),WOL(H),13.0,13.0,0.9780471761839342,0.9210901427022543,1.0111928019049574,1.0737272005708411,1.0111928019049574,1.110121305916802,Chelsea,38
Rico,Lewis,Lewis,Defender,MCI,15.863669374412389,17.51245427706783,100.0,100.0,,4.6,1.2,0.0,4.1,19,0,1.7,0.0,0.04,0.31,0.35,,70.8,112.5,55.0,23.8,90.0,0,1,1,7,4,0.0,0.0,0.0,0.0,5.0,0.0,4.642320425630034,2.956503888150817,3.138063784966888,2.5841578010009973,2.542623474663654,1.6487849026554429,BUR(H),BRE(A),EVE(H),AVL(A),BOU(H),LIV(H),0.0,0.0,1.1325472438885735,1.0179566082209277,1.0524659774929148,0.9977997168619978,0.9911751304069054,0.9210901427022543,Man City,38
Martin,Dúbravka,Dúbravka,Goalkeeper,BUR,14.208822236034463,17.48397310436926,100.0,100.0,,4.0,25.7,0.0,24.0,96,0,2.7,0.0,0.0,0.0,0.0,,976.4,0.0,0.0,97.9,0.0,0,0,4,71,35,0.0,0.0,0.0,0.0,0.0,0.0,2.0790666940959412,3.6909691786307697,2.890092718186644,2.9836941144488165,2.5649995306722926,3.275150868334796,MCI(A),AVL(A),LEE(H),WOL(A),ARS(H),WHU(A),0.0,0.0,0.8968475614707909,0.9977997168619978,0.9978050397522342,1.1175408772327884,0.9210901427022543,1.0247656572203843,Burnley,38
Martín,Zubimendi Ibáñez,Zubimendi,Midfielder,ARS,14.87729075200079,17.4589094737985,100.0,100.0,,4.9,2.7,0.0,27.1,133,2,3.5,0.0,0.09,0.07,0.16,,603.2,385.1,271.0,126.2,90.0,5,1,16,25,34,7.0,7.0,1.0,3.0,3.0,0.0,3.503907582968459,2.6885774987489977,3.3963580494661576,2.684093072896834,2.6043545479203414,2.581618721797709,NEW(A),WHU(H),FUL(A),CRY(H),BUR(A),SUN(A),7.0,7.0,1.0385206957960817,1.0316257548390524,1.0385206957960817,1.0385262359175895,1.0881336264811785,1.052460363008469,Arsenal,38
Benjamin,Sesko,Šeško,Forward,MUN,14.274377455554067,17.45284112429278,50.0,50.0,Shin injury - 50% chance of playing,7.2,4.6,0.0,15.4,111,0,3.7,0.0,0.51,0.02,0.53,,483.8,156.1,803.0,143.4,0.0,11,2,2,30,17,0.0,0.0,0.0,0.0,0.0,0.0,2.4221264901636723,3.802939133346471,2.8901974717068586,2.4651909233539118,2.693923436983151,3.1784636687387144,BRE(A),SUN(H),LIV(A),BHA(H),NFO(A),TOT(A),0.0,0.0,1.0179566082209277,1.0737272005708411,0.9149650840122292,0.9780471761839342,1.0111928019049574,1.0111928019049574,Man Utd,38
Igor Jesus,Maciel da Cruz,Igor Jesus,Forward,NFO,14.391893914089176,17.40182764596598,100.0,100.0,,5.9,2.4,0.0,19.3,114,2,3.1,0.0,0.25,0.05,0.3,,420.6,240.7,726.0,136.4,90.0,6,6,9,37,28,6.0,6.0,1.0,0.0,5.0,0.0,3.4206307171555865,3.007482922246653,2.918867468502746,2.0782027650589834,2.966710041125206,3.0099337318768034,SUN(H),NEW(A),CHE(H),BOU(A),MUN(H),LEE(H),6.0,6.0,1.0737272005708411,1.0385206957960817,0.9650930995904489,0.9586754303501859,0.9334535843879661,0.9978050397522342,Nott'm Forest,38
Lewis,Dunk,Dunk,Defender,BHA,14.94439747762734,17.40056899898331,100.0,100.0,,4.5,1.0,0.0,22.2,100,1,3.0,0.0,0.06,0.02,0.08,,649.6,125.5,210.0,98.7,90.0,1,1,7,40,31,5.0,5.0,2.0,3.0,5.0,0.0,2.8478975491289082,3.5460394802899597,3.25322978824621,2.5844904649073737,2.71274019505489,2.4561715213559703,CHE(A),WOL(A),NEW(H),MUN(A),LEE(H),CRY(A),5.0,5.0,0.9523055174497719,1.1175408772327884,0.9586805445269106,0.9210852290552671,0.9978050397522342,1.0111928019049574,Brighton,38
Gabriel,Fernando de Jesus,G.Jesus,Forward,ARS,14.536391563747026,17.33220903956888,100.0,100.0,,6.4,0.4,0.0,3.8,24,5,1.7,0.0,0.58,0.06,0.64,,141.8,54.3,281.0,47.5,74.0,3,0,1,6,3,3.0,3.6486486486486487,0.0,2.0,1.0,0.0,3.842313950194667,2.8590335006369374,2.63826908170096,2.5260173818018448,2.6707576494126175,2.7958174758218552,NEW(A),WHU(H),FUL(A),CRY(H),BUR(A),SUN(A),3.0,3.6486486486486487,1.0385206957960817,1.0316257548390524,1.0385206957960817,1.0385262359175895,1.0881336264811785,1.052460363008469,Arsenal,38
Kevin,Danso,Danso,Defender,TOT,14.530505974990593,17.319253030482127,100.0,100.0,,4.2,0.2,0.0,15.0,63,8,2.6,0.0,0.04,0.02,0.06,,407.0,49.5,96.0,55.5,90.0,0,0,4,25,17,11.0,11.0,0.0,11.0,0.0,2.0,3.9464136144823074,2.6800265623763977,2.9709697965220143,2.208423571294002,2.724672430315871,2.788747055491535,WOL(H),LEE(A),AVL(H),EVE(A),CHE(H),MUN(H),11.0,11.0,1.110121305916802,1.045467296709635,0.971548547839499,1.0179566082209277,0.9650930995904489,0.9334535843879661,Spurs,38
Callum,Wilson,Wilson,Forward,WHU,14.622274017281084,17.295449305328273,100.0,100.0,,5.8,0.6,0.0,13.8,80,5,2.5,0.0,0.55,0.04,0.59,,305.2,109.0,509.0,91.1,45.0,7,2,1,24,11,2.0,4.0,0.0,1.0,1.0,0.0,3.679882829282884,3.099549227180548,2.7062607771605376,2.5682044156956967,2.5683767679614196,2.673175288047187,EVE(A),ARS(A),BRE(H),LEE(A),NEW(H),BUR(H),2.0,4.0,1.0179566082209277,0.9334486047869694,0.9780471761839342,1.045467296709635,0.9586805445269106,1.1325472438885735,West Ham,38
Vitaly,Janelt,Janelt,Midfielder,BRE,15.75569599613139,17.291226606205264,100.0,100.0,,4.9,0.1,0.0,15.1,74,1,3.0,0.0,0.05,0.14,0.19,,350.4,351.8,97.0,79.0,90.0,1,4,5,21,15,10.0,10.0,3.0,1.0,6.0,0.0,3.3334229558704376,3.258358214245626,3.973920373182178,2.831417405082197,2.3585770477509507,1.535530610073872,MUN(H),MCI(H),WHU(A),LIV(H),CRY(A),NEW(H),10.0,10.0,0.9334535843879661,0.8968523458188399,1.0247656572203843,0.9210901427022543,1.0111928019049574,0.9586805445269106,Brentford,38
Keane,Lewis-Potter,Lewis-Potter,Defender,BRE,15.382999918168743,17.287793261020386,,,,4.8,1.5,0.0,24.0,115,5,3.2,0.0,0.14,0.12,0.26,,378.2,332.2,353.0,106.4,88.0,3,4,9,32,22,7.0,7.159090909090909,2.0,5.0,6.0,0.0,3.208062733638764,3.240328396113085,3.4918835554640473,2.7034494016605595,2.739275831292285,1.9047933428516446,MUN(H),MCI(H),WHU(A),LIV(H),CRY(A),NEW(H),7.0,7.159090909090909,0.9334535843879661,0.8968523458188399,1.0247656572203843,0.9210901427022543,1.0111928019049574,0.9586805445269106,Brentford,38
Kyle,Walker,Walker,Defender,BUR,15.153494769569818,17.27969010956451,100.0,100.0,,4.4,1.2,0.0,15.9,70,2,1.9,0.0,0.0,0.04,0.04,,506.0,237.2,28.0,77.4,90.0,0,2,4,66,35,3.0,3.0,1.0,2.0,7.0,0.0,3.3653290682030534,3.4476329979293294,3.2428424796216766,2.620644761363017,2.4770454624527405,2.126195339994692,MCI(A),AVL(A),LEE(H),WOL(A),ARS(H),WHU(A),3.0,3.0,0.8968475614707909,0.9977997168619978,0.9978050397522342,1.1175408772327884,0.9210901427022543,1.0247656572203843,Burnley,38
Alex,Iwobi,Iwobi,Midfielder,FUL,14.69514675623087,17.26638367011217,100.0,100.0,,6.1,1.1,0.0,16.9,103,3,3.6,0.0,0.07,0.17,0.24,,511.2,739.4,343.0,159.4,90.0,4,3,5,40,29,8.0,8.0,1.0,1.0,6.0,0.0,3.726336662791405,2.51097560579705,2.713501003415441,2.748623057596706,2.995710426630265,2.5712369138813,AVL(A),BOU(A),ARS(H),NEW(A),WOL(H),EVE(A),8.0,8.0,0.9977997168619978,0.9586754303501859,0.9210901427022543,1.0385206957960817,1.110121305916802,1.0179566082209277,Fulham,38
Kobbie,Mainoo,Mainoo,Midfielder,MUN,14.80437502776402,17.25629587647969,100.0,100.0,,4.7,1.4,0.0,15.5,73,2,2.6,0.0,0.03,0.07,0.1,,365.0,360.1,94.0,82.1,90.0,1,2,6,22,16,7.0,7.0,2.0,2.0,3.0,0.0,4.174044189384097,2.9827922264848237,2.537135762123512,2.540585781635347,2.569817068136243,2.4519208487156714,BRE(A),SUN(H),LIV(A),BHA(H),NFO(A),TOT(A),7.0,7.0,1.0179566082209277,1.0737272005708411,0.9149650840122292,0.9780471761839342,1.0111928019049574,1.0111928019049574,Man Utd,38
Jean-Philippe,Mateta,Mateta,Forward,CRY,15.265784721000756,17.224009906653897,100.0,100.0,,7.6,8.1,0.0,15.0,114,6,3.6,0.0,0.59,0.05,0.64,,567.2,160.6,786.0,150.8,13.0,12,0,8,29,25,0.0,0.0,0.0,0.0,0.0,0.0,2.5300367074002064,4.410979173119787,2.507093318462084,3.102237692452901,2.7154378295657775,1.9582251856531396,LIV(H),EVE(A),BOU(H),ARS(A),BRE(H),BHA(H),0.0,0.0,0.9210901427022543,1.0179566082209277,0.9911751304069054,0.9334486047869694,0.9780471761839342,0.9780471761839342,Crystal Palace,38
Lucas,Pires Silva,Lucas Pires,Defender,BUR,15.52244884715767,17.197110530281094,100.0,100.0,,3.8,0.3,0.0,6.6,25,2,1.2,0.0,0.04,0.09,0.13,,247.0,294.6,117.0,65.6,90.0,0,0,1,30,15,3.0,3.0,1.0,2.0,5.0,0.0,4.8295938614423415,3.251921748321154,2.7484992029917454,2.411620327811692,2.280813706590736,1.6746616831234264,MCI(A),AVL(A),LEE(H),WOL(A),ARS(H),WHU(A),3.0,3.0,0.8968475614707909,0.9977997168619978,0.9978050397522342,1.1175408772327884,0.9210901427022543,1.0247656572203843,Burnley,38
Liam,Delap,Delap,Forward,CHE,13.054365213808023,17.18579367878564,100.0,100.0,,6.2,0.9,0.0,7.3,45,1,1.6,0.0,0.37,0.02,0.39,,67.8,73.7,349.0,47.3,5.0,1,2,2,18,12,1.0,18.0,0.0,0.0,1.0,0.0,2.5058537560707093,2.702326968036812,2.3950662804359304,2.921331627354557,2.5297865819100127,4.131428464977616,BHA(H),LIV(H),NFO(A),SUN(H),TOT(A),WOL(H),1.0,18.0,0.9780471761839342,0.9210901427022543,1.0111928019049574,1.0737272005708411,1.0111928019049574,1.110121305916802,Chelsea,38
Daniel,Ballard,Ballard,Defender,SUN,14.682413808996616,17.176029143608936,0.0,100.0,,4.6,2.4,0.0,25.2,116,0,4.0,0.0,0.1,0.03,0.13,,662.8,181.2,370.0,121.5,0.0,2,2,6,35,24,0.0,0.0,0.0,0.0,0.0,0.0,1.8031602294004485,3.5213594807640507,2.9670626282245793,2.530192839532913,3.860638631074623,2.4936153346123184,NFO(A),MUN(A),WOL(H),CHE(A),EVE(H),ARS(H),0.0,0.0,1.0111928019049574,0.9210852290552671,1.110121305916802,0.9523055174497719,1.0524659774929148,0.9210901427022543,Sunderland,38
Reinildo,Mandava,Reinildo,Defender,SUN,14.794238588147746,17.167877302777104,100.0,100.0,,3.8,3.0,0.0,19.5,74,2,3.0,0.0,0.01,0.03,0.04,,376.4,130.2,39.0,54.7,90.0,0,2,6,27,23,8.0,8.0,4.0,4.0,6.0,0.0,3.383793788785052,2.861205716799243,3.4473811512044046,2.2455794491421748,2.8562784822168705,2.373638714629358,NFO(A),MUN(A),WOL(H),CHE(A),EVE(H),ARS(H),8.0,8.0,1.0111928019049574,0.9210852290552671,1.110121305916802,0.9523055174497719,1.0524659774929148,0.9210901427022543,Sunderland,38
Merlin,Röhl,Röhl,Midfielder,EVE,14.049595493973584,17.157423517063386,100.0,100.0,,5.0,0.0,0.0,7.2,36,2,2.2,0.0,0.09,0.05,0.14,,113.0,87.4,62.0,26.3,61.0,1,1,2,13,6,4.0,5.9016393442622945,2.0,1.0,1.0,0.0,3.3100625472895486,3.443784661462316,1.950008207734235,2.7523589129171815,2.593381164570304,3.1078280230898003,WHU(H),CRY(H),MCI(A),TOT(H),SUN(A),FUL(H),4.0,5.9016393442622945,1.0316257548390524,1.0385262359175895,0.8968475614707909,1.0247711239638793,1.052460363008469,1.0111981962423193,Everton,38
Michael,Kayode,Kayode,Defender,BRE,14.60335639413153,17.101317140959146,100.0,100.0,,4.6,1.0,0.0,24.6,113,2,3.1,0.0,0.04,0.08,0.12,,613.8,470.2,130.0,121.7,90.0,1,2,10,49,37,5.0,5.0,3.0,2.0,4.0,0.0,3.250956317521175,3.1155510882280613,3.008461636961985,2.6253237950648423,2.6030635563554676,2.4979607468276175,MUN(H),MCI(H),WHU(A),LIV(H),CRY(A),NEW(H),5.0,5.0,0.9334535843879661,0.8968523458188399,1.0247656572203843,0.9210901427022543,1.0111928019049574,0.9586805445269106,Brentford,38
Antonín,Kinský,Kinsky,Goalkeeper,TOT,14.462928626984114,17.097373120130044,,,,3.9,1.9,0.0,5.1,20,5,2.9,0.0,0.0,0.0,0.0,,102.6,0.0,0.0,10.3,90.0,0,0,2,7,7,0.0,0.0,0.0,1.0,4.0,0.0,3.211810545513257,3.537149531365719,2.447900646823238,2.6040255962138747,2.6620423070680252,2.6344444931459314,WOL(H),LEE(A),AVL(H),EVE(A),CHE(H),MUN(H),0.0,0.0,1.110121305916802,1.045467296709635,0.971548547839499,1.0179566082209277,0.9650930995904489,0.9334535843879661,Spurs,38
Daniel,Muñoz Mejía,Muñoz,Defender,CRY,14.433549589584448,17.092043976492175,100.0,100.0,,5.9,9.2,0.0,23.1,136,1,4.7,0.0,0.09,0.15,0.24,,595.0,396.6,404.0,139.5,45.0,4,4,10,33,29,0.0,0.0,0.0,0.0,0.0,0.0,2.9650345185015894,3.5049227098124724,2.655844071954862,3.0195666486701698,2.2881816406453543,2.658494386907726,LIV(H),EVE(A),BOU(H),ARS(A),BRE(H),BHA(H),0.0,0.0,0.9210901427022543,1.0179566082209277,0.9911751304069054,0.9334486047869694,0.9780471761839342,0.9780471761839342,Crystal Palace,38
Harvey,Barnes,Barnes,Midfielder,NEW,13.202827947029146,17.089918227596428,,,,6.1,1.3,0.0,17.4,106,1,2.9,0.0,0.32,0.13,0.45,,404.0,387.5,682.0,147.0,45.0,7,1,5,31,19,0.0,0.0,0.0,0.0,0.0,0.0,2.573924094064537,2.794175961906902,2.1980440528342418,2.9761782747991563,2.6605055634243087,3.8870902805672833,ARS(H),NFO(H),BHA(A),FUL(H),WHU(A),BRE(A),0.0,0.0,0.9210901427022543,1.045472873888674,0.9780419586939864,1.0111981962423193,1.0247656572203843,1.0179566082209277,Newcastle,38
Adam,Armstrong,Armstrong,Forward,WOL,15.433704334023938,17.081598513991068,,,,5.1,0.1,0.0,7.6,39,7,2.8,0.0,0.22,0.07,0.29,,145.0,85.0,191.0,41.9,73.0,2,2,3,20,14,1.0,1.2328767123287672,0.0,0.0,1.0,0.0,2.986865375782731,3.3271045629842058,2.6157607106230603,3.4229670888139707,3.0810065958199693,1.64789417996713,TOT(A),BHA(H),SUN(A),BUR(H),FUL(A),CHE(A),1.0,1.2328767123287672,1.0111928019049574,0.9780471761839342,1.052460363008469,1.1325472438885735,1.0385206957960817,0.9523055174497719,Wolves,38
Noah,Sadiki,Sadiki,Midfielder,SUN,14.671541990201355,17.064750939035573,100.0,100.0,,4.9,0.1,0.0,16.3,80,1,2.4,0.0,0.04,0.05,0.09,,347.6,333.3,162.0,84.6,90.0,0,2,9,42,33,6.0,6.0,0.0,2.0,4.0,0.0,3.230469669822552,2.902152215016914,3.749393540500433,2.2980730535553104,2.491453511306146,2.3932089488342165,NFO(A),MUN(A),WOL(H),CHE(A),EVE(H),ARS(H),6.0,6.0,1.0111928019049574,0.9210852290552671,1.110121305916802,0.9523055174497719,1.0524659774929148,0.9210901427022543,Sunderland,38
Gianluigi,Donnarumma,Donnarumma,Goalkeeper,MCI,14.425138448211094,17.059536793191562,,,,5.6,9.3,0.0,24.1,135,0,4.0,0.0,0.0,0.0,0.0,,666.6,10.3,2.0,68.0,0.0,0,0,15,29,34,0.0,0.0,0.0,0.0,0.0,0.0,1.8727738049790497,4.254775428721998,2.38628771393327,2.9933779296768366,2.91792357089994,2.634398344980469,BUR(H),BRE(A),EVE(H),AVL(A),BOU(H),LIV(H),0.0,0.0,1.1325472438885735,1.0179566082209277,1.0524659774929148,0.9977997168619978,0.9911751304069054,0.9210901427022543,Man City,38
Vitalii,Mykolenko,Mykolenko,Defender,EVE,14.613323827029888,17.05645361644665,100.0,100.0,,4.9,0.7,0.0,19.4,95,2,2.9,0.0,0.01,0.07,0.08,,559.2,394.1,71.0,102.3,90.0,0,1,9,47,33,6.0,6.0,3.0,3.0,2.0,0.0,3.4228797522278134,3.338788880258711,2.546394322574866,2.757998144488118,2.5472627274803803,2.443129789416761,WHU(H),CRY(H),MCI(A),TOT(H),SUN(A),FUL(H),6.0,6.0,1.0316257548390524,1.0385262359175895,0.8968475614707909,1.0247711239638793,1.052460363008469,1.0111981962423193,Everton,38
Alex,Scott,Scott,Midfielder,BOU,14.100976932982682,17.037999594485218,100.0,100.0,,4.9,2.1,0.0,27.8,136,0,3.7,0.0,0.12,0.09,0.21,,597.2,482.0,314.0,139.0,0.0,3,2,11,41,34,0.0,0.0,0.0,0.0,0.0,0.0,2.70822552285088,3.4748628318002397,2.578563131854039,2.8486355760631787,2.4906898704143448,2.937022661502536,LEE(A),FUL(H),CRY(A),NFO(H),MCI(A),AVL(A),0.0,0.0,1.045467296709635,1.0111981962423193,1.0111928019049574,1.045472873888674,0.8968475614707909,0.9977997168619978,Bournemouth,38
Mateus Gonçalo,Espanha Fernandes,M.Fernandes,Midfielder,WHU,14.72168612969223,17.032877248087658,100.0,100.0,,5.5,0.6,0.0,24.5,135,9,3.8,0.0,0.06,0.09,0.15,,657.2,622.8,183.0,146.3,90.0,3,4,8,50,35,12.0,12.0,5.0,2.0,5.0,2.0,3.1406294055477773,3.531488510029141,2.6974536167604173,2.981986511465636,2.3701280858892586,2.3111911183954277,EVE(A),ARS(A),BRE(H),LEE(A),NEW(H),BUR(H),12.0,12.0,1.0179566082209277,0.9334486047869694,0.9780471761839342,1.045467296709635,0.9586805445269106,1.1325472438885735,West Ham,38
Noussair,Mazraoui,Mazraoui,Defender,MUN,14.034399372627849,16.991755345791848,100.0,100.0,,4.9,0.3,0.0,10.8,53,6,2.6,0.0,0.02,0.03,0.05,,209.0,122.4,37.0,36.8,73.0,0,0,5,10,11,5.0,6.164383561643835,1.0,4.0,4.0,0.0,3.43906678893525,3.1608788957835374,1.7742148568474534,2.863323646248422,2.7969151848131864,2.9573559731640002,BRE(A),SUN(H),LIV(A),BHA(H),NFO(A),TOT(A),5.0,6.164383561643835,1.0179566082209277,1.0737272005708411,0.9149650840122292,0.9780471761839342,1.0111928019049574,1.0111928019049574,Man Utd,38
Tyrone,Mings,Mings,Defender,AVL,14.808257160350458,16.974580899286085,100.0,100.0,,4.3,0.6,0.0,11.6,50,4,2.9,0.0,0.09,0.03,0.12,,282.6,80.5,105.0,46.8,90.0,0,1,3,23,15,11.0,11.0,1.0,10.0,1.0,2.0,3.441700189931322,3.628846455124741,3.065320849931287,2.4708898510787733,2.2014998142843347,2.166323738935629,FUL(H),BUR(H),TOT(A),MCI(H),LIV(A),BOU(H),11.0,11.0,1.0111981962423193,1.1325472438885735,1.0111928019049574,0.8968523458188399,0.9149650840122292,0.9911751304069054,Aston Villa,38
Nordi,Mukiele,Mukiele,Defender,SUN,14.665080217795909,16.934081006905583,100.0,100.0,,4.6,8.7,0.0,32.8,151,4,4.7,0.0,0.05,0.09,0.14,,733.6,353.1,242.0,132.9,90.0,3,5,9,40,32,12.0,12.0,2.0,10.0,8.0,2.0,3.515090700234161,2.428577621084427,3.29254035573496,2.639359081567721,2.78951245917464,2.2690007891096737,NFO(A),MUN(A),WOL(H),CHE(A),EVE(H),ARS(H),12.0,12.0,1.0111928019049574,0.9210852290552671,1.110121305916802,0.9523055174497719,1.0524659774929148,0.9210901427022543,Sunderland,38
Timothy,Castagne,Castagne,Defender,FUL,15.143429393573248,16.92290383149944,,,,4.3,0.2,0.0,14.2,61,8,2.0,0.0,0.07,0.07,0.14,,373.0,292.2,195.0,86.2,90.0,0,2,3,31,20,6.0,6.0,2.0,4.0,2.0,0.0,3.2961517501382827,3.6725156920554216,2.7722100138792736,2.5374273569552948,2.865124580544976,1.7794744379261918,AVL(A),BOU(A),ARS(H),NEW(A),WOL(H),EVE(A),6.0,6.0,0.9977997168619978,0.9586754303501859,0.9210901427022543,1.0385206957960817,1.110121305916802,1.0179566082209277,Fulham,38
Destiny,Udogie,Udogie,Defender,TOT,14.79607441557876,16.90823677350464,100.0,100.0,,4.3,0.3,0.0,6.7,29,7,1.4,0.0,0.01,0.05,0.06,,207.2,187.0,103.0,49.8,89.0,0,1,1,25,14,3.0,3.033707865168539,2.0,1.0,3.0,0.0,3.82249143438648,3.1078841738143725,2.6190703688252905,2.589099086088947,2.6575293524636696,2.112162357925881,WOL(H),LEE(A),AVL(H),EVE(A),CHE(H),MUN(H),3.0,3.033707865168539,1.110121305916802,1.045467296709635,0.971548547839499,1.0179566082209277,0.9650930995904489,0.9334535843879661,Spurs,38
Mathys,Tel,Tel,Midfielder,TOT,14.75432834260979,16.904242678084604,100.0,100.0,,6.2,0.5,0.0,12.6,78,3,2.5,0.0,0.17,0.16,0.33,,303.4,457.2,312.0,107.6,72.0,4,2,3,23,13,6.0,7.5,1.0,1.0,4.0,0.0,3.822105354278262,3.346448968109338,2.765587299909774,2.5053303424898674,2.314856377822549,2.1499143354748123,WOL(H),LEE(A),AVL(H),EVE(A),CHE(H),MUN(H),6.0,7.5,1.110121305916802,1.045467296709635,0.971548547839499,1.0179566082209277,0.9650930995904489,0.9334535843879661,Spurs,38
Nikola,Milenković,Milenković,Defender,NFO,15.29102773139663,16.856043515299238,,,,5.1,3.3,0.0,23.3,119,4,3.1,0.0,0.02,0.02,0.04,,680.4,66.9,120.0,86.9,90.0,0,1,9,51,37,10.0,10.0,1.0,9.0,4.0,2.0,3.7829286285937944,3.537267096119871,2.7947422506384663,2.6531020607770652,2.522987695267434,1.565015783902609,SUN(H),NEW(A),CHE(H),BOU(A),MUN(H),LEE(H),10.0,10.0,1.0737272005708411,1.0385206957960817,0.9650930995904489,0.9586754303501859,0.9334535843879661,0.9978050397522342,Nott'm Forest,38
Jefferson,Lerma Solís,Lerma,Midfielder,CRY,14.766460789524974,16.853996676144057,100.0,100.0,,4.9,0.1,0.0,14.1,69,4,2.2,0.0,0.1,0.08,0.18,,287.6,207.2,233.0,72.5,90.0,0,5,7,25,18,13.0,13.0,2.0,9.0,2.0,2.0,2.8276380278558677,3.506790838079869,3.434257742989729,2.5322826881188063,2.465491492480701,2.0875358866190825,LIV(H),EVE(A),BOU(H),ARS(A),BRE(H),BHA(H),13.0,13.0,0.9210901427022543,1.0179566082209277,0.9911751304069054,0.9334486047869694,0.9780471761839342,0.9780471761839342,Crystal Palace,38
Jake,O'Brien,O'Brien,Defender,EVE,13.927368880728281,16.832866588930962,100.0,100.0,,4.9,0.7,0.0,23.7,116,1,3.1,0.0,0.05,0.03,0.08,,582.8,282.9,206.0,107.5,61.0,1,3,10,46,35,4.0,5.9016393442622945,1.0,3.0,1.0,0.0,3.363944703079329,3.348751412066683,1.7810450859030813,2.9118118150395493,2.5218158646396382,2.9054977082026827,WHU(H),CRY(H),MCI(A),TOT(H),SUN(A),FUL(H),4.0,5.9016393442622945,1.0316257548390524,1.0385262359175895,0.8968475614707909,1.0247711239638793,1.052460363008469,1.0111981962423193,Everton,38
André,Trindade da Costa Neto,André,Midfielder,WOL,14.687712494351896,16.788791751702806,100.0,100.0,,5.2,0.1,0.0,18.5,96,4,2.7,0.0,0.02,0.03,0.05,,423.0,320.6,46.0,78.9,90.0,1,0,2,53,30,13.0,13.0,4.0,3.0,6.0,2.0,3.532215978979422,3.137813111350522,3.0808054132698346,2.5360373194043992,2.4008406713477184,2.1010792573509116,TOT(A),BHA(H),SUN(A),BUR(H),FUL(A),CHE(A),13.0,13.0,1.0111928019049574,0.9780471761839342,1.052460363008469,1.1325472438885735,1.0385206957960817,0.9523055174497719,Wolves,38
Lewis,Hall,Hall,Defender,NEW,15.150200212756353,16.783206317257857,100.0,100.0,,5.3,3.3,0.0,14.9,79,1,2.6,0.0,0.04,0.11,0.15,,550.2,433.6,196.0,118.0,90.0,1,2,4,39,24,7.0,7.0,1.0,6.0,5.0,0.0,3.3700813812710373,3.765763470218305,2.937430177845938,2.6169564665049108,2.4599687169161615,1.6330061045015025,ARS(H),NFO(H),BHA(A),FUL(H),WHU(A),BRE(A),7.0,7.0,0.9210901427022543,1.045472873888674,0.9780419586939864,1.0111981962423193,1.0247656572203843,1.0179566082209277,Newcastle,38
Loum,Tchaouna,Tchaouna,Midfielder,BUR,14.948376118390064,16.75497109527622,,,,4.8,0.0,0.0,12.3,59,5,2.0,0.0,0.09,0.07,0.16,,185.8,231.1,173.0,59.3,74.0,2,2,2,24,14,2.0,2.4324324324324325,0.0,0.0,2.0,0.0,2.5480279383641067,4.8203809385077845,2.2597499655528295,2.7753167309639997,2.544900545001342,1.8065949768861538,MCI(A),AVL(A),LEE(H),WOL(A),ARS(H),WHU(A),2.0,2.4324324324324325,0.8968475614707909,0.9977997168619978,0.9978050397522342,1.1175408772327884,0.9210901427022543,1.0247656572203843,Burnley,38
Ian,Maatsen,Maatsen,Defender,AVL,14.633427057855808,16.74336726504528,,,,4.2,0.5,0.0,12.9,54,5,1.8,0.0,0.07,0.14,0.21,,336.6,373.4,231.0,94.3,90.0,0,1,2,27,17,14.0,14.0,4.0,10.0,3.0,2.0,3.462106466048537,3.309163780967367,2.3763074560619692,3.214251570939463,2.271597783838472,2.1099402071894695,FUL(H),BUR(H),TOT(A),MCI(H),LIV(A),BOU(H),14.0,14.0,1.0111981962423193,1.1325472438885735,1.0111928019049574,0.8968523458188399,0.9149650840122292,0.9911751304069054,Aston Villa,38
Andrew,Robertson,Robertson,Defender,LIV,14.849982969627359,16.73894351178488,,,,5.7,1.2,0.0,9.6,55,2,2.3,0.0,0.08,0.11,0.19,,239.8,318.8,121.0,68.2,82.0,1,0,4,16,11,4.0,4.390243902439025,0.0,4.0,2.0,0.0,3.1381382986415716,3.7369610161387214,2.5015779025663853,3.098410424893348,2.3748953273873328,1.8889605421575186,CRY(A),CHE(A),MUN(H),BRE(A),AVL(H),MCI(A),4.0,4.390243902439025,1.0111928019049574,0.9523055174497719,0.9334535843879661,1.0179566082209277,0.971548547839499,0.8968475614707909,Liverpool,38
Mathias,Jensen,Jensen,Midfielder,BRE,14.221993161701501,16.729627659661375,,,,4.9,0.1,0.0,20.0,98,2,2.7,0.0,0.09,0.24,0.33,,435.6,632.7,201.0,126.9,82.0,3,2,9,33,26,7.0,7.682926829268292,1.0,1.0,5.0,0.0,3.153460615364485,2.5416331357908173,2.67704853134191,3.015539929131762,2.8343109500725276,2.507634497959874,MUN(H),MCI(H),WHU(A),LIV(H),CRY(A),NEW(H),7.0,7.682926829268292,0.9334535843879661,0.8968523458188399,1.0247656572203843,0.9210901427022543,1.0111928019049574,0.9586805445269106,Brentford,38
Michael,Keane,Keane,Defender,EVE,14.756425738661685,16.724772860649065,100.0,100.0,,4.5,3.1,0.0,29.1,131,4,4.0,0.0,0.08,0.02,0.1,,770.4,47.4,299.0,111.7,90.0,3,1,7,42,29,11.0,11.0,2.0,9.0,2.0,2.0,3.7271950049591034,2.9860829401852076,2.406560831206771,2.7225139317305573,2.9140730305800466,1.9683471219873785,WHU(H),CRY(H),MCI(A),TOT(H),SUN(A),FUL(H),11.0,11.0,1.0316257548390524,1.0385262359175895,0.8968475614707909,1.0247711239638793,1.052460363008469,1.0111981962423193,Everton,38
Luke,Shaw,Shaw,Defender,MUN,14.328347543773512,16.67612133861087,100.0,100.0,,4.5,1.1,0.0,25.1,113,6,3.0,0.0,0.02,0.06,0.08,,560.2,314.8,97.0,97.4,81.0,1,1,10,45,38,6.0,6.666666666666666,2.0,4.0,2.0,0.0,3.590189279843713,3.3386345415256757,2.419497332058803,2.5806314109450468,2.3993949794002742,2.347773794837355,BRE(A),SUN(H),LIV(A),BHA(H),NFO(A),TOT(A),6.0,6.666666666666666,1.0179566082209277,1.0737272005708411,0.9149650840122292,0.9780471761839342,1.0111928019049574,1.0111928019049574,Man Utd,38
Matty,Cash,Cash,Defender,AVL,13.769921213650786,16.673489613719322,100.0,100.0,,4.6,7.4,0.0,25.4,117,1,3.3,0.0,0.03,0.09,0.12,,643.0,510.7,221.0,137.5,45.0,3,3,8,38,34,1.0,2.0,0.0,1.0,2.0,0.0,3.546883294638047,3.7296135596740188,1.9267574689715135,2.328684552850988,2.237982337516218,2.903568400068537,FUL(H),BUR(H),TOT(A),MCI(H),LIV(A),BOU(H),1.0,2.0,1.0111981962423193,1.1325472438885735,1.0111928019049574,0.8968523458188399,0.9149650840122292,0.9911751304069054,Aston Villa,38
Jayden,Bogle,Bogle,Defender,LEE,14.897725937759539,16.63614194186681,75.0,100.0,,4.4,0.4,0.0,21.8,96,2,2.8,0.0,0.07,0.1,0.17,,436.0,346.1,218.0,100.3,77.0,1,5,6,44,32,8.0,9.350649350649352,4.0,4.0,2.0,0.0,3.958336282188725,3.67037436101907,1.9434933369795293,3.0093638938231355,2.3161580637490795,1.73841600410727,BOU(H),TOT(H),BUR(A),WHU(H),BHA(A),NFO(A),8.0,9.350649350649352,0.9911751304069054,1.0247711239638793,1.0881336264811785,1.0316257548390524,0.9780419586939864,1.0111928019049574,Leeds,38
Tyler,Adams,Adams,Midfielder,BOU,14.277379968600586,16.6147871396204,100.0,100.0,,4.9,0.3,0.0,15.7,77,4,3.1,0.0,0.03,0.03,0.06,,387.0,158.2,115.0,66.3,90.0,2,2,7,28,21,17.0,17.0,6.0,2.0,9.0,2.0,3.478669325274595,2.937225408360107,2.8198400667409405,2.866382329097412,2.1752628391275324,2.337407171019814,LEE(A),FUL(H),CRY(A),NFO(H),MCI(A),AVL(A),17.0,17.0,1.045467296709635,1.0111981962423193,1.0111928019049574,1.045472873888674,0.8968475614707909,0.9977997168619978,Bournemouth,38
Bashir,Humphreys,Humphreys,Defender,BUR,13.966718522712632,16.59433032325599,100.0,100.0,,3.9,0.1,0.0,12.1,47,2,2.4,0.0,0.02,0.04,0.06,,379.0,135.6,101.0,61.4,90.0,0,2,2,33,17,3.0,3.0,0.0,3.0,5.0,0.0,2.2963407000102967,2.7986316287852038,3.118571856349115,3.0393908123161935,2.713783525251823,2.627611800543354,MCI(A),AVL(A),LEE(H),WOL(A),ARS(H),WHU(A),3.0,3.0,0.8968475614707909,0.9977997168619978,0.9978050397522342,1.1175408772327884,0.9210901427022543,1.0247656572203843,Burnley,38
Reece,James,James,Defender,CHE,14.103158704878211,16.55015846531359,100.0,100.0,,5.6,6.0,0.0,20.5,115,1,4.0,0.0,0.05,0.15,0.2,,459.0,483.7,116.0,106.1,38.0,2,6,8,20,20,0.0,0.0,0.0,0.0,2.0,0.0,3.603296047732164,2.696118579574638,1.753782769717092,3.3748684631311217,2.6750928447231965,2.4469997604353795,BHA(H),LIV(H),NFO(A),SUN(H),TOT(A),WOL(H),0.0,0.0,0.9780471761839342,0.9210901427022543,1.0111928019049574,1.0737272005708411,1.0111928019049574,1.110121305916802,Chelsea,38
Joško,Gvardiol,Gvardiol,Defender,MCI,13.663673719872266,16.54474147166312,100.0,100.0,,5.8,3.2,0.0,13.6,79,1,4.4,0.0,0.15,0.05,0.2,,369.0,109.5,218.0,69.8,12.0,2,2,6,13,16,1.0,7.5,0.0,1.0,1.0,0.0,2.909090564215701,2.699859736111685,2.464705718012734,2.9376255520868613,2.6523921494452853,2.8810677517908534,BUR(H),BRE(A),EVE(H),AVL(A),BOU(H),LIV(H),1.0,7.5,1.1325472438885735,1.0179566082209277,1.0524659774929148,0.9977997168619978,0.9911751304069054,0.9210901427022543,Man City,38
Patrick,Dorgu,Dorgu,Defender,MUN,14.14409763229854,16.53216100501334,100.0,100.0,,4.1,2.4,0.0,23.2,95,18,3.7,0.0,0.15,0.12,0.27,,469.0,394.2,341.0,120.3,61.0,4,4,4,20,15,1.0,1.4754098360655736,1.0,0.0,1.0,0.0,3.5379054227731763,3.3789817795137393,2.030587665242021,2.518192460546138,2.6784303042234643,2.3880633727148015,BRE(A),SUN(H),LIV(A),BHA(H),NFO(A),TOT(A),1.0,1.4754098360655736,1.0179566082209277,1.0737272005708411,0.9149650840122292,0.9780471761839342,1.0111928019049574,1.0111928019049574,Man Utd,38
Djed,Spence,Spence,Defender,TOT,14.36616268063456,16.51493866339031,100.0,100.0,,4.1,0.9,0.0,19.0,78,6,2.6,0.0,0.04,0.08,0.12,,291.0,209.7,207.0,70.5,90.0,0,0,9,31,23,3.0,3.0,2.0,1.0,5.0,0.0,3.5031996351013333,2.794074049033546,3.1486758298961655,2.3882108931202266,2.53200227348329,2.148775982755751,WOL(H),LEE(A),AVL(H),EVE(A),CHE(H),MUN(H),3.0,3.0,1.110121305916802,1.045467296709635,0.971548547839499,1.0179566082209277,0.9650930995904489,0.9334535843879661,Spurs,38
Nico,González Iglesias,N.Gonzalez,Midfielder,MCI,14.538962271356361,16.455986260685883,100.0,100.0,,5.9,0.1,0.0,10.7,63,4,2.5,0.0,0.04,0.06,0.1,,309.8,234.1,72.0,61.5,90.0,1,0,7,18,17,14.0,14.0,3.0,4.0,7.0,2.0,3.4867058345054245,3.113514519999458,3.0583266249367607,2.543972469097259,2.336442822817458,1.9170239893295233,BUR(H),BRE(A),EVE(H),AVL(A),BOU(H),LIV(H),14.0,14.0,1.1325472438885735,1.0179566082209277,1.0524659774929148,0.9977997168619978,0.9911751304069054,0.9210901427022543,Man City,38
Lesley,Ugochukwu,Ugochukwu,Midfielder,BUR,13.799258316900145,16.420413741729888,100.0,100.0,,5.0,0.1,0.0,19.4,97,2,2.8,0.0,0.1,0.02,0.12,,412.2,181.5,210.0,80.2,74.0,3,3,3,51,27,5.0,6.081081081081082,0.0,1.0,4.0,0.0,2.554568225046027,3.3306871157755906,2.618747823529363,2.639338298465378,2.6559168540837863,2.6211554248297415,MCI(A),AVL(A),LEE(H),WOL(A),ARS(H),WHU(A),5.0,6.081081081081082,0.8968475614707909,0.9977997168619978,0.9978050397522342,1.1175408772327884,0.9210901427022543,1.0247656572203843,Burnley,38
Tolu,Arokodare,Tolu,Forward,WOL,13.826866240391311,16.405481105756767,,,,5.1,0.1,0.0,12.9,66,1,2.0,0.0,0.35,0.03,0.38,,252.4,178.4,561.0,98.2,24.0,3,2,3,28,13,2.0,7.5,0.0,2.0,0.0,0.0,2.3822731434889954,2.7075009813678115,2.6309822043679487,3.140502292424876,2.965607618741679,2.5786148653654544,TOT(A),BHA(H),SUN(A),BUR(H),FUL(A),CHE(A),2.0,7.5,1.0111928019049574,0.9780471761839342,1.052460363008469,1.1325472438885735,1.0385206957960817,0.9523055174497719,Wolves,38
Harry,Maguire,Maguire,Defender,MUN,14.56043406862391,16.370749852968284,100.0,100.0,,4.4,1.7,0.0,20.5,90,6,3.9,0.0,0.06,0.03,0.09,,381.6,62.5,184.0,63.0,90.0,1,2,7,20,19,7.0,7.0,1.0,6.0,2.0,0.0,3.588161825743461,3.489401516643696,2.39547471504106,2.5986808501808074,2.4887151610148877,1.8103157843443742,BRE(A),SUN(H),LIV(A),BHA(H),NFO(A),TOT(A),7.0,7.0,1.0179566082209277,1.0737272005708411,0.9149650840122292,0.9780471761839342,1.0111928019049574,1.0111928019049574,Man Utd,38
Nathan,Aké,Aké,Defender,MCI,14.72051404704746,16.326526367155328,,,,5.2,0.6,0.0,6.9,36,1,2.0,0.0,0.09,0.07,0.16,,132.4,111.7,78.0,32.4,76.0,0,0,3,9,6,1.0,1.1842105263157894,0.0,1.0,3.0,0.0,3.5082263340267423,3.983083313148356,2.2111469918738553,2.523381711341982,2.494675696656525,1.6060123201078682,BUR(H),BRE(A),EVE(H),AVL(A),BOU(H),LIV(H),1.0,1.1842105263157894,1.1325472438885735,1.0179566082209277,1.0524659774929148,0.9977997168619978,0.9911751304069054,0.9210901427022543,Man City,38
Ibrahima,Konaté,Konaté,Defender,LIV,14.227381171184655,16.299178733821,100.0,100.0,,5.4,3.8,0.0,23.9,129,1,3.6,0.0,0.03,0.03,0.06,,779.2,160.5,119.0,106.1,88.0,1,0,10,45,36,4.0,4.090909090909091,1.0,3.0,7.0,0.0,3.8378215212140585,2.606139964349154,2.7734377218227575,2.5708963037012422,2.439085660097442,2.0717975626363483,CRY(A),CHE(A),MUN(H),BRE(A),AVL(H),MCI(A),4.0,4.090909090909091,1.0111928019049574,0.9523055174497719,0.9334535843879661,1.0179566082209277,0.971548547839499,0.8968475614707909,Liverpool,38
Will,Hughes,Hughes,Midfielder,CRY,14.083485643530175,16.251555225021566,100.0,100.0,,4.7,0.1,0.0,9.6,45,2,1.5,0.0,0.06,0.11,0.17,,198.0,322.9,90.0,60.9,90.0,0,1,5,18,19,5.0,5.0,2.0,2.0,1.0,0.0,2.7718017596604305,2.9933225114341604,3.6288356886425923,2.523310964780843,2.1662147190121486,2.1680695814913897,LIV(H),EVE(A),BOU(H),ARS(A),BRE(H),BHA(H),5.0,5.0,0.9210901427022543,1.0179566082209277,0.9911751304069054,0.9334486047869694,0.9780471761839342,0.9780471761839342,Crystal Palace,38
Habib,Diarra,Diarra,Midfielder,SUN,13.399136971461566,16.244569635281437,100.0,100.0,,5.3,0.1,0.0,12.3,65,0,3.2,0.0,0.21,0.05,0.26,,166.2,153.8,234.0,53.9,29.0,2,6,5,19,15,2.0,6.206896551724138,0.0,0.0,2.0,0.0,2.736531579661572,2.5315551904826243,2.965839601526549,2.708655474064808,2.4565551257260125,2.8454326638198704,NFO(A),MUN(A),WOL(H),CHE(A),EVE(H),ARS(H),2.0,6.206896551724138,1.0111928019049574,0.9210852290552671,1.110121305916802,0.9523055174497719,1.0524659774929148,0.9210901427022543,Sunderland,38
Yankuba,Minteh,Minteh,Midfielder,BHA,13.232397635413987,16.231214429907332,100.0,100.0,,5.5,2.5,0.0,21.3,117,1,3.4,0.0,0.14,0.19,0.33,,491.8,691.4,617.0,180.3,45.0,3,8,11,33,26,3.0,6.0,3.0,0.0,0.0,0.0,3.4860916370791335,3.6261956703887037,2.144320793038666,1.5691405081406296,2.406649026766855,2.998816794493345,CHE(A),WOL(A),NEW(H),MUN(A),LEE(H),CRY(A),3.0,6.0,0.9523055174497719,1.1175408772327884,0.9586805445269106,0.9210852290552671,0.9978050397522342,1.0111928019049574,Brighton,38
James,Trafford,Trafford,Goalkeeper,MCI,13.92408444895475,16.22622502556348,,,,4.5,0.9,0.0,2.9,13,2,3.2,0.0,0.0,0.0,0.0,,118.0,0.0,0.0,11.9,90.0,0,0,1,6,4,0.0,0.0,0.0,0.0,2.0,0.0,3.6700878781456034,3.5644076479648583,2.6241259606203653,1.644917406030335,2.4205455561935856,2.3021405766087306,BUR(H),BRE(A),EVE(H),AVL(A),BOU(H),LIV(H),0.0,0.0,1.1325472438885735,1.0179566082209277,1.0524659774929148,0.9977997168619978,0.9911751304069054,0.9210901427022543,Man City,38
Maxim,De Cuyper,De Cuyper,Defender,BHA,14.039111656983254,16.22153578131685,100.0,100.0,,4.3,1.7,0.0,19.5,84,0,2.8,0.0,0.11,0.26,0.37,,327.8,516.6,154.0,99.9,45.0,2,3,5,23,17,1.0,2.0,1.0,0.0,0.0,0.0,3.00796957644759,3.5145434758419025,2.0362076359438546,3.002318330903434,2.478072637846474,2.182424124333596,CHE(A),WOL(A),NEW(H),MUN(A),LEE(H),CRY(A),1.0,2.0,0.9523055174497719,1.1175408772327884,0.9586805445269106,0.9210852290552671,0.9978050397522342,1.0111928019049574,Brighton,38
Piero,Hincapié,Hincapie,Defender,ARS,14.446198333927729,16.205060133619327,100.0,100.0,,5.1,0.9,0.0,17.1,87,2,3.5,0.0,0.02,0.08,0.1,,453.6,184.7,72.0,70.9,90.0,1,2,5,19,20,5.0,5.0,0.0,5.0,4.0,0.0,3.306124920121079,2.916223423453642,2.518575749515661,3.1479076941411437,2.557366546696205,1.758861799691596,NEW(A),WHU(H),FUL(A),CRY(H),BUR(A),SUN(A),5.0,5.0,1.0385206957960817,1.0316257548390524,1.0385206957960817,1.0385262359175895,1.0881336264811785,1.052460363008469,Arsenal,38
Rodrigo,Bentancur,Bentancur,Midfielder,TOT,13.786422164342348,16.203649652677527,100.0,100.0,,5.2,0.2,0.0,16.5,86,5,3.3,0.0,0.03,0.04,0.07,,349.0,197.8,124.0,67.4,81.0,1,1,8,25,23,14.0,15.555555555555555,3.0,4.0,7.0,2.0,3.4317527286484473,3.1837014670992216,2.4624025217083116,2.276269398609485,2.4322960482768816,2.4172274883351785,WOL(H),LEE(A),AVL(H),EVE(A),CHE(H),MUN(H),14.0,15.555555555555555,1.110121305916802,1.045467296709635,0.971548547839499,1.0179566082209277,0.9650930995904489,0.9334535843879661,Spurs,38
Wilson,Isidor,Isidor,Forward,SUN,13.522994164661485,16.19872835691259,100.0,100.0,,5.0,1.3,0.0,14.8,74,1,2.3,0.0,0.37,0.03,0.4,,242.0,30.4,444.0,71.5,29.0,6,1,4,17,11,1.0,3.103448275862069,1.0,0.0,0.0,0.0,2.506001691029901,2.4878564808805415,3.439360087785731,2.4439105648393045,2.6458653401260066,2.6757341922511046,NFO(A),MUN(A),WOL(H),CHE(A),EVE(H),ARS(H),1.0,3.103448275862069,1.0111928019049574,0.9210852290552671,1.110121305916802,0.9523055174497719,1.0524659774929148,0.9210901427022543,Sunderland,38
Neco,Williams,N.Williams,Defender,NFO,13.99868495303609,16.195728502547993,100.0,100.0,,4.8,4.2,0.0,26.7,128,2,3.5,0.0,0.06,0.11,0.17,,804.0,572.3,380.0,175.6,90.0,2,3,9,48,36,8.0,8.0,2.0,6.0,6.0,0.0,3.803657002176709,2.6143356642522817,2.9564846042417288,2.4100784288776667,2.2141292534877053,2.197043549511903,SUN(H),NEW(A),CHE(H),BOU(A),MUN(H),LEE(H),8.0,8.0,1.0737272005708411,1.0385206957960817,0.9650930995904489,0.9586754303501859,0.9334535843879661,0.9978050397522342,Nott'm Forest,38
Bernardo,Mota Veiga de Carvalho e Silva,Bernardo,Midfielder,MCI,14.201943756331088,16.170821802137443,100.0,100.0,,6.2,0.7,0.0,16.5,102,1,2.7,0.0,0.09,0.13,0.22,,514.0,809.0,353.0,167.8,58.0,2,4,13,30,34,8.0,12.413793103448276,4.0,2.0,2.0,0.0,3.9856695801637656,2.7819433146419885,2.708111690524041,2.4484847724524896,2.277734398548802,1.9688780458063546,BUR(H),BRE(A),EVE(H),AVL(A),BOU(H),LIV(H),8.0,12.413793103448276,1.1325472438885735,1.0179566082209277,1.0524659774929148,0.9977997168619978,0.9911751304069054,0.9210901427022543,Man City,38
Ross,Barkley,Barkley,Midfielder,AVL,14.304204612971496,16.154484710339847,100.0,100.0,,4.8,0.1,0.0,11.7,56,5,2.7,0.0,0.17,0.13,0.3,,227.8,162.3,191.0,58.1,85.0,3,2,1,15,7,3.0,3.1764705882352944,2.0,0.0,1.0,0.0,2.949374828376564,3.9714411155666585,3.014245398308624,2.3000991019671053,2.0690441687525434,1.8502800973683502,FUL(H),BUR(H),TOT(A),MCI(H),LIV(A),BOU(H),3.0,3.1764705882352944,1.0111981962423193,1.1325472438885735,1.0111928019049574,0.8968523458188399,0.9149650840122292,0.9911751304069054,Aston Villa,38
Hannibal,Mejbri,Hannibal,Midfielder,BUR,14.235215560414376,16.098357974762962,100.0,100.0,,4.7,0.1,0.0,12.6,59,1,2.2,0.0,0.07,0.15,0.22,,252.8,330.9,128.0,71.0,65.0,1,5,2,27,15,5.0,6.923076923076923,1.0,1.0,3.0,0.0,3.05149597388165,3.4167367521384815,2.358672296067514,2.997188029760517,2.411122508566214,1.8631424143485862,MCI(A),AVL(A),LEE(H),WOL(A),ARS(H),WHU(A),5.0,6.923076923076923,0.8968475614707909,0.9977997168619978,0.9978050397522342,1.1175408772327884,0.9210901427022543,1.0247656572203843,Burnley,38
El Hadji Malick,Diouf,Diouf,Defender,WHU,14.124781969181157,16.088926408333908,100.0,100.0,,4.1,2.4,0.0,25.4,104,6,3.2,0.0,0.02,0.08,0.1,,583.6,480.2,133.0,119.8,90.0,0,6,9,47,30,8.0,8.0,1.0,7.0,7.0,0.0,3.533550273062418,2.925837574580837,2.776353133628369,2.681631000465064,2.2074099874444686,1.9641444391527505,EVE(A),ARS(A),BRE(H),LEE(A),NEW(H),BUR(H),8.0,8.0,1.0179566082209277,0.9334486047869694,0.9780471761839342,1.045467296709635,0.9586805445269106,1.1325472438885735,West Ham,38
Ryan,Yates,Yates,Midfielder,NFO,13.072662336551302,16.08523702965306,100.0,100.0,,4.7,0.1,0.0,6.4,30,1,1.4,0.0,0.07,0.06,0.13,,139.0,79.7,55.0,27.2,25.0,0,2,0,7,2,6.0,21.599999999999998,2.0,2.0,2.0,0.0,2.699541670895296,2.867934770245873,2.447634047336122,2.6656402355174476,2.3919116125565636,3.0125746931017603,SUN(H),NEW(A),CHE(H),BOU(A),MUN(H),LEE(H),6.0,21.599999999999998,1.0737272005708411,1.0385206957960817,0.9650930995904489,0.9586754303501859,0.9334535843879661,0.9978050397522342,Nott'm Forest,38
Victor,Lindelöf,Lindelöf,Defender,AVL,12.841314841994667,16.048403366485555,100.0,100.0,,4.5,0.1,0.0,6.4,29,2,1.7,0.0,0.03,0.01,0.04,,167.8,36.6,22.0,22.7,72.0,0,1,1,15,11,5.0,6.25,1.0,4.0,3.0,0.0,2.776343803197064,3.4351784708353184,2.024568684843719,2.119219107957575,2.486004775160991,3.2070885244908895,FUL(H),BUR(H),TOT(A),MCI(H),LIV(A),BOU(H),5.0,6.25,1.0111981962423193,1.1325472438885735,1.0111928019049574,0.8968523458188399,0.9149650840122292,0.9911751304069054,Aston Villa,38
Christian,Nørgaard,Nørgaard,Midfielder,ARS,12.76168697055188,16.037868429447236,100.0,100.0,,5.1,0.1,0.0,1.4,7,1,1.0,0.0,0.07,0.04,0.11,,23.4,5.5,10.0,4.0,45.0,0,0,0,1,1,5.0,10.0,3.0,2.0,0.0,0.0,3.319978729363566,2.1655727667946225,1.7398928108415357,2.550871701592049,2.985370961960108,3.2761814588953575,NEW(A),WHU(H),FUL(A),CRY(H),BUR(A),SUN(A),5.0,10.0,1.0385206957960817,1.0316257548390524,1.0385206957960817,1.0385262359175895,1.0881336264811785,1.052460363008469,Arsenal,38
Jacob,Ramsey,J.Ramsey,Midfielder,NEW,13.83110801535239,15.990050004960436,100.0,100.0,,5.3,0.3,0.0,11.7,62,4,2.2,0.0,0.07,0.09,0.16,,304.4,330.3,165.0,79.9,90.0,2,3,1,31,15,14.0,14.0,5.0,3.0,6.0,2.0,3.2151549747497112,2.9846591351107454,2.964494524235273,2.3694411988199624,2.2973581824366978,2.1589419896080457,ARS(H),NFO(H),BHA(A),FUL(H),WHU(A),BRE(A),14.0,14.0,0.9210901427022543,1.045472873888674,0.9780419586939864,1.0111981962423193,1.0247656572203843,1.0179566082209277,Newcastle,38
Nilson,Angulo,Angulo,Midfielder,SUN,13.877234023391818,15.978116987926331,100.0,100.0,,5.0,0.0,0.0,2.6,13,1,1.6,0.0,0.17,0.03,0.2,,45.4,44.3,89.0,17.8,60.0,0,0,1,6,5,10.0,15.0,2.0,5.0,3.0,0.0,3.252285385865855,2.8480952441588254,2.632383264045388,2.203018710389489,2.941451418932261,2.1008829645345135,NFO(A),MUN(A),WOL(H),CHE(A),EVE(H),ARS(H),10.0,15.0,1.0111928019049574,0.9210852290552671,1.110121305916802,0.9523055174497719,1.0524659774929148,0.9210901427022543,Sunderland,38
Jaka,Bijol,Bijol,Defender,LEE,13.6651798204882,15.953239253359726,100.0,100.0,,3.9,1.3,0.0,25.4,99,1,4.0,0.0,0.04,0.04,0.08,,531.8,84.5,243.0,86.0,69.0,1,3,5,26,21,9.0,11.739130434782608,1.0,8.0,2.0,0.0,3.304953640631358,3.372872963892129,1.8747853138333983,2.7944586199224655,2.3181092822088503,2.288059432871526,BOU(H),TOT(H),BUR(A),WHU(H),BHA(A),NFO(A),9.0,11.739130434782608,0.9911751304069054,1.0247711239638793,1.0881336264811785,1.0316257548390524,0.9780419586939864,1.0111928019049574,Leeds,38
Pau,Torres,Pau,Defender,AVL,13.191520162302869,15.951329373990765,100.0,100.0,,4.3,0.3,0.0,14.9,64,1,3.0,0.0,0.07,0.02,0.09,,321.8,47.1,79.0,45.1,17.0,0,2,5,19,18,3.0,15.882352941176471,0.0,3.0,0.0,0.0,2.7833937130491524,3.4216188178214124,2.672135562153664,2.122798576319193,2.1915734929594475,2.759809211687896,FUL(H),BUR(H),TOT(A),MCI(H),LIV(A),BOU(H),3.0,15.882352941176471,1.0111981962423193,1.1325472438885735,1.0111928019049574,0.8968523458188399,0.9149650840122292,0.9911751304069054,Aston Villa,38
Conor,Gallagher,Gallagher,Midfielder,TOT,13.743732489082443,15.940969980834755,100.0,100.0,,5.0,0.2,0.0,8.8,44,3,2.8,0.0,0.09,0.05,0.14,,190.6,205.9,154.0,55.1,81.0,1,1,2,23,14,8.0,8.88888888888889,2.0,1.0,5.0,0.0,4.198929910676653,3.043262685547073,2.1638988248885775,2.011631599055157,2.326009468914982,2.197237491752311,WOL(H),LEE(A),AVL(H),EVE(A),CHE(H),MUN(H),8.0,8.88888888888889,1.110121305916802,1.045467296709635,0.971548547839499,1.0179566082209277,0.9650930995904489,0.9334535843879661,Spurs,38
Tyrick,Mitchell,Mitchell,Defender,CRY,13.412141849994368,15.940006099208002,,,,5.0,2.3,0.0,27.0,135,1,3.6,0.0,0.04,0.07,0.11,,649.0,467.3,241.0,136.0,45.0,1,3,12,47,36,3.0,6.0,0.0,3.0,3.0,0.0,2.607356473305316,4.005796562701621,1.863225238951853,2.492740605689345,2.4430229693462326,2.527864249213634,LIV(H),EVE(A),BOU(H),ARS(A),BRE(H),BHA(H),3.0,6.0,0.9210901427022543,1.0179566082209277,0.9911751304069054,0.9334486047869694,0.9780471761839342,0.9780471761839342,Crystal Palace,38
Omari,Hutchinson,Hutchinson,Midfielder,NFO,14.051723430293615,15.915957372815356,,,,5.4,0.1,0.0,15.2,82,5,2.6,0.0,0.11,0.21,0.32,,333.6,527.1,356.0,121.6,77.0,1,7,6,24,17,6.0,7.012987012987013,3.0,0.0,3.0,0.0,3.227601139225712,3.513428694568668,2.019753827080071,2.995528338695197,2.2954114307239664,1.8642339425217413,SUN(H),NEW(A),CHE(H),BOU(A),MUN(H),LEE(H),6.0,7.012987012987013,1.0737272005708411,1.0385206957960817,0.9650930995904489,0.9586754303501859,0.9334535843879661,0.9978050397522342,Nott'm Forest,38
Mats,Wieffer,Wieffer,Midfielder,BHA,13.509218314360359,15.914691447012626,100.0,100.0,,4.8,0.3,0.0,19.6,94,2,3.6,0.0,0.09,0.09,0.18,,477.0,291.1,209.0,97.7,90.0,2,4,6,26,23,5.0,5.0,2.0,1.0,2.0,0.0,2.664951265543559,2.858625579760307,3.101487314731815,2.262468927473349,2.621685226851328,2.4054731326522663,CHE(A),WOL(A),NEW(H),MUN(A),LEE(H),CRY(A),5.0,5.0,0.9523055174497719,1.1175408772327884,0.9586805445269106,0.9210852290552671,0.9978050397522342,1.0111928019049574,Brighton,38
Yoane,Wissa,Wissa,Forward,NEW,12.37857598673246,15.829779678238765,100.0,100.0,,7.3,0.6,0.0,3.7,27,0,1.4,0.0,0.54,0.09,0.63,,58.0,46.7,163.0,25.5,24.0,1,1,1,11,4,1.0,3.75,0.0,0.0,1.0,0.0,2.062226664607016,2.7542219280332327,2.652769595740641,2.6527933408894384,2.256564457462133,3.451203691506304,ARS(H),NFO(H),BHA(A),FUL(H),WHU(A),BRE(A),1.0,3.75,0.9210901427022543,1.045472873888674,0.9780419586939864,1.0111981962423193,1.0247656572203843,1.0179566082209277,Newcastle,38
Toti,Gomes,Toti,Defender,WOL,13.11645697921959,15.794352003287424,100.0,100.0,,4.2,0.1,0.0,9.8,41,1,2.2,0.0,0.03,0.02,0.05,,349.0,92.7,73.0,51.7,24.0,0,0,1,33,17,1.0,3.75,0.0,1.0,1.0,0.0,2.790094937506793,2.522203375770607,2.159711893542819,2.8044698567072888,2.839976915692082,2.6778950240678334,TOT(A),BHA(H),SUN(A),BUR(H),FUL(A),CHE(A),1.0,3.75,1.0111928019049574,0.9780471761839342,1.052460363008469,1.1325472438885735,1.0385206957960817,0.9523055174497719,Wolves,38
Jérémy,Doku,Doku,Midfielder,MCI,13.19666234712893,15.794349833008084,100.0,100.0,,6.5,6.6,0.0,18.5,120,1,4.0,0.0,0.15,0.3,0.45,,540.2,841.6,645.0,202.5,13.0,5,8,8,18,19,0.0,0.0,0.0,0.0,0.0,0.0,3.239730129964649,3.1549093769822676,2.1524220431330865,2.1635238496231772,2.4860769474257505,2.5976874858791548,BUR(H),BRE(A),EVE(H),AVL(A),BOU(H),LIV(H),0.0,0.0,1.1325472438885735,1.0179566082209277,1.0524659774929148,0.9977997168619978,0.9911751304069054,0.9210901427022543,Man City,38
Jaydee,Canvot,Canvot,Defender,CRY,12.984876968479707,15.732243195415224,100.0,100.0,,4.5,0.5,0.0,16.0,72,0,3.6,0.0,0.1,0.02,0.12,,362.4,63.8,56.0,48.1,0.0,0,0,5,23,14,0.0,0.0,0.0,0.0,0.0,0.0,2.0101348525416634,3.2396170096546033,2.6033650446296646,2.6429087546623693,2.4888513069914064,2.747366226935517,LIV(H),EVE(A),BOU(H),ARS(A),BRE(H),BHA(H),0.0,0.0,0.9210901427022543,1.0179566082209277,0.9911751304069054,0.9334486047869694,0.9780471761839342,0.9780471761839342,Crystal Palace,38
Pascal,Groß,Groß,Midfielder,BHA,14.170933208726375,15.725771368060206,,,,5.6,3.0,0.0,13.9,78,2,4.1,0.0,0.08,0.22,0.3,,397.2,668.2,220.0,128.5,90.0,1,6,6,17,18,7.0,7.0,0.0,2.0,5.0,0.0,3.0988102319136694,4.174586254553537,2.4017688745491665,2.0917640392932735,2.404003808416728,1.554838159333832,CHE(A),WOL(A),NEW(H),MUN(A),LEE(H),CRY(A),7.0,7.0,0.9523055174497719,1.1175408772327884,0.9586805445269106,0.9210852290552671,0.9978050397522342,1.0111928019049574,Brighton,38
Emiliano,Martínez Romero,Martinez,Goalkeeper,AVL,12.743535560503823,15.690709605932577,100.0,100.0,,5.0,4.4,0.0,24.0,120,0,3.8,0.0,0.0,0.0,0.0,,769.8,23.2,0.0,79.2,0.0,0,1,7,39,32,0.0,0.0,0.0,0.0,0.0,0.0,2.1189097578213865,2.9297444902236567,2.6737601123865367,2.4860651933297686,2.5350560067424737,2.947174045428754,FUL(H),BUR(H),TOT(A),MCI(H),LIV(A),BOU(H),0.0,0.0,1.0111981962423193,1.1325472438885735,1.0111928019049574,0.8968523458188399,0.9149650840122292,0.9911751304069054,Aston Villa,38
Tim,Iroegbunam,Iroegbunam,Midfielder,EVE,13.31777263073907,15.676209147469109,100.0,100.0,,4.8,0.0,0.0,14.2,68,4,2.3,0.0,0.03,0.04,0.07,,255.0,125.2,81.0,45.9,83.0,0,3,8,18,17,13.0,14.096385542168674,3.0,5.0,5.0,2.0,3.1808188067467076,3.0925585345317352,2.2978584363432772,2.4252545013724784,2.321282351744871,2.3584365167300394,WHU(H),CRY(H),MCI(A),TOT(H),SUN(A),FUL(H),13.0,14.096385542168674,1.0316257548390524,1.0385262359175895,0.8968475614707909,1.0247711239638793,1.052460363008469,1.0111981962423193,Everton,38
Granit,Xhaka,Xhaka,Midfielder,SUN,14.131827201773813,15.633195543191972,100.0,100.0,,5.1,3.2,0.0,24.3,124,1,3.6,0.0,0.03,0.12,0.15,,685.0,595.3,101.0,138.1,90.0,1,6,9,39,32,10.0,10.0,0.0,3.0,7.0,0.0,3.7501444170076654,2.634298325192667,3.4550334441907586,1.8191144718627184,2.473236543520004,1.5013683414181596,NFO(A),MUN(A),WOL(H),CHE(A),EVE(H),ARS(H),10.0,10.0,1.0111928019049574,0.9210852290552671,1.110121305916802,0.9523055174497719,1.0524659774929148,0.9210901427022543,Sunderland,38
Curtis,Jones,C.Jones,Midfielder,LIV,13.317421117298931,15.61234150501768,100.0,100.0,,5.4,0.1,0.0,15.0,81,10,2.4,0.0,0.1,0.13,0.23,,407.4,412.1,227.0,104.6,90.0,1,3,3,37,18,11.0,11.0,1.0,5.0,5.0,0.0,3.6336883802310815,2.632861895268925,2.2640220308964163,2.140272457080017,2.6465763538224927,2.2949203877187485,CRY(A),CHE(A),MUN(H),BRE(A),AVL(H),MCI(A),11.0,11.0,1.0111928019049574,0.9523055174497719,0.9334535843879661,1.0179566082209277,0.971548547839499,0.8968475614707909,Liverpool,38
Amadou,Onana,Onana,Midfielder,AVL,12.528844511427033,15.607691337757494,100.0,100.0,,4.8,0.6,0.0,15.8,76,1,3.0,0.0,0.09,0.04,0.13,,413.2,152.6,178.0,74.4,17.0,2,0,6,26,21,2.0,10.588235294117647,1.0,1.0,0.0,0.0,2.516245842054673,3.009833703455691,2.7476144821841184,1.9647971897927379,2.290353293939815,3.078846826330461,FUL(H),BUR(H),TOT(A),MCI(H),LIV(A),BOU(H),2.0,10.588235294117647,1.0111981962423193,1.1325472438885735,1.0111928019049574,0.8968523458188399,0.9149650840122292,0.9911751304069054,Aston Villa,38
Maxence,Lacroix,Lacroix,Defender,CRY,13.189785661706294,15.598704984328151,100.0,100.0,,5.2,7.1,0.0,29.6,154,0,4.4,0.0,0.07,0.02,0.09,,822.0,106.4,316.0,124.3,0.0,1,2,11,47,35,0.0,0.0,0.0,0.0,0.0,0.0,1.9987090155028975,3.5289237640575513,2.382086987484773,2.6611523695295394,2.6189135251315325,2.4089193226218577,LIV(H),EVE(A),BOU(H),ARS(A),BRE(H),BHA(H),0.0,0.0,0.9210901427022543,1.0179566082209277,0.9911751304069054,0.9334486047869694,0.9780471761839342,0.9780471761839342,Crystal Palace,38
Randal,Kolo Muani,Kolo Muani,Forward,TOT,13.461391757387183,15.56774644463282,100.0,100.0,,6.9,0.4,0.0,7.5,52,1,1.7,0.0,0.11,0.09,0.2,,169.6,267.3,287.0,71.0,17.0,1,1,4,31,21,1.0,5.294117647058823,1.0,0.0,0.0,0.0,3.047341733295988,2.878155178833433,2.286956640815209,2.8874105359519238,2.361527668490628,2.1063546872456382,WOL(H),LEE(A),AVL(H),EVE(A),CHE(H),MUN(H),1.0,5.294117647058823,1.110121305916802,1.045467296709635,0.971548547839499,1.0179566082209277,0.9650930995904489,0.9334535843879661,Spurs,38
Guglielmo,Vicario,Vicario,Goalkeeper,TOT,12.831626805991867,15.508891301089593,100.0,100.0,,4.7,4.7,0.0,19.1,90,0,2.9,0.0,0.0,0.0,0.0,,709.2,10.1,0.0,72.2,0.0,0,0,7,50,31,0.0,0.0,0.0,0.0,0.0,0.0,2.1085538461388915,2.9657054633749778,2.5299475637326854,2.7042126142422562,2.5232073185030552,2.6772644950977256,WOL(H),LEE(A),AVL(H),EVE(A),CHE(H),MUN(H),0.0,0.0,1.110121305916802,1.045467296709635,0.971548547839499,1.0179566082209277,0.9650930995904489,0.9334535843879661,Spurs,38
Aaron,Wan-Bissaka,Wan-Bissaka,Defender,WHU,12.097757718397443,15.484427533121915,100.0,100.0,,4.1,4.3,0.0,16.3,67,0,2.7,0.0,0.0,0.04,0.04,,432.0,305.6,30.0,77.2,0.0,0,3,3,43,23,0.0,0.0,0.0,0.0,0.0,0.0,1.9862473905820803,2.862295392976827,2.2486890593487265,2.546958463396184,2.4535674120936255,3.3866698147244723,EVE(A),ARS(A),BRE(H),LEE(A),NEW(H),BUR(H),0.0,0.0,1.0179566082209277,0.9334486047869694,0.9780471761839342,1.045467296709635,0.9586805445269106,1.1325472438885735,West Ham,38
Kepa,Arrizabalaga Revuelta,Arrizabalaga,Goalkeeper,ARS,13.346413081171946,15.448984460060707,,,,4.0,0.4,0.0,0.5,2,2,2.0,0.0,0.0,0.0,0.0,,19.8,0.0,0.0,2.0,90.0,0,0,0,1,1,0.0,0.0,0.0,3.0,8.0,0.0,3.51495300195681,2.6671672700160736,2.562731348908416,2.2320999792903007,2.369461481000346,2.102571378888761,NEW(A),WHU(H),FUL(A),CRY(H),BUR(A),SUN(A),0.0,0.0,1.0385206957960817,1.0316257548390524,1.0385206957960817,1.0385262359175895,1.0881336264811785,1.052460363008469,Arsenal,38
Carlos,Baleba,Baleba,Midfielder,BHA,13.224174323913113,15.431186517251678,100.0,100.0,,4.5,1.5,0.0,12.4,56,1,1.8,0.0,0.04,0.04,0.08,,166.8,156.3,44.0,36.8,31.0,0,0,7,19,23,9.0,26.129032258064516,2.0,1.0,6.0,0.0,2.759159238760499,3.3529060438603366,2.2924166274236555,2.464429062704186,2.3552633511644347,2.2070121933385662,CHE(A),WOL(A),NEW(H),MUN(A),LEE(H),CRY(A),9.0,26.129032258064516,0.9523055174497719,1.1175408772327884,0.9586805445269106,0.9210852290552671,0.9978050397522342,1.0111928019049574,Brighton,38
Sávio,Moreira de Oliveira,Savinho,Midfielder,MCI,13.865499187674727,15.41931447534347,100.0,100.0,,6.9,0.4,0.0,6.2,43,2,1.8,0.0,0.28,0.18,0.46,,138.6,198.4,321.0,65.8,90.0,1,2,3,7,7,2.0,2.0,0.0,0.0,2.0,0.0,3.1574582602273025,2.703011811843624,3.4389003667333387,2.2460345142946205,2.3200942345758406,1.5538152876687419,BUR(H),BRE(A),EVE(H),AVL(A),BOU(H),LIV(H),2.0,2.0,1.1325472438885735,1.0179566082209277,1.0524659774929148,0.9977997168619978,0.9911751304069054,0.9210901427022543,Man City,38
Joël,Veltman,Veltman,Defender,BHA,12.454824554454047,15.404924561035878,100.0,100.0,,4.3,0.1,0.0,10.7,46,0,1.9,0.0,0.1,0.02,0.12,,247.0,80.5,68.0,39.6,0.0,1,0,2,13,9,0.0,0.0,0.0,0.0,0.0,0.0,1.8966329465197034,3.3870167703024388,2.26950723338297,2.5198959731886736,2.3817716310602624,2.950100006581831,CHE(A),WOL(A),NEW(H),MUN(A),LEE(H),CRY(A),0.0,0.0,0.9523055174497719,1.1175408772327884,0.9586805445269106,0.9210852290552671,0.9978050397522342,1.0111928019049574,Brighton,38
John,McGinn,McGinn,Midfielder,AVL,12.714112111379585,15.36756735842178,100.0,100.0,,5.3,0.7,0.0,19.4,103,1,3.4,0.0,0.13,0.17,0.3,,459.8,605.3,309.0,137.3,4.0,5,4,8,28,28,2.0,45.0,1.0,0.0,1.0,0.0,2.5283856717869835,3.44934895604877,2.132921118714631,2.371296468881671,2.2321598959475315,2.6534552470421966,FUL(H),BUR(H),TOT(A),MCI(H),LIV(A),BOU(H),2.0,45.0,1.0111981962423193,1.1325472438885735,1.0111928019049574,0.8968523458188399,0.9149650840122292,0.9911751304069054,Aston Villa,38
Marco,Bizot,M.Bizot,Goalkeeper,AVL,12.900628506165917,15.327480897859362,100.0,100.0,,4.2,0.4,0.0,3.8,16,2,2.3,0.0,0.0,0.0,0.0,,139.2,0.0,0.0,13.9,90.0,0,0,1,10,6,0.0,0.0,0.0,3.0,3.0,0.0,3.564973254880981,2.927447459489405,2.427517175769195,1.7118911174035039,2.2687994986228337,2.4268523916934446,FUL(H),BUR(H),TOT(A),MCI(H),LIV(A),BOU(H),0.0,0.0,1.0111981962423193,1.1325472438885735,1.0111928019049574,0.8968523458188399,0.9149650840122292,0.9911751304069054,Aston Villa,38
Antonee,Robinson,Robinson,Defender,FUL,13.681372519067697,15.321850914497219,100.0,100.0,,4.9,0.9,0.0,13.3,65,6,3.0,0.0,0.06,0.1,0.16,,375.0,334.6,82.0,79.3,90.0,1,0,4,19,17,7.0,7.0,3.0,4.0,4.0,0.0,3.0113236784843713,2.3415810271965043,2.92726942978935,2.462891664787542,2.9383067188099297,1.640478395429522,AVL(A),BOU(A),ARS(H),NEW(A),WOL(H),EVE(A),7.0,7.0,0.9977997168619978,0.9586754303501859,0.9210901427022543,1.0385206957960817,1.110121305916802,1.0179566082209277,Fulham,38
Pedro,Cardoso de Lima,Pedro Lima,Defender,WOL,12.751889467749574,15.313751899156287,100.0,100.0,,4.0,0.4,0.0,2.5,10,1,1.1,0.0,0.12,0.13,0.25,,36.4,48.5,39.0,12.3,8.0,0,0,0,6,3,1.0,11.25,1.0,0.0,1.0,0.0,2.0524974823440107,2.3014356735558588,2.46159655053376,3.0014282937530288,2.934931467562916,2.5618624314067135,TOT(A),BHA(H),SUN(A),BUR(H),FUL(A),CHE(A),1.0,11.25,1.0111928019049574,0.9780471761839342,1.052460363008469,1.1325472438885735,1.0385206957960817,0.9523055174497719,Wolves,38
Nicolás,Domínguez,Dominguez,Midfielder,NFO,12.87896954196405,15.307466605113731,100.0,100.0,,5.0,0.0,0.0,9.6,48,1,1.8,0.0,0.11,0.06,0.17,,264.8,193.5,138.0,59.7,25.0,1,1,3,20,17,3.0,10.799999999999999,2.0,0.0,1.0,0.0,3.041858937257644,2.896398135914604,2.2112419553684863,2.5912515536855456,2.1382189597377694,2.428497063149681,SUN(H),NEW(A),CHE(H),BOU(A),MUN(H),LEE(H),3.0,10.799999999999999,1.0737272005708411,1.0385206957960817,0.9650930995904489,0.9586754303501859,0.9334535843879661,0.9978050397522342,Nott'm Forest,38
John,Stones,Stones,Defender,MCI,12.684349199719566,15.306641689353949,100.0,100.0,,5.4,0.6,0.0,3.0,16,3,1.8,0.0,0.0,0.02,0.02,,101.8,24.4,4.0,13.0,77.0,0,0,1,10,5,10.0,11.688311688311689,1.0,9.0,2.0,2.0,2.7492482070782893,2.757594137487421,1.9454196063056746,2.4806786020371145,2.7514086468110674,2.6222924896343827,BUR(H),BRE(A),EVE(H),AVL(A),BOU(H),LIV(H),10.0,11.688311688311689,1.1325472438885735,1.0179566082209277,1.0524659774929148,0.9977997168619978,0.9911751304069054,0.9210901427022543,Man City,38
Hugo,Ekitiké,Ekitiké,Forward,LIV,12.376503528071328,15.29569612841382,0.0,0.0,Achilles injury - Expected back 01 Jul,9.0,15.7,0.0,13.9,125,0,4.5,0.0,0.51,0.12,0.63,,525.8,307.2,739.0,156.2,0.0,11,4,7,25,21,0.0,0.0,0.0,0.0,0.0,0.0,0.6794369079001491,2.1921098198527806,2.341455669918089,3.777855737144015,3.3856453932562935,2.919192600342491,CRY(A),CHE(A),MUN(H),BRE(A),AVL(H),MCI(A),0.0,0.0,1.0111928019049574,0.9523055174497719,0.9334535843879661,1.0179566082209277,0.971548547839499,0.8968475614707909,Liverpool,38
Mason,Mount,Mount,Midfielder,MUN,13.77753641126711,15.28252989760841,100.0,100.0,,5.9,0.3,0.0,9.8,58,5,2.5,0.0,0.14,0.14,0.28,,201.2,214.1,165.0,58.0,73.0,3,0,5,15,12,13.0,16.027397260273972,4.0,2.0,7.0,2.0,3.380683843094499,2.9209064520103323,2.0469384458829984,3.1061447617386593,2.322862908540622,1.5049934863412993,BRE(A),SUN(H),LIV(A),BHA(H),NFO(A),TOT(A),13.0,16.027397260273972,1.0179566082209277,1.0737272005708411,0.9149650840122292,0.9780471761839342,1.0111928019049574,1.0111928019049574,Man Utd,38
Josh,Acheampong,Acheampong,Defender,CHE,11.826168957788191,15.248406217018115,100.0,100.0,,3.7,1.8,0.0,10.5,39,1,2.3,0.0,0.08,0.02,0.1,,132.6,40.9,70.0,24.4,5.0,1,0,2,13,8,0.0,0.0,0.0,0.0,0.0,0.0,2.0686770418013958,2.0741389085732513,2.196054432544422,2.774145786463822,2.7131527884052984,3.4222372592299246,BHA(H),LIV(H),NFO(A),SUN(H),TOT(A),WOL(H),0.0,0.0,0.9780471761839342,0.9210901427022543,1.0111928019049574,1.0737272005708411,1.0111928019049574,1.110121305916802,Chelsea,38
Joe,Willock,Willock,Midfielder,NEW,13.114068926244757,15.24509087076652,100.0,100.0,,5.0,0.1,0.0,7.6,38,2,1.6,0.0,0.12,0.1,0.22,,145.4,205.8,204.0,55.5,90.0,0,2,3,18,10,6.0,6.0,2.0,3.0,1.0,0.0,2.9477430180929334,3.050295071845303,2.523596584028586,2.528283161102711,2.064151091175225,2.131021944521762,ARS(H),NFO(H),BHA(A),FUL(H),WHU(A),BRE(A),6.0,6.0,0.9210901427022543,1.045472873888674,0.9780419586939864,1.0111981962423193,1.0247656572203843,1.0179566082209277,Newcastle,38
Brennan,Johnson,Johnson,Midfielder,CRY,12.728350040306628,15.208550131682033,,,,6.5,2.4,0.0,10.0,65,0,1.9,0.0,0.13,0.07,0.2,,223.4,311.1,230.0,75.8,0.0,2,1,6,24,19,0.0,0.0,0.0,0.0,0.0,0.0,1.4492920913505858,4.519203398371467,2.0933332920582552,1.914175109075367,2.7523461494509545,2.480200091375405,LIV(H),EVE(A),BOU(H),ARS(A),BRE(H),BHA(H),0.0,0.0,0.9210901427022543,1.0179566082209277,0.9911751304069054,0.9334486047869694,0.9780471761839342,0.9780471761839342,Crystal Palace,38
Josh,King,King,Midfielder,FUL,12.426765383268592,15.200940440176323,100.0,100.0,,4.4,1.6,0.0,14.3,63,1,2.0,0.0,0.17,0.05,0.22,,207.4,198.7,336.0,73.3,18.0,1,3,5,18,15,4.0,20.0,1.0,0.0,3.0,0.0,2.1818724441511628,2.471990720694077,2.280272163684345,2.365671670317772,3.1269583844212354,2.774175056907731,AVL(A),BOU(A),ARS(H),NEW(A),WOL(H),EVE(A),4.0,20.0,0.9977997168619978,0.9586754303501859,0.9210901427022543,1.0385206957960817,1.110121305916802,1.0179566082209277,Fulham,38
Matheus,Nunes,Matheus N.,Defender,MCI,12.911660305946363,15.199976415831173,100.0,100.0,,5.3,2.9,0.0,29.1,154,0,4.5,0.0,0.01,0.07,0.08,,696.0,545.0,131.0,137.6,0.0,1,8,12,28,32,0.0,0.0,0.0,0.0,0.0,0.0,2.163497491610409,2.8461630184853353,2.4750916425199487,2.9085631059620596,2.518345047368611,2.2883161098848097,BUR(H),BRE(A),EVE(H),AVL(A),BOU(H),LIV(H),0.0,0.0,1.1325472438885735,1.0179566082209277,1.0524659774929148,0.9977997168619978,0.9911751304069054,0.9210901427022543,Man City,38
Solly,March,March,Midfielder,BHA,11.838403446167383,15.17237151921681,100.0,100.0,,5.8,0.0,0.0,0.7,4,1,1.0,0.0,0.09,0.05,0.14,,7.4,2.2,23.0,3.2,31.0,0,0,0,1,0,5.0,14.516129032258064,2.0,0.0,3.0,0.0,2.4452051074680505,2.837149160023513,1.8348108043096403,2.012013105864316,2.7092252685018634,3.3339680730494266,CHE(A),WOL(A),NEW(H),MUN(A),LEE(H),CRY(A),5.0,14.516129032258064,0.9523055174497719,1.1175408772327884,0.9586805445269106,0.9210852290552671,0.9978050397522342,1.0111928019049574,Brighton,38
Tom,Cairney,Cairney,Midfielder,FUL,13.30316724097818,15.16943224428805,100.0,100.0,,4.8,0.0,0.0,8.5,41,6,1.7,0.0,0.14,0.1,0.24,,153.4,195.6,64.0,41.4,30.0,2,0,2,10,6,5.0,15.0,1.0,2.0,2.0,0.0,2.7555522422646628,2.762592865101615,2.299482882036384,2.846691501200305,2.6388477503752132,1.866265003309869,AVL(A),BOU(A),ARS(H),NEW(A),WOL(H),EVE(A),5.0,15.0,0.9977997168619978,0.9586754303501859,0.9210901427022543,1.0385206957960817,1.110121305916802,1.0179566082209277,Fulham,38
Youri,Tielemans,Tielemans,Midfielder,AVL,13.466680414954144,15.150961877224862,100.0,100.0,,5.9,0.7,0.0,11.5,68,1,2.7,0.0,0.06,0.16,0.22,,432.0,513.6,184.0,113.1,17.0,0,4,4,27,21,4.0,21.176470588235293,2.0,1.0,1.0,0.0,3.07042622832825,3.4074104166676666,2.04349110404753,2.7941921024028695,2.1511605635078284,1.6842814622707183,FUL(H),BUR(H),TOT(A),MCI(H),LIV(A),BOU(H),4.0,21.176470588235293,1.0111981962423193,1.1325472438885735,1.0111928019049574,0.8968523458188399,0.9149650840122292,0.9911751304069054,Aston Villa,38
Kevin,Santos Lopes de Macedo,Kevin,Midfielder,FUL,13.320279489282987,15.13873116566657,100.0,100.0,,5.7,0.1,0.0,8.6,49,4,1.9,0.0,0.11,0.13,0.24,,216.0,246.6,243.0,70.4,59.0,1,3,4,15,9,4.0,6.101694915254237,0.0,0.0,4.0,0.0,2.8737263569787994,3.1608355214588637,2.006492244023228,2.7745584168824875,2.504666949939606,1.818451676383583,AVL(A),BOU(A),ARS(H),NEW(A),WOL(H),EVE(A),4.0,6.101694915254237,0.9977997168619978,0.9586754303501859,0.9210901427022543,1.0385206957960817,1.110121305916802,1.0179566082209277,Fulham,38
Tanaka,Ao,Tanaka,Midfielder,LEE,12.502172862282425,15.095089013004154,100.0,100.0,,4.8,0.2,0.0,14.0,67,4,2.4,0.0,0.1,0.1,0.2,,224.2,307.6,104.0,63.6,77.0,2,1,3,22,14,12.0,14.025974025974026,3.0,2.0,7.0,2.0,3.0432115931439294,2.930672084421594,2.0945932363122464,2.2774399981635987,2.1562559502410563,2.5929161507217287,BOU(H),TOT(H),BUR(A),WHU(H),BHA(A),NFO(A),12.0,14.025974025974026,0.9911751304069054,1.0247711239638793,1.0881336264811785,1.0316257548390524,0.9780419586939864,1.0111928019049574,Leeds,38
Georginio,Rutter,Georginio,Midfielder,BHA,12.509109924619732,15.04058455579091,100.0,100.0,,5.6,0.3,0.0,15.5,87,1,2.7,0.0,0.15,0.15,0.3,,338.6,349.5,448.0,113.5,16.0,3,5,7,20,20,2.0,11.25,0.0,1.0,1.0,0.0,2.5456872189544937,3.058972414319586,2.3615919160339827,2.0333731153872923,2.5094852599243773,2.531474631171177,CHE(A),WOL(A),NEW(H),MUN(A),LEE(H),CRY(A),2.0,11.25,0.9523055174497719,1.1175408772327884,0.9586805445269106,0.9210852290552671,0.9978050397522342,1.0111928019049574,Brighton,38
Jair,Paula da Cunha Filho,Jair Cunha,Defender,NFO,11.840551095020906,15.023798170345867,100.0,100.0,,4.2,0.1,0.0,3.1,13,2,1.4,0.0,0.05,0.01,0.06,,98.0,15.2,29.0,14.2,62.0,0,0,0,7,6,3.0,4.354838709677419,0.0,3.0,3.0,0.0,2.5864092703919375,2.6270857380145167,1.9196772878217494,2.382791128067071,2.3245876707256317,3.1832470753249593,SUN(H),NEW(A),CHE(H),BOU(A),MUN(H),LEE(H),3.0,4.354838709677419,1.0737272005708411,1.0385206957960817,0.9650930995904489,0.9586754303501859,0.9334535843879661,0.9978050397522342,Nott'm Forest,38
Jorrel,Hato,Hato,Defender,CHE,12.757007640461342,15.007039037675503,100.0,100.0,,4.6,0.2,0.0,4.1,19,0,0.9,0.0,0.02,0.05,0.07,,233.2,114.9,36.0,38.4,51.0,0,0,0,27,12,4.0,7.0588235294117645,0.0,4.0,0.0,0.0,3.007262908467352,2.8025005944004264,1.615287730638219,2.937955713761652,2.3940006931936932,2.25003139721416,BHA(H),LIV(H),NFO(A),SUN(H),TOT(A),WOL(H),4.0,7.0588235294117645,0.9780471761839342,0.9210901427022543,1.0111928019049574,1.0737272005708411,1.0111928019049574,1.110121305916802,Chelsea,38
Jacob,Murphy,J.Murphy,Midfielder,NEW,12.090766295045798,15.003969844203423,100.0,100.0,,5.9,0.6,0.0,13.9,82,1,2.5,0.0,0.17,0.15,0.32,,330.8,393.7,346.0,106.0,45.0,3,2,8,20,19,1.0,2.0,0.0,1.0,0.0,0.0,2.6809407003817856,2.573024325114328,2.0760584408395717,2.5243564447279487,2.236386383982163,2.9132035491576254,ARS(H),NFO(H),BHA(A),FUL(H),WHU(A),BRE(A),1.0,2.0,0.9210901427022543,1.045472873888674,0.9780419586939864,1.0111981962423193,1.0247656572203843,1.0179566082209277,Newcastle,38
Facundo,Buonanotte,Buonanotte,Midfielder,LEE,11.932806070316225,14.963029450713414,100.0,100.0,,4.6,0.1,0.0,0.7,3,1,0.8,0.0,0.07,0.31,0.38,,13.2,40.0,21.0,7.4,12.0,0,0,0,4,1,1.0,7.5,0.0,1.0,0.0,0.0,1.902691846632627,2.2100031231208117,2.461287799906388,2.9153621021976313,2.443461198458767,3.0302233803971883,BOU(H),TOT(H),BUR(A),WHU(H),BHA(A),NFO(A),1.0,7.5,0.9911751304069054,1.0247711239638793,1.0881336264811785,1.0316257548390524,0.9780419586939864,1.0111928019049574,Leeds,38
Mikkel,Damsgaard,Damsgaard,Midfielder,BRE,12.724730983147921,14.962356262487091,100.0,100.0,,5.6,0.8,0.0,20.2,113,1,3.4,0.0,0.11,0.24,0.35,,530.6,691.3,326.0,155.0,7.0,4,4,5,32,24,2.0,25.714285714285715,0.0,1.0,1.0,0.0,2.5273173767730914,2.4813334798908957,2.3940185177073703,2.582707626243453,2.7393539825331112,2.23762527933917,MUN(H),MCI(H),WHU(A),LIV(H),CRY(A),NEW(H),2.0,25.714285714285715,0.9334535843879661,0.8968523458188399,1.0247656572203843,0.9210901427022543,1.0111928019049574,0.9586805445269106,Brentford,38
Ryan,Gravenberch,Gravenberch,Midfielder,LIV,12.768688587965201,14.926061356383315,100.0,100.0,,5.4,3.7,0.0,26.7,144,2,4.0,0.0,0.06,0.07,0.13,,687.0,497.2,220.0,140.1,82.0,5,5,9,42,34,7.0,7.682926829268292,3.0,2.0,2.0,0.0,3.385621284562641,2.466760353410907,2.480187733225752,2.3499249433413216,2.086194273424579,2.157372768418113,CRY(A),CHE(A),MUN(H),BRE(A),AVL(H),MCI(A),7.0,7.682926829268292,1.0111928019049574,0.9523055174497719,0.9334535843879661,1.0179566082209277,0.971548547839499,0.8968475614707909,Liverpool,38
Pape Matar,Sarr,P.M.Sarr,Midfielder,TOT,12.185822836444828,14.919558530431324,100.0,100.0,,4.5,1.0,0.0,15.8,71,0,2.7,0.0,0.11,0.07,0.18,,336.0,188.3,156.0,68.2,17.0,2,4,3,23,13,2.0,10.588235294117647,0.0,2.0,0.0,0.0,2.5384029573110665,2.602713392119689,2.5458484921139015,2.2599724387315887,2.238885556168582,2.7337356939864965,WOL(H),LEE(A),AVL(H),EVE(A),CHE(H),MUN(H),2.0,10.588235294117647,1.110121305916802,1.045467296709635,0.971548547839499,1.0179566082209277,0.9650930995904489,0.9334535843879661,Spurs,38
Sebastiaan,Bornauw,Bornauw,Defender,LEE,11.974748067170783,14.842158346654195,100.0,100.0,,3.8,0.1,0.0,6.6,25,1,2.1,0.0,0.04,0.0,0.04,,98.6,6.3,19.0,12.2,1.0,0,0,2,5,5,0.0,0.0,0.0,0.0,0.0,0.0,1.9142457075054746,2.415775453580409,2.256894679555987,2.7983545646185677,2.5894776619103435,2.867410279483411,BOU(H),TOT(H),BUR(A),WHU(H),BHA(A),NFO(A),0.0,0.0,0.9911751304069054,1.0247711239638793,1.0881336264811785,1.0316257548390524,0.9780419586939864,1.0111928019049574,Leeds,38
Rayan,Aït-Nouri,Aït-Nouri,Defender,MCI,13.364382399280055,14.839345823859144,100.0,100.0,,5.7,4.1,0.0,10.5,60,1,3.5,0.0,0.05,0.19,0.24,,195.6,216.4,90.0,50.2,13.0,0,2,5,8,12,3.0,20.76923076923077,2.0,1.0,1.0,0.0,2.955193500797108,2.708508334250971,2.2565024745339026,3.3494446953219663,2.094733394376108,1.47496342457909,BUR(H),BRE(A),EVE(H),AVL(A),BOU(H),LIV(H),3.0,20.76923076923077,1.1325472438885735,1.0179566082209277,1.0524659774929148,0.9977997168619978,0.9911751304069054,0.9210901427022543,Man City,38
Álex,Jiménez Sánchez,A.Jimenez,Defender,BOU,13.000504623072114,14.805129594178661,0.0,100.0,,4.5,0.1,0.0,16.4,74,0,2.4,0.0,0.04,0.07,0.11,,406.0,269.3,184.0,85.9,0.0,1,2,6,39,26,0.0,0.0,0.0,0.0,0.0,0.0,2.1314055075100966,2.6885743819321997,2.5602186525021953,2.8480301481474064,2.7722759329802162,1.804624971106546,LEE(A),FUL(H),CRY(A),NFO(H),MCI(A),AVL(A),0.0,0.0,1.045467296709635,1.0111981962423193,1.0111928019049574,1.045472873888674,0.8968475614707909,0.9977997168619978,Bournemouth,38
Ben,Gannon-Doak,Gannon-Doak,Midfielder,BOU,12.039275486608775,14.780894100199973,100.0,100.0,,4.8,0.0,0.0,2.3,11,1,1.4,0.0,0.22,0.11,0.33,,32.4,17.8,39.0,8.9,33.0,0,1,0,1,0,3.0,8.181818181818182,1.0,0.0,2.0,0.0,2.8902005939725983,2.34625464162209,2.141984064543913,2.5994919107543346,2.0613442757158382,2.7416186135911973,LEE(A),FUL(H),CRY(A),NFO(H),MCI(A),AVL(A),3.0,8.181818181818182,1.045467296709635,1.0111981962423193,1.0111928019049574,1.045472873888674,0.8968475614707909,0.9977997168619978,Bournemouth,38
Alex,Tóth,Tóth.A,Midfielder,BOU,11.717604044003417,14.77449641496058,,,,4.9,0.0,0.0,1.6,8,1,0.9,0.0,0.07,0.22,0.29,,18.6,60.2,18.0,9.6,56.0,0,0,0,3,2,5.0,8.035714285714285,0.0,3.0,2.0,0.0,2.869762163669405,2.1718386093821813,1.872450967875047,2.6068176161490997,2.196734686927686,3.0568923709571636,LEE(A),FUL(H),CRY(A),NFO(H),MCI(A),AVL(A),5.0,8.035714285714285,1.045467296709635,1.0111981962423193,1.0111928019049574,1.045472873888674,0.8968475614707909,0.9977997168619978,Bournemouth,38
Milos,Kerkez,Kerkez,Defender,LIV,12.15743790154152,14.754766703161442,100.0,100.0,,5.6,2.9,0.0,15.2,85,1,2.5,0.0,0.06,0.03,0.09,,434.6,415.8,141.0,99.4,7.0,2,1,6,37,27,2.0,25.714285714285715,0.0,2.0,1.0,0.0,2.3101589701445597,2.6875864609840145,2.329300070088714,2.4482264863046344,2.382165914019599,2.5973288016199216,CRY(A),CHE(A),MUN(H),BRE(A),AVL(H),MCI(A),2.0,25.714285714285715,1.0111928019049574,0.9523055174497719,0.9334535843879661,1.0179566082209277,0.971548547839499,0.8968475614707909,Liverpool,38
Lyle,Foster,Foster,Forward,BUR,11.970256805110955,14.753600824526846,100.0,100.0,,4.9,0.7,0.0,11.8,58,0,2.2,0.0,0.21,0.02,0.23,,219.0,147.0,262.0,62.1,0.0,3,2,4,30,15,0.0,0.0,0.0,0.0,0.0,0.0,1.7356445324251935,2.3635727541978357,2.3934196287801637,3.1071462446527462,2.3704736450550157,2.78334401941589,MCI(A),AVL(A),LEE(H),WOL(A),ARS(H),WHU(A),0.0,0.0,0.8968475614707909,0.9977997168619978,0.9978050397522342,1.1175408772327884,0.9210901427022543,1.0247656572203843,Burnley,38
Maxime,Estève,Estève,Defender,BUR,12.353050726826009,14.732469654217379,100.0,100.0,,3.8,7.0,0.0,22.4,85,0,2.5,0.0,0.02,0.02,0.04,,745.4,92.5,97.0,93.7,0.0,0,0,3,70,34,0.0,0.0,0.0,0.0,0.0,0.0,1.645056852481521,2.8276095172780913,2.549859200248944,2.819950052091594,2.5105751047258575,2.3794189273913697,MCI(A),AVL(A),LEE(H),WOL(A),ARS(H),WHU(A),0.0,0.0,0.8968475614707909,0.9977997168619978,0.9978050397522342,1.1175408772327884,0.9210901427022543,1.0247656572203843,Burnley,38
Giorgi,Mamardashvili,Mamardashvili,Goalkeeper,LIV,11.860965145568217,14.72995232290863,100.0,100.0,,4.1,0.7,0.0,8.3,34,0,3.4,0.0,0.0,0.0,0.0,,275.6,0.0,0.0,27.5,0.0,0,0,2,18,10,0.0,0.0,0.0,0.0,0.0,0.0,1.9675390749540838,2.7727362988023785,2.2638166484118076,2.374692627027093,2.482180496372853,2.8689871773404136,CRY(A),CHE(A),MUN(H),BRE(A),AVL(H),MCI(A),0.0,0.0,1.0111928019049574,0.9523055174497719,0.9334535843879661,1.0179566082209277,0.971548547839499,0.8968475614707909,Liverpool,38
David,Møller Wolfe,Møller Wolfe,Defender,WOL,12.562936959205526,14.712066377786623,,,,4.2,0.1,0.0,8.3,35,2,1.6,0.0,0.01,0.09,0.1,,159.8,126.5,46.0,33.3,73.0,0,2,1,23,11,6.0,7.397260273972603,1.0,5.0,3.0,0.0,2.7396734469369974,2.7395544740897164,1.8316005312021293,2.6170920993123663,2.6350164076643163,2.149129418581098,TOT(A),BHA(H),SUN(A),BUR(H),FUL(A),CHE(A),6.0,7.397260273972603,1.0111928019049574,0.9780471761839342,1.052460363008469,1.1325472438885735,1.0385206957960817,0.9523055174497719,Wolves,38
Abdukodir,Khusanov,Khusanov,Defender,MCI,12.2319396699469,14.702353956620344,100.0,100.0,,5.4,0.7,0.0,12.4,67,0,3.2,0.0,0.04,0.08,0.12,,299.0,112.2,26.0,43.9,0.0,0,0,6,13,15,0.0,0.0,0.0,0.0,0.0,0.0,2.2933621508383792,2.8527929929137295,2.6784593444898652,2.257916346178651,2.149408835526274,2.4704142866734444,BUR(H),BRE(A),EVE(H),AVL(A),BOU(H),LIV(H),0.0,0.0,1.1325472438885735,1.0179566082209277,1.0524659774929148,0.9977997168619978,0.9911751304069054,0.9210901427022543,Man City,38
Taiwo,Awoniyi,Awoniyi,Forward,NFO,11.993244657388185,14.6751584288731,100.0,100.0,,5.2,0.4,0.0,8.3,43,0,2.5,0.0,0.69,0.14,0.83,,177.2,79.0,235.0,48.4,28.0,4,2,1,4,3,1.0,3.2142857142857144,1.0,0.0,0.0,0.0,2.518484023724869,2.827809944227328,2.3810743343698024,2.076157620617517,2.189718734448669,2.6819137714849157,SUN(H),NEW(A),CHE(H),BOU(A),MUN(H),LEE(H),1.0,3.2142857142857144,1.0737272005708411,1.0385206957960817,0.9650930995904489,0.9586754303501859,0.9334535843879661,0.9978050397522342,Nott'm Forest,38
Luca,Netz,Netz,Defender,NFO,11.846124182124859,14.651565600349812,,,,4.5,0.0,0.0,2.4,11,1,1.6,0.0,0.0,0.1,0.1,,63.4,30.1,10.0,10.4,27.0,0,0,0,5,3,2.0,6.666666666666667,0.0,2.0,0.0,0.0,2.179033337455689,3.416543354815969,1.6069960118706785,2.126437773634591,2.5171137043479317,2.8054414182249525,SUN(H),NEW(A),CHE(H),BOU(A),MUN(H),LEE(H),2.0,6.666666666666667,1.0737272005708411,1.0385206957960817,0.9650930995904489,0.9586754303501859,0.9334535843879661,0.9978050397522342,Nott'm Forest,38
Joshua,Zirkzee,Zirkzee,Forward,MUN,11.759399557872586,14.648145381556898,100.0,100.0,,5.8,0.4,0.0,7.2,42,1,1.8,0.0,0.41,0.05,0.46,,164.4,177.7,245.0,58.3,16.0,2,1,2,8,5,0.0,0.0,0.0,0.0,0.0,0.0,2.3728316226527344,2.527093182386606,2.53478430846109,2.1187538207081524,2.205936623664003,2.8887458236843115,BRE(A),SUN(H),LIV(A),BHA(H),NFO(A),TOT(A),0.0,0.0,1.0179566082209277,1.0737272005708411,0.9149650840122292,0.9780471761839342,1.0111928019049574,1.0111928019049574,Man Utd,38
Lamare,Bogarde,Bogarde,Defender,AVL,11.951841343760403,14.640343009398224,100.0,100.0,,4.0,0.5,0.0,10.0,40,2,1.4,0.0,0.0,0.02,0.02,,133.0,59.4,14.0,20.6,72.0,0,0,2,17,11,3.0,3.75,0.0,3.0,4.0,0.0,2.702933582162634,2.561220103374505,2.103043508078071,2.0902160970186685,2.4944280531265237,2.6885016656378213,FUL(H),BUR(H),TOT(A),MCI(H),LIV(A),BOU(H),3.0,3.75,1.0111981962423193,1.1325472438885735,1.0111928019049574,0.8968523458188399,0.9149650840122292,0.9911751304069054,Aston Villa,38
Adam,Wharton,Wharton,Midfielder,CRY,12.007082002821646,14.621092083661559,100.0,100.0,,5.0,0.7,0.0,22.4,112,1,3.3,0.0,0.05,0.26,0.31,,494.4,720.0,180.0,139.6,16.0,1,6,8,43,29,1.0,5.625,0.0,0.0,1.0,0.0,2.3357377252849356,3.039585248069933,2.2312134888484114,2.1036618849605415,2.2968836556578247,2.6140100808399134,LIV(H),EVE(A),BOU(H),ARS(A),BRE(H),BHA(H),1.0,5.625,0.9210901427022543,1.0179566082209277,0.9911751304069054,0.9334486047869694,0.9780471761839342,0.9780471761839342,Crystal Palace,38
Ezri,Konsa Ngoyo,Konsa,Defender,AVL,12.295189303217926,14.59183707683736,100.0,100.0,,4.4,7.0,0.0,22.7,100,0,2.9,0.0,0.04,0.02,0.06,,601.4,108.3,124.0,84.0,0.0,0,1,9,44,34,0.0,0.0,0.0,0.0,0.0,0.0,2.1199497263410287,3.219228670621952,2.3402971708060147,2.274335013222539,2.3413787222263935,2.296647773619434,FUL(H),BUR(H),TOT(A),MCI(H),LIV(A),BOU(H),0.0,0.0,1.0111981962423193,1.1325472438885735,1.0111928019049574,0.8968523458188399,0.9149650840122292,0.9911751304069054,Aston Villa,38
Pablo Felipe,Pereira de Jesus,Pablo,Forward,WHU,12.61092983841732,14.549770646711497,100.0,100.0,,5.4,0.0,0.0,4.8,26,1,1.9,0.0,0.12,0.12,0.24,,111.8,191.5,108.0,41.3,45.0,0,1,3,12,10,1.0,2.0,0.0,0.0,1.0,0.0,3.3225188740016103,2.8152831897195045,2.461696712935894,1.9830807307894143,2.0283503309708983,1.9388408082941777,EVE(A),ARS(A),BRE(H),LEE(A),NEW(H),BUR(H),1.0,2.0,1.0179566082209277,0.9334486047869694,0.9780471761839342,1.045467296709635,0.9586805445269106,1.1325472438885735,West Ham,38
Oscar,Bobb,Bobb,Midfielder,FUL,12.913115729561301,14.507318756664333,100.0,100.0,,5.1,0.2,0.0,8.2,42,3,1.8,0.0,0.13,0.18,0.31,,140.4,315.4,205.0,66.4,71.0,0,2,4,13,11,5.0,6.338028169014085,0.0,1.0,4.0,0.0,3.3745939798676248,2.925672870190185,2.102075848694314,2.3199553456275646,2.1908176851816146,1.5942030271030307,AVL(A),BOU(A),ARS(H),NEW(A),WOL(H),EVE(A),5.0,6.338028169014085,0.9977997168619978,0.9586754303501859,0.9210901427022543,1.0385206957960817,1.110121305916802,1.0179566082209277,Fulham,38
Andrés,García,A.García,Defender,AVL,11.65904737790035,14.499574758771605,100.0,100.0,,3.9,0.2,0.0,1.3,5,1,0.8,0.0,0.0,0.01,0.01,,17.8,3.2,2.0,2.3,45.0,0,0,0,3,1,9.0,18.0,4.0,5.0,2.0,0.0,2.7209864775821946,2.593645249752451,1.7480699178070331,2.0930163165301523,2.5033294162285187,2.840527380871255,FUL(H),BUR(H),TOT(A),MCI(H),LIV(A),BOU(H),9.0,18.0,1.0111981962423193,1.1325472438885735,1.0111928019049574,0.8968523458188399,0.9149650840122292,0.9911751304069054,Aston Villa,38
Mateo,Kovačić,Kovačić,Midfielder,MCI,11.77573669174697,14.456095017522795,100.0,100.0,,5.8,0.0,0.0,1.6,9,1,1.5,0.0,0.09,0.3,0.39,,46.0,65.5,3.0,11.5,31.0,0,1,0,3,1,4.0,11.612903225806452,0.0,2.0,2.0,0.0,2.507699121779192,2.1302187922146367,2.2618547899305543,2.5258980923993817,2.350065895423205,2.680358325775826,BUR(H),BRE(A),EVE(H),AVL(A),BOU(H),LIV(H),4.0,11.612903225806452,1.1325472438885735,1.0179566082209277,1.0524659774929148,0.9977997168619978,0.9911751304069054,0.9210901427022543,Man City,38
Alexander,Isak,Isak,Forward,LIV,12.181773668818277,14.446073506557308,75.0,100.0,,10.3,3.8,0.0,4.0,41,0,2.9,0.0,0.34,0.01,0.35,,146.4,39.2,191.0,36.9,0.0,3,1,1,9,8,0.0,0.0,0.0,0.0,0.0,0.0,2.1607392946448565,2.9734297645549344,2.537545307315355,2.375770641717075,2.134288660586055,2.2642998377390304,CRY(A),CHE(A),MUN(H),BRE(A),AVL(H),MCI(A),0.0,0.0,1.0111928019049574,0.9523055174497719,0.9334535843879661,1.0179566082209277,0.971548547839499,0.8968475614707909,Liverpool,38
Jeremie,Frimpong,Frimpong,Defender,LIV,12.702044251658746,14.44418249356491,75.0,100.0,,5.7,4.9,0.0,11.1,63,1,3.0,0.0,0.04,0.14,0.18,,133.2,244.6,186.0,56.5,16.0,0,5,5,13,12,0.0,0.0,0.0,0.0,2.0,0.0,2.6537582315017008,2.8701971104807105,2.3131267418513093,2.570445461183223,2.294516706641803,1.7421382419061624,CRY(A),CHE(A),MUN(H),BRE(A),AVL(H),MCI(A),0.0,0.0,1.0111928019049574,0.9523055174497719,0.9334535843879661,1.0179566082209277,0.971548547839499,0.8968475614707909,Liverpool,38
Ola,Aina,Aina,Defender,NFO,11.939683613511217,14.421323437052182,75.0,75.0,Lack of match fitness - 75% chance of playing,4.7,2.1,0.0,14.3,67,0,3.7,0.0,0.02,0.05,0.07,,285.2,160.3,58.0,50.5,0.0,0,2,6,19,18,0.0,0.0,0.0,0.0,0.0,0.0,1.9551741863649827,2.8488483955061454,2.208892167197996,2.2624203825749847,2.664348481867108,2.4816398235409647,SUN(H),NEW(A),CHE(H),BOU(A),MUN(H),LEE(H),0.0,0.0,1.0737272005708411,1.0385206957960817,0.9650930995904489,0.9586754303501859,0.9334535843879661,0.9978050397522342,Nott'm Forest,38
Daichi,Kamada,Kamada,Midfielder,CRY,11.636872080653138,14.393112576268978,100.0,100.0,,5.0,0.1,0.0,13.4,67,1,2.4,0.0,0.08,0.15,0.23,,239.2,350.1,155.0,74.5,45.0,0,2,6,28,22,5.0,10.0,2.0,1.0,2.0,0.0,2.6414183356639063,2.97818889627054,1.6698606617495444,2.1894551985391937,2.1579489884299536,2.75624049561584,LIV(H),EVE(A),BOU(H),ARS(A),BRE(H),BHA(H),5.0,10.0,0.9210901427022543,1.0179566082209277,0.9911751304069054,0.9334486047869694,0.9780471761839342,0.9780471761839342,Crystal Palace,38
Justin,Kluivert,Kluivert,Midfielder,BOU,12.040476411320444,14.384230233432127,100.0,100.0,,6.9,0.6,0.0,5.9,41,1,2.0,0.0,0.22,0.15,0.37,,148.0,305.1,135.0,58.8,17.0,2,0,4,19,10,1.0,5.294117647058823,0.0,0.0,1.0,0.0,2.5329252278592964,2.6928058102502983,2.3604226989360093,2.521702075407085,1.9326205988677547,2.3437538221116823,LEE(A),FUL(H),CRY(A),NFO(H),MCI(A),AVL(A),1.0,5.294117647058823,1.045467296709635,1.0111981962423193,1.0111928019049574,1.045472873888674,0.8968475614707909,0.9977997168619978,Bournemouth,38
Angel,Gomes,Angel,Midfielder,WOL,11.495206253457384,14.347590934696314,100.0,100.0,,4.6,0.0,0.0,3.5,16,2,1.3,0.0,0.05,0.06,0.11,,52.8,91.5,28.0,17.1,65.0,0,0,1,8,7,5.0,6.923076923076923,2.0,1.0,2.0,0.0,2.740819576878498,2.1993397449214025,1.8973249462736228,2.179953471148806,2.477768514235056,2.8523846812389295,TOT(A),BHA(H),SUN(A),BUR(H),FUL(A),CHE(A),5.0,6.923076923076923,1.0111928019049574,0.9780471761839342,1.052460363008469,1.1325472438885735,1.0385206957960817,0.9523055174497719,Wolves,38
Rayan Vitor,Simplício Rocha,Rayan,Midfielder,BOU,12.27227196672705,14.33234696932051,,,,5.4,2.3,0.0,12.4,67,2,4.5,0.0,0.22,0.15,0.37,,277.6,211.9,263.0,75.3,72.0,5,2,6,10,13,6.0,7.5,0.0,4.0,2.0,0.0,3.1379595048481095,2.7533673517071517,1.8751359302510444,2.3572664456875674,2.1485427342331773,2.060075002593459,LEE(A),FUL(H),CRY(A),NFO(H),MCI(A),AVL(A),6.0,7.5,1.045467296709635,1.0111981962423193,1.0111928019049574,1.045472873888674,0.8968475614707909,0.9977997168619978,Bournemouth,38
Ryan,Sessegnon,Sessegnon,Midfielder,FUL,12.497303567891711,14.261566438239608,75.0,100.0,,5.4,0.1,0.0,17.6,95,0,3.5,0.0,0.08,0.09,0.17,,413.8,225.0,229.0,86.7,0.0,3,3,6,29,20,0.0,0.0,0.0,0.0,0.0,0.0,1.8521734242900063,3.163043862181581,1.952535030542697,2.46045669946781,3.0690945514096164,1.7642628703478982,AVL(A),BOU(A),ARS(H),NEW(A),WOL(H),EVE(A),0.0,0.0,0.9977997168619978,0.9586754303501859,0.9210901427022543,1.0385206957960817,1.110121305916802,1.0179566082209277,Fulham,38
Leny,Yoro,Yoro,Defender,MUN,11.509924569173789,14.254386948424603,100.0,100.0,,4.1,1.2,0.0,13.7,56,1,1.8,0.0,0.07,0.03,0.1,,327.0,83.1,124.0,53.2,16.0,0,1,2,33,18,4.0,22.5,1.0,3.0,0.0,0.0,2.2562842259139835,2.6145038717154887,2.308094716932117,2.0255026550235105,2.3055390995886906,2.744462379250815,BRE(A),SUN(H),LIV(A),BHA(H),NFO(A),TOT(A),4.0,22.5,1.0179566082209277,1.0737272005708411,0.9149650840122292,0.9780471761839342,1.0111928019049574,1.0111928019049574,Man Utd,38
Diogo,Dalot Teixeira,Dalot,Defender,MUN,11.904900994135462,14.2285265521641,100.0,100.0,,4.5,3.8,0.0,24.7,111,0,3.3,0.0,0.07,0.09,0.16,,535.8,458.5,202.0,119.6,0.0,1,6,7,40,29,0.0,0.0,0.0,0.0,0.0,0.0,2.2076520651779323,2.8037360362116583,1.963720132410909,2.6747750384304454,2.2550177219045167,2.3236255580286382,BRE(A),SUN(H),LIV(A),BHA(H),NFO(A),TOT(A),0.0,0.0,1.0179566082209277,1.0737272005708411,0.9149650840122292,0.9780471761839342,1.0111928019049574,1.0111928019049574,Man Utd,38
Dominic,Solanke-Mitchell,Solanke,Forward,TOT,12.343183660106181,14.216127898277461,100.0,100.0,,7.1,1.1,0.0,5.6,40,0,2.7,0.0,0.27,0.03,0.3,,205.0,84.1,339.0,62.7,0.0,3,0,0,21,11,0.0,0.0,0.0,0.0,0.0,0.0,1.7352455311252202,2.9903316825142316,1.9448750560454147,3.2062034689938894,2.4665279214274247,1.8729442381712802,WOL(H),LEE(A),AVL(H),EVE(A),CHE(H),MUN(H),0.0,0.0,1.110121305916802,1.045467296709635,0.971548547839499,1.0179566082209277,0.9650930995904489,0.9334535843879661,Spurs,38
Andrey,Nascimento dos Santos,Andrey Santos,Midfielder,CHE,11.655881206159863,14.199240342897053,100.0,100.0,,4.4,0.3,0.0,10.7,47,0,1.7,0.0,0.14,0.06,0.2,,229.6,153.9,91.0,47.5,0.0,1,0,1,18,13,0.0,0.0,0.0,0.0,0.0,0.0,1.9351856315005347,2.1823996521972187,2.2554835778555087,2.9132541496244957,2.3695581949821047,2.54335913673719,BHA(H),LIV(H),NFO(A),SUN(H),TOT(A),WOL(H),0.0,0.0,0.9780471761839342,0.9210901427022543,1.0111928019049574,1.0737272005708411,1.0111928019049574,1.110121305916802,Chelsea,38
Aaron,Hickey,Hickey,Defender,BRE,11.288541202582426,14.14074907794723,100.0,100.0,,4.0,0.3,0.0,9.2,37,1,1.8,0.0,0.06,0.02,0.08,,101.4,17.1,43.0,16.0,30.0,0,0,2,9,8,2.0,6.0,1.0,1.0,1.0,0.0,2.270595164084222,1.7683587220751873,2.511770722499338,1.9856662427941616,2.752150351129516,2.8522078753648055,MUN(H),MCI(H),WHU(A),LIV(H),CRY(A),NEW(H),2.0,6.0,0.9334535843879661,0.8968523458188399,1.0247656572203843,0.9210901427022543,1.0111928019049574,0.9586805445269106,Brentford,38
Marcus,Edwards,Edwards,Midfielder,BUR,12.025943345982277,13.981205754106531,100.0,100.0,,4.7,0.1,0.0,10.9,51,1,2.2,0.0,0.13,0.16,0.29,,180.0,283.9,226.0,68.9,15.0,1,3,1,18,11,1.0,6.0,0.0,0.0,1.0,0.0,2.148429232760923,2.6531095160681297,2.6311162558036214,2.4601446859014184,2.133143655448186,1.9552624081242542,MCI(A),AVL(A),LEE(H),WOL(A),ARS(H),WHU(A),1.0,6.0,0.8968475614707909,0.9977997168619978,0.9978050397522342,1.1175408772327884,0.9210901427022543,1.0247656572203843,Burnley,38
Archie,Gray,Gray,Midfielder,TOT,11.512844775097738,13.967313476255818,100.0,100.0,,4.8,0.1,0.0,12.7,61,1,2.5,0.0,0.09,0.08,0.17,,259.4,138.1,158.0,55.5,8.0,2,2,5,28,18,1.0,11.25,0.0,1.0,0.0,0.0,2.070801395469126,2.4960359290006355,2.429863669629726,2.357377289975607,2.1587664910226447,2.4544687011580804,WOL(H),LEE(A),AVL(H),EVE(A),CHE(H),MUN(H),1.0,11.25,1.110121305916802,1.045467296709635,0.971548547839499,1.0179566082209277,0.9650930995904489,0.9334535843879661,Spurs,38
João Victor,Gomes da Silva,J.Gomes,Midfielder,WOL,12.156110767531711,13.927123296242947,100.0,100.0,,5.3,0.3,0.0,20.2,107,0,3.1,0.0,0.04,0.07,0.11,,486.6,353.4,176.0,102.0,0.0,1,2,4,56,32,0.0,0.0,0.0,0.0,0.0,0.0,2.0226765170195553,2.4286553005975566,2.423883614112795,2.6565981518612074,2.624297183940599,1.771012528711236,TOT(A),BHA(H),SUN(A),BUR(H),FUL(A),CHE(A),0.0,0.0,1.0111928019049574,0.9780471761839342,1.052460363008469,1.1325472438885735,1.0385206957960817,0.9523055174497719,Wolves,38
Leon,Bailey,Bailey,Midfielder,AVL,12.758037527198024,13.888347754101144,100.0,100.0,,5.5,0.1,0.0,3.8,21,5,1.6,0.0,0.1,0.29,0.39,,71.2,160.4,69.0,30.1,90.0,0,2,0,9,3,10.0,10.0,2.0,4.0,4.0,0.0,3.10276454952052,2.7738835809041658,3.0387256822024264,1.9102728475758783,1.9323908669950316,1.1303102269031202,FUL(H),BUR(H),TOT(A),MCI(H),LIV(A),BOU(H),10.0,10.0,1.0111981962423193,1.1325472438885735,1.0111928019049574,0.8968523458188399,0.9149650840122292,0.9911751304069054,Aston Villa,38
Kenny,Tete,Tete,Defender,FUL,11.922567755554422,13.826741471346105,100.0,100.0,,4.5,0.2,0.0,18.0,81,0,3.7,0.0,0.05,0.07,0.12,,416.0,214.1,108.0,73.9,0.0,1,0,6,25,21,0.0,0.0,0.0,0.0,0.0,0.0,1.89823427328198,2.726174747707655,2.272849453897536,2.3227644383115895,2.702544842355663,1.9041737157916838,AVL(A),BOU(A),ARS(H),NEW(A),WOL(H),EVE(A),0.0,0.0,0.9977997168619978,0.9586754303501859,0.9210901427022543,1.0385206957960817,1.110121305916802,1.0179566082209277,Fulham,38
Wilfried,Gnonto,Gnonto,Midfielder,LEE,11.325736229395673,13.804421981987186,100.0,100.0,,5.1,0.1,0.0,6.3,32,1,1.4,0.0,0.07,0.13,0.2,,85.2,129.3,61.0,27.5,21.0,0,3,1,14,4,0.0,0.0,0.0,0.0,0.0,0.0,2.2412324085197777,2.2066542918896115,2.3573336454780294,2.2187143111732275,2.3018015723350267,2.478685752591514,BOU(H),TOT(H),BUR(A),WHU(H),BHA(A),NFO(A),0.0,0.0,0.9911751304069054,1.0247711239638793,1.0881336264811785,1.0316257548390524,0.9780419586939864,1.0111928019049574,Leeds,38
Hugo,Bueno López,H.Bueno,Defender,WOL,11.927107351064684,13.766921462706327,100.0,100.0,,4.3,0.2,0.0,19.3,83,1,2.4,0.0,0.03,0.13,0.16,,554.6,673.9,172.0,140.4,16.0,1,3,4,44,26,0.0,0.0,0.0,0.0,0.0,0.0,2.4957639842043773,2.3779355069858226,1.9777859764460437,2.675416853641729,2.400205029786711,1.8398141116416429,TOT(A),BHA(H),SUN(A),BUR(H),FUL(A),CHE(A),0.0,0.0,1.0111928019049574,0.9780471761839342,1.052460363008469,1.1325472438885735,1.0385206957960817,0.9523055174497719,Wolves,38
Ibrahim,Sangaré,Sangaré,Midfielder,NFO,11.744076631442596,13.753834013262356,100.0,100.0,,4.9,0.1,0.0,18.2,89,4,3.2,0.0,0.05,0.08,0.13,,434.4,205.9,126.0,76.8,64.0,2,2,8,26,25,16.0,22.5,0.0,8.0,8.0,2.0,3.3416100325247298,2.6193155425772963,1.573888284719044,2.03723072199325,2.172032049628275,2.0097573818197607,SUN(H),NEW(A),CHE(H),BOU(A),MUN(H),LEE(H),16.0,22.5,1.0737272005708411,1.0385206957960817,0.9650930995904489,0.9586754303501859,0.9334535843879661,0.9978050397522342,Nott'm Forest,38
Yasin,Ayari,Ayari,Midfielder,BHA,11.302284243487446,13.74361896807341,100.0,100.0,,4.8,0.4,0.0,20.4,98,0,3.4,0.0,0.13,0.05,0.18,,359.8,251.3,231.0,84.5,0.0,3,4,6,24,20,0.0,0.0,0.0,0.0,0.0,0.0,2.0486990202225766,2.9163320334997587,2.349253766013877,1.5599649354323215,2.4280344883189136,2.4413347245859636,CHE(A),WOL(A),NEW(H),MUN(A),LEE(H),CRY(A),0.0,0.0,0.9523055174497719,1.1175408772327884,0.9586805445269106,0.9210852290552671,0.9978050397522342,1.0111928019049574,Brighton,38
Jorge,Cuenca Barreno,J.Cuenca,Defender,FUL,10.89834040215821,13.73615969558433,,,,4.3,0.1,0.0,9.1,39,0,2.6,0.0,0.0,0.05,0.05,,249.6,47.2,14.0,31.2,4.0,0,0,2,11,11,3.0,67.5,0.0,3.0,0.0,0.0,1.5795689386210239,2.6189601886004295,1.4866620582621248,2.665891558885773,2.5472576577888577,2.8378192934261213,AVL(A),BOU(A),ARS(H),NEW(A),WOL(H),EVE(A),3.0,67.5,0.9977997168619978,0.9586754303501859,0.9210901427022543,1.0385206957960817,1.110121305916802,1.0179566082209277,Fulham,38
Hjalmar,Ekdal,Ekdal,Defender,BUR,11.149622965106229,13.720834309117116,,,,3.8,0.7,0.0,13.7,52,0,2.7,0.0,0.01,0.02,0.03,,372.0,55.8,88.0,51.7,0.0,0,0,2,34,17,0.0,0.0,0.0,0.0,0.0,0.0,1.217914931188942,3.039199892789124,1.7952698172507706,2.4203748302320154,2.676863493645379,2.5712113440108872,MCI(A),AVL(A),LEE(H),WOL(A),ARS(H),WHU(A),0.0,0.0,0.8968475614707909,0.9977997168619978,0.9978050397522342,1.1175408772327884,0.9210901427022543,1.0247656572203843,Burnley,38
Martin,Ødegaard,Ødegaard,Midfielder,ARS,11.313323720343732,13.693159730580318,100.0,100.0,,7.8,1.7,0.0,9.5,74,0,3.1,0.0,0.08,0.24,0.32,,311.8,564.4,168.0,104.4,0.0,1,7,6,13,16,0.0,0.0,0.0,0.0,0.0,0.0,1.741399810021485,2.5349481654798365,1.9398082835042638,2.540633457711694,2.556534003626452,2.3798360102365863,NEW(A),WHU(H),FUL(A),CRY(H),BUR(A),SUN(A),0.0,0.0,1.0385206957960817,1.0316257548390524,1.0385206957960817,1.0385262359175895,1.0881336264811785,1.052460363008469,Arsenal,38
Olivier,Boscagli,Boscagli,Defender,BHA,11.103530506714996,13.687439188608924,,,,4.2,0.1,0.0,9.3,39,0,3.2,0.0,0.01,0.05,0.06,,215.6,82.2,12.0,31.1,0.0,0,1,3,10,9,0.0,0.0,0.0,0.0,0.0,0.0,1.2638898528822053,3.37570595990058,1.464631416021597,2.04142977752172,2.9578735003888963,2.5839086818939268,CHE(A),WOL(A),NEW(H),MUN(A),LEE(H),CRY(A),0.0,0.0,0.9523055174497719,1.1175408772327884,0.9586805445269106,0.9210852290552671,0.9978050397522342,1.0111928019049574,Brighton,38
Ayden,Heaven,Heaven,Defender,MUN,10.814517468698979,13.67536358593928,100.0,100.0,,3.7,2.6,0.0,11.4,42,0,2.5,0.0,0.03,0.02,0.05,,233.6,32.0,26.0,29.1,0.0,0,1,2,15,11,0.0,0.0,0.0,0.0,0.0,0.0,1.7017585763200742,2.2606554364742597,1.8469637354666673,2.3634684263483616,2.6416712940896154,2.8608461172403006,BRE(A),SUN(H),LIV(A),BHA(H),NFO(A),TOT(A),0.0,0.0,1.0179566082209277,1.0737272005708411,0.9149650840122292,0.9780471761839342,1.0111928019049574,1.0111928019049574,Man Utd,38
Evann,Guessand,Guessand,Midfielder,CRY,11.33889511467912,13.662843264022865,100.0,100.0,,6.2,0.0,0.0,7.1,44,1,2.1,0.0,0.15,0.08,0.23,,159.4,76.6,187.0,42.0,28.0,1,3,2,15,9,1.0,3.2142857142857144,0.0,0.0,1.0,0.0,2.435807071157121,2.2776960232251366,2.297837997272401,1.9773419737488453,2.350212049275615,2.3239481493437437,LIV(H),EVE(A),BOU(H),ARS(A),BRE(H),BHA(H),1.0,3.2142857142857144,0.9210901427022543,1.0179566082209277,0.9911751304069054,0.9334486047869694,0.9780471761839342,0.9780471761839342,Crystal Palace,38
Rodrigo 'Rodri',Hernandez Cascante,Rodrigo,Midfielder,MCI,11.888568168429849,13.494906975460998,100.0,100.0,,6.3,0.5,0.0,11.0,69,0,3.3,0.0,0.07,0.15,0.22,,358.0,421.5,122.0,90.3,0.0,1,1,5,15,17,0.0,0.0,0.0,0.0,0.0,0.0,2.538157853966769,2.8645093758768168,2.3430489127275695,2.2830430791594827,1.859808946699211,1.6063388070311488,BUR(H),BRE(A),EVE(H),AVL(A),BOU(H),LIV(H),0.0,0.0,1.1325472438885735,1.0179566082209277,1.0524659774929148,0.9977997168619978,0.9911751304069054,0.9210901427022543,Man City,38
Quilindschy,Hartman,Hartman,Defender,BUR,11.702038369433364,13.475490322189037,,,,4.0,0.6,0.0,15.8,63,0,3.0,0.0,0.02,0.1,0.12,,422.2,288.8,83.0,79.5,0.0,0,6,3,40,21,0.0,0.0,0.0,0.0,0.0,0.0,1.2157068752791569,3.1495749648813964,1.9368155281752657,2.6869414883105724,2.712999512786973,1.7734519527556738,MCI(A),AVL(A),LEE(H),WOL(A),ARS(H),WHU(A),0.0,0.0,0.8968475614707909,0.9977997168619978,0.9978050397522342,1.1175408772327884,0.9210901427022543,1.0247656572203843,Burnley,38
Kristoffer,Ajer,Ajer,Defender,BRE,11.08628041203771,13.473318673449493,100.0,100.0,,4.4,0.2,0.0,17.3,76,0,2.8,0.0,0.03,0.04,0.07,,401.4,59.1,165.0,62.7,0.0,0,2,5,32,20,0.0,0.0,0.0,0.0,0.0,0.0,1.840612963979325,2.423656523904443,2.399979999594822,2.0111724429880486,2.4108584815710707,2.3870382614117838,MUN(H),MCI(H),WHU(A),LIV(H),CRY(A),NEW(H),0.0,0.0,0.9334535843879661,0.8968523458188399,1.0247656572203843,0.9210901427022543,1.0111928019049574,0.9586805445269106,Brentford,38
Saša,Lukić,Lukić,Midfielder,FUL,11.444384618284467,13.465990319527581,100.0,100.0,,4.9,0.1,0.0,13.7,67,0,2.6,0.0,0.12,0.1,0.22,,317.6,441.6,176.0,93.4,0.0,1,4,6,22,20,0.0,0.0,0.0,0.0,0.0,0.0,1.9655242880105395,2.675920312068669,2.100878433734021,2.157212623510497,2.544848960960741,2.0216057012431143,AVL(A),BOU(A),ARS(H),NEW(A),WOL(H),EVE(A),0.0,0.0,0.9977997168619978,0.9586754303501859,0.9210901427022543,1.0385206957960817,1.110121305916802,1.0179566082209277,Fulham,38
Bafodé,Diakité,Diakité,Defender,BOU,10.660680135686265,13.416182984405491,100.0,100.0,,4.1,0.3,0.0,11.2,46,0,2.6,0.0,0.0,0.01,0.01,,267.0,54.3,22.0,34.4,0.0,0,0,4,27,15,0.0,0.0,0.0,0.0,0.0,0.0,1.6765990460976894,2.0417978938277037,1.9498388310568744,2.6901714610282306,2.302272903675768,2.7555028487192272,LEE(A),FUL(H),CRY(A),NFO(H),MCI(A),AVL(A),0.0,0.0,1.045467296709635,1.0111981962423193,1.0111928019049574,1.045472873888674,0.8968475614707909,0.9977997168619978,Bournemouth,38
James,Ward-Prowse,Ward-Prowse,Midfielder,BUR,11.68816676378827,13.414613920511481,100.0,100.0,,5.6,0.2,0.0,7.1,40,1,2.2,0.0,0.02,0.15,0.17,,215.0,384.4,22.0,62.1,15.0,0,1,2,27,12,2.0,12.0,1.0,0.0,1.0,0.0,1.8738211956214519,2.458960085206074,2.510899250362843,2.5564774758099085,2.288008756787994,1.7264471567232111,MCI(A),AVL(A),LEE(H),WOL(A),ARS(H),WHU(A),2.0,12.0,0.8968475614707909,0.9977997168619978,0.9978050397522342,1.1175408772327884,0.9210901427022543,1.0247656572203843,Burnley,38
Lucas,Digne,Digne,Defender,AVL,11.035922370852436,13.408092661001811,100.0,100.0,,4.5,1.5,0.0,21.6,97,0,3.1,0.0,0.03,0.16,0.19,,400.2,455.5,130.0,98.5,0.0,0,7,7,23,21,0.0,0.0,0.0,0.0,0.0,0.0,1.8324059486863704,2.8761225709938945,2.1115329015840163,1.9929630168883778,2.2228979326997775,2.3721702901493757,FUL(H),BUR(H),TOT(A),MCI(H),LIV(A),BOU(H),0.0,0.0,1.0111981962423193,1.1325472438885735,1.0111928019049574,0.8968523458188399,0.9149650840122292,0.9911751304069054,Aston Villa,38
Sandro,Tonali,Tonali,Midfielder,NEW,11.13064712452624,13.396833430534144,75.0,75.0,Hamstring injury - 75% chance of playing,5.3,1.0,0.0,15.3,81,0,2.3,0.0,0.06,0.1,0.16,,398.0,534.1,198.0,113.4,0.0,0,2,7,38,31,0.0,0.0,0.0,0.0,0.0,0.0,1.8173381565670794,2.5783238372748407,1.9118760839489957,2.144783485845182,2.678325560890142,2.2661863060079055,ARS(H),NFO(H),BHA(A),FUL(H),WHU(A),BRE(A),0.0,0.0,0.9210901427022543,1.045472873888674,0.9780419586939864,1.0111981962423193,1.0247656572203843,1.0179566082209277,Newcastle,38
Max,Dowman,Dowman,Midfielder,ARS,11.501727641474895,13.356707816150099,100.0,100.0,,4.2,0.9,0.0,3.8,16,3,2.7,0.0,0.7,0.18,0.88,,45.2,55.5,65.0,16.6,61.0,1,1,1,1,1,5.0,7.377049180327869,0.0,0.0,5.0,0.0,2.450344714170801,2.615504210717267,1.92186692332825,2.229364787690465,2.284647005568113,1.854980174675203,NEW(A),WHU(H),FUL(A),CRY(H),BUR(A),SUN(A),5.0,7.377049180327869,1.0385206957960817,1.0316257548390524,1.0385206957960817,1.0385262359175895,1.0881336264811785,1.052460363008469,Arsenal,38
Omar,Marmoush,Marmoush,Midfielder,MCI,10.927437085798447,13.344574034366525,100.0,100.0,,8.3,2.9,0.0,6.7,56,0,2.7,0.0,0.36,0.1,0.46,,203.2,159.8,284.0,64.4,0.0,3,3,4,5,8,0.0,0.0,0.0,0.0,0.0,0.0,2.383362076344287,2.30313668489074,2.4698802475974597,1.7997452115905679,1.9713128653753913,2.4171369485680785,BUR(H),BRE(A),EVE(H),AVL(A),BOU(H),LIV(H),0.0,0.0,1.1325472438885735,1.0179566082209277,1.0524659774929148,0.9977997168619978,0.9911751304069054,0.9210901427022543,Man City,38
Samuel,Chukwueze,Chukwueze,Midfielder,FUL,11.117732344385793,13.325353922839,100.0,100.0,,5.3,0.1,0.0,11.7,62,0,2.7,0.0,0.18,0.28,0.46,,274.0,346.7,243.0,85.8,0.0,3,4,2,20,10,0.0,0.0,0.0,0.0,0.0,0.0,2.068872029715239,2.0172977865604618,1.7441739367587599,2.732511435513344,2.5548771558379895,2.2076215784532076,AVL(A),BOU(A),ARS(H),NEW(A),WOL(H),EVE(A),0.0,0.0,0.9977997168619978,0.9586754303501859,0.9210901427022543,1.0385206957960817,1.110121305916802,1.0179566082209277,Fulham,38
Shea,Lacey,Lacey,Midfielder,MUN,11.07012651543079,13.294459195357957,100.0,100.0,,4.5,0.0,0.0,0.7,3,1,1.0,0.0,0.22,0.02,0.24,,4.0,2.1,16.0,1.7,28.0,0,0,0,0,0,2.0,6.428571428571429,0.0,0.0,2.0,0.0,2.9015871061199863,2.7300292684027285,1.5408199748243419,2.0139650954234725,1.883725070660261,2.224332679927167,BRE(A),SUN(H),LIV(A),BHA(H),NFO(A),TOT(A),2.0,6.428571428571429,1.0179566082209277,1.0737272005708411,0.9149650840122292,0.9780471761839342,1.0111928019049574,1.0111928019049574,Man Utd,38
Bertrand,Traoré,Traoré,Midfielder,SUN,10.847186460523263,13.271074432033796,100.0,100.0,,5.5,0.0,0.0,5.5,30,0,2.5,0.0,0.07,0.04,0.11,,115.6,108.4,135.0,35.9,0.0,1,1,3,9,9,0.0,0.0,0.0,0.0,0.0,0.0,1.5705468579606265,2.1803403493370968,1.7931711076747712,2.2195309966235195,3.083597148927248,2.4238879715105335,NFO(A),MUN(A),WOL(H),CHE(A),EVE(H),ARS(H),0.0,0.0,1.0111928019049574,0.9210852290552671,1.110121305916802,0.9523055174497719,1.0524659774929148,0.9210901427022543,Sunderland,38
Tyrell,Malacia,Malacia,Defender,MUN,10.563234021148105,13.23782544974917,,,,3.7,0.6,0.0,0.8,3,1,1.0,0.0,0.0,0.0,0.0,,7.6,1.5,0.0,0.9,8.0,0,0,0,1,0,2.0,22.5,2.0,0.0,1.0,0.0,1.6757445788305045,3.054056283146111,1.7785461108170235,1.8275701549408616,2.2273168934136045,2.6745914286010652,BRE(A),SUN(H),LIV(A),BHA(H),NFO(A),TOT(A),2.0,22.5,1.0179566082209277,1.0737272005708411,0.9149650840122292,0.9780471761839342,1.0111928019049574,1.0111928019049574,Man Utd,38
Yehor,Yarmoliuk,Yarmoliuk,Midfielder,BRE,11.083423745460166,13.193716774518675,100.0,100.0,,5.0,0.1,0.0,20.8,104,0,2.8,0.0,0.04,0.05,0.09,,445.0,273.0,117.0,83.4,0.0,1,3,8,42,30,0.0,0.0,0.0,0.0,0.0,0.0,1.7793922046050554,2.2538387050612445,2.421179836503331,2.056689395035175,2.57232360425536,2.1102930290585094,MUN(H),MCI(H),WHU(A),LIV(H),CRY(A),NEW(H),0.0,0.0,0.9334535843879661,0.8968523458188399,1.0247656572203843,0.9210901427022543,1.0111928019049574,0.9586805445269106,Brentford,38
Maximilian,Kilman,Kilman,Defender,WHU,10.235820025395485,13.164218080820707,,,,4.0,0.1,0.0,9.0,36,0,1.7,0.0,0.03,0.01,0.04,,392.4,55.8,60.0,50.9,0.0,0,0,1,37,17,0.0,0.0,0.0,0.0,0.0,0.0,1.2897761582450977,2.8685080397041918,1.459177692932025,2.2348657420569884,2.3834923924571827,2.9283980554252205,EVE(A),ARS(A),BRE(H),LEE(A),NEW(H),BUR(H),0.0,0.0,1.0179566082209277,0.9334486047869694,0.9780471761839342,1.045467296709635,0.9586805445269106,1.1325472438885735,West Ham,38
Nathaniel,Clyne,Clyne,Defender,CRY,10.892319639901812,13.117316249565413,100.0,100.0,,3.8,0.5,0.0,4.5,17,1,1.7,0.0,0.07,0.09,0.16,,105.2,55.0,33.0,19.2,90.0,0,1,0,12,7,8.0,8.0,1.0,7.0,1.0,0.0,1.6457377004812566,2.097244880850136,2.504834803808308,2.329673788504399,2.3148284662577114,2.2249966096636014,LIV(H),EVE(A),BOU(H),ARS(A),BRE(H),BHA(H),8.0,8.0,0.9210901427022543,1.0179566082209277,0.9911751304069054,0.9334486047869694,0.9780471761839342,0.9780471761839342,Crystal Palace,38
Yves,Bissouma,Bissouma,Midfielder,TOT,10.576616460781324,13.07669432875408,100.0,100.0,,5.2,0.0,0.0,3.3,17,0,1.5,0.0,0.05,0.02,0.07,,89.6,25.5,23.0,13.7,0.0,0,0,1,17,7,0.0,0.0,0.0,0.0,0.0,0.0,1.848313996401293,2.443102693811883,1.7828347727637126,2.004361533206269,2.498003464598164,2.500077867972755,WOL(H),LEE(A),AVL(H),EVE(A),CHE(H),MUN(H),0.0,0.0,1.110121305916802,1.045467296709635,0.971548547839499,1.0179566082209277,0.9650930995904489,0.9334535843879661,Spurs,38
Tyler,Dibling,Dibling,Midfielder,EVE,10.259700386719736,13.050709578532356,,,,5.3,0.0,0.0,3.4,18,0,1.3,0.0,0.05,0.04,0.09,,46.0,61.0,32.0,13.6,0.0,0,0,2,2,4,0.0,0.0,0.0,0.0,0.0,0.0,1.2354737967454923,3.314483671383772,1.5534105537036693,1.8270563794401005,2.3292759854467024,2.79100919181262,WHU(H),CRY(H),MCI(A),TOT(H),SUN(A),FUL(H),0.0,0.0,1.0316257548390524,1.0385262359175895,0.8968475614707909,1.0247711239638793,1.052460363008469,1.0111981962423193,Everton,38
Harry,Howell,Howell,Midfielder,BHA,10.329209255592456,13.03726525653045,,,,4.5,0.0,0.0,0.9,4,0,1.3,0.0,0.0,0.03,0.03,,10.2,5.1,2.0,1.8,0.0,0,0,0,2,1,0.0,0.0,0.0,0.0,0.0,0.0,1.0139027545121766,3.7482069071575213,1.3052775158912824,1.6078465733546947,2.6539755046767817,2.708056000937993,CHE(A),WOL(A),NEW(H),MUN(A),LEE(H),CRY(A),0.0,0.0,0.9523055174497719,1.1175408772327884,0.9586805445269106,0.9210852290552671,0.9978050397522342,1.0111928019049574,Brighton,38
Tosin,Adarabioyo,Tosin,Defender,CHE,9.878184830367356,12.993487520575972,100.0,100.0,,4.0,0.3,0.0,8.5,34,0,2.1,0.0,0.01,0.05,0.06,,240.4,33.3,19.0,29.3,0.0,0,0,2,14,8,0.0,0.0,0.0,0.0,0.0,0.0,1.5591504584245042,1.6287565960445678,1.6824469264341742,2.5897589466906896,2.4180719027734208,3.115302690208615,BHA(H),LIV(H),NFO(A),SUN(H),TOT(A),WOL(H),0.0,0.0,0.9780471761839342,0.9210901427022543,1.0111928019049574,1.0737272005708411,1.0111928019049574,1.110121305916802,Chelsea,38
Omar,Alderete,Alderete,Defender,SUN,10.847774942088183,12.97258261642502,50.0,50.0,Knock - 50% chance of playing,4.1,4.9,0.0,30.5,125,0,3.8,0.0,0.05,0.03,0.08,,749.0,138.1,279.0,117.0,0.0,1,1,10,40,32,0.0,0.0,0.0,0.0,0.0,0.0,1.530299362476494,2.308395987916876,2.81174601392278,1.5405101217690154,2.6568234560030173,2.124807674336837,NFO(A),MUN(A),WOL(H),CHE(A),EVE(H),ARS(H),0.0,0.0,1.0111928019049574,0.9210852290552671,1.110121305916802,0.9523055174497719,1.0524659774929148,0.9210901427022543,Sunderland,38
James,McAtee,McAtee,Midfielder,NFO,10.039735522322943,12.90034786790829,,,,5.0,0.1,0.0,3.4,17,1,1.2,0.0,0.06,0.12,0.18,,51.6,82.0,39.0,17.3,12.0,0,1,0,9,2,3.0,22.5,0.0,0.0,3.0,0.0,1.8069914957902444,2.420511090151333,1.7646866331688795,1.9370036694218624,2.1105426337906237,2.8606123455853467,SUN(H),NEW(A),CHE(H),BOU(A),MUN(H),LEE(H),3.0,22.5,1.0737272005708411,1.0385206957960817,0.9650930995904489,0.9586754303501859,0.9334535843879661,0.9978050397522342,Nott'm Forest,38
Jordan,Henderson,Henderson,Midfielder,BRE,10.77444719129061,12.88244388590513,100.0,100.0,,5.0,0.3,0.0,15.2,76,0,2.4,0.0,0.02,0.11,0.13,,336.6,358.3,49.0,74.4,59.0,1,3,6,28,22,3.0,4.576271186440678,1.0,0.0,2.0,0.0,2.895419301505407,2.0692777482805544,1.8066563249877148,1.7913783246774897,2.2117154918394433,2.1079966946145197,MUN(H),MCI(H),WHU(A),LIV(H),CRY(A),NEW(H),3.0,4.576271186440678,0.9334535843879661,0.8968523458188399,1.0247656572203843,0.9210901427022543,1.0111928019049574,0.9586805445269106,Brentford,38
James,Maddison,Maddison,Midfielder,TOT,10.258002582890256,12.878974507966007,100.0,100.0,,6.8,0.3,0.0,0.4,3,1,1.0,0.0,0.56,0.16,0.72,,2.8,9.5,15.0,2.8,8.0,0,0,0,0,0,2.0,22.5,1.0,0.0,1.0,0.0,1.5702469881256642,2.3647383391400116,2.041313904885614,2.1223584253728127,2.159344925366152,2.6209719250757506,WOL(H),LEE(A),AVL(H),EVE(A),CHE(H),MUN(H),2.0,22.5,1.110121305916802,1.045467296709635,0.971548547839499,1.0179566082209277,0.9650930995904489,0.9334535843879661,Spurs,38
Noah,Okafor,Okafor,Midfielder,LEE,9.970773933543036,12.854797569890355,0.0,0.0,Calf injury - Expected back 01 Jun,5.5,0.9,0.0,19.8,109,0,3.9,0.0,0.3,0.08,0.38,,438.8,275.0,435.0,115.0,0.0,8,3,6,26,19,0.0,0.0,0.0,0.0,0.0,0.0,0.3770038881439734,0.9171679780123845,2.9437609427939724,2.9407718150272313,2.792069309565475,2.8840236363473197,BOU(H),TOT(H),BUR(A),WHU(H),BHA(A),NFO(A),0.0,0.0,0.9911751304069054,1.0247711239638793,1.0881336264811785,1.0316257548390524,0.9780419586939864,1.0111928019049574,Leeds,38
Justin,Devenny,Devenny,Midfielder,CRY,10.983471979251577,12.849539090171309,100.0,100.0,,4.3,1.1,0.0,8.4,36,2,1.7,0.0,0.27,0.04,0.31,,115.0,101.8,168.0,38.4,90.0,1,0,1,15,7,5.0,5.0,2.0,1.0,2.0,0.0,2.2290362729274737,2.334137654258061,2.4408516615762696,1.754206699235198,2.225239691254575,1.8660671109197304,LIV(H),EVE(A),BOU(H),ARS(A),BRE(H),BHA(H),5.0,5.0,0.9210901427022543,1.0179566082209277,0.9911751304069054,0.9334486047869694,0.9780471761839342,0.9780471761839342,Crystal Palace,38
James,Milner,Milner,Midfielder,BHA,10.581471337957316,12.79296408050406,100.0,100.0,,4.9,0.1,0.0,7.1,35,1,1.8,0.0,0.12,0.08,0.2,,139.0,151.4,59.0,34.7,58.0,1,1,2,17,7,4.0,6.206896551724138,1.0,1.0,2.0,0.0,2.17523007580059,2.5228256644784444,1.7614167925162583,1.712966230192088,2.4090325749699346,2.2114927425467443,CHE(A),WOL(A),NEW(H),MUN(A),LEE(H),CRY(A),4.0,6.206896551724138,0.9523055174497719,1.1175408772327884,0.9586805445269106,0.9210852290552671,0.9978050397522342,1.0111928019049574,Brighton,38
Anthony,Elanga,Elanga,Midfielder,NEW,11.295861099142062,12.791833980634717,100.0,100.0,,6.5,2.6,0.0,7.4,48,1,1.5,0.0,0.11,0.12,0.23,,130.4,266.7,185.0,57.8,24.0,0,1,2,28,14,1.0,3.75,0.0,0.0,1.0,0.0,2.4331400612123057,2.414194880934011,2.4851955399799235,1.9706745194046615,1.99265609761116,1.495972881492654,ARS(H),NFO(H),BHA(A),FUL(H),WHU(A),BRE(A),1.0,3.75,0.9210901427022543,1.045472873888674,0.9780419586939864,1.0111981962423193,1.0247656572203843,1.0179566082209277,Newcastle,38
Rio,Ngumoha,Ngumoha,Midfielder,LIV,11.269369891742542,12.739826341973686,,,,4.3,1.4,0.0,10.0,43,2,2.3,0.0,0.22,0.33,0.55,,176.0,222.8,203.0,60.1,72.0,2,1,2,12,5,2.0,2.5,1.0,0.0,1.0,0.0,2.2504383789957845,2.801600577445273,1.884784220999722,2.310448699699407,2.0220980146023564,1.4704564502311437,CRY(A),CHE(A),MUN(H),BRE(A),AVL(H),MCI(A),2.0,2.5,1.0111928019049574,0.9523055174497719,0.9334535843879661,1.0179566082209277,0.971548547839499,0.8968475614707909,Liverpool,38
Jean-Clair,Todibo,Todibo,Defender,WHU,9.661340163723901,12.637260544324086,100.0,100.0,,4.3,0.1,0.0,10.7,46,0,2.0,0.0,0.01,0.02,0.03,,383.4,66.6,26.0,47.7,0.0,0,1,1,37,22,0.0,0.0,0.0,0.0,0.0,0.0,1.5845462949059725,1.9828170824562368,1.7779025415571452,2.0386086554766596,2.2774655893278872,2.9759203806001837,EVE(A),ARS(A),BRE(H),LEE(A),NEW(H),BUR(H),0.0,0.0,1.0179566082209277,0.9334486047869694,0.9780471761839342,1.045467296709635,0.9586805445269106,1.1325472438885735,West Ham,38
Dan,Ndoye,Ndoye,Midfielder,NFO,11.226815746288397,12.636559546256166,75.0,100.0,,5.5,0.7,0.0,9.1,50,0,2.1,0.0,0.08,0.12,0.2,,166.4,217.7,180.0,56.6,0.0,1,2,2,17,14,0.0,0.0,0.0,0.0,0.0,0.0,1.694991304003471,2.566045193852366,1.9788189042529474,2.4428422613064726,2.544118082873139,1.4097437999677698,SUN(H),NEW(A),CHE(H),BOU(A),MUN(H),LEE(H),0.0,0.0,1.0737272005708411,1.0385206957960817,0.9650930995904489,0.9586754303501859,0.9334535843879661,0.9978050397522342,Nott'm Forest,38
Charalampos,Kostoulas,Kostoulas,Forward,BHA,10.913037383477578,12.62890910201056,,,,4.8,0.3,0.0,7.3,35,1,1.7,0.0,0.54,0.14,0.68,,143.6,126.5,255.0,52.4,31.0,2,1,1,9,2,1.0,2.903225806451613,0.0,0.0,1.0,0.0,2.09978231680858,2.6872264760053266,2.2596335271580488,1.7831395582283835,2.083255505277238,1.7158717185329815,CHE(A),WOL(A),NEW(H),MUN(A),LEE(H),CRY(A),1.0,2.903225806451613,0.9523055174497719,1.1175408772327884,0.9586805445269106,0.9210852290552671,0.9978050397522342,1.0111928019049574,Brighton,38
Kieran,Trippier,Trippier,Defender,NEW,10.789965384330369,12.626814426935494,100.0,100.0,,4.9,1.4,0.0,11.0,54,0,2.6,0.0,0.0,0.12,0.12,,288.0,488.5,14.0,79.0,0.0,0,1,5,27,18,0.0,0.0,0.0,0.0,0.0,0.0,1.7892845325226698,2.491307378902301,2.0319224150950492,2.162301890229784,2.3151491675805644,1.836849042605126,ARS(H),NFO(H),BHA(A),FUL(H),WHU(A),BRE(A),0.0,0.0,0.9210901427022543,1.045472873888674,0.9780419586939864,1.0111981962423193,1.0247656572203843,1.0179566082209277,Newcastle,38
Borna,Sosa,Sosa,Defender,CRY,9.897550164006244,12.611019201467018,75.0,75.0,Knock - 75% chance of playing,4.8,0.1,0.0,1.2,6,0,0.9,0.0,0.04,0.06,0.1,,12.6,24.1,8.0,4.5,0.0,0,0,0,2,0,0.0,0.0,0.0,0.0,0.0,0.0,1.2462062942018415,2.426046625154404,1.6139237097210755,1.9864109311680247,2.6249626037608973,2.7134690374607744,LIV(H),EVE(A),BOU(H),ARS(A),BRE(H),BHA(H),0.0,0.0,0.9210901427022543,1.0179566082209277,0.9911751304069054,0.9334486047869694,0.9780471761839342,0.9780471761839342,Crystal Palace,38
Séamus,Coleman,Coleman,Defender,EVE,10.018899934114366,12.549078046846482,100.0,100.0,,4.2,0.1,0.0,1.2,5,1,1.0,0.0,0.0,0.81,0.81,,7.0,19.3,0.0,2.7,6.0,0,0,0,1,1,0.0,0.0,0.0,0.0,0.0,0.0,1.5890202141223948,2.091747294986012,1.8078899195654714,2.226368687209908,2.3038738182305805,2.530178112732116,WHU(H),CRY(H),MCI(A),TOT(H),SUN(A),FUL(H),0.0,0.0,1.0316257548390524,1.0385262359175895,0.8968475614707909,1.0247711239638793,1.052460363008469,1.0111981962423193,Everton,38
Aaron,Ramsdale,Ramsdale,Goalkeeper,NEW,9.890093374943097,12.538194454536088,,,,4.8,0.7,0.0,5.2,25,0,2.1,0.0,0.0,0.0,0.0,,212.8,10.0,0.0,22.3,0.0,0,0,1,17,11,0.0,0.0,0.0,0.0,0.0,0.0,1.0965126430817522,2.8027110656567,1.6708381034402973,1.8807357354531362,2.439295827311212,2.6481010795929905,ARS(H),NFO(H),BHA(A),FUL(H),WHU(A),BRE(A),0.0,0.0,0.9210901427022543,1.045472873888674,0.9780419586939864,1.0111981962423193,1.0247656572203843,1.0179566082209277,Newcastle,38
Carlos,Alcaraz Durán,Alcaraz,Midfielder,EVE,10.121554408246935,12.528662393535946,100.0,100.0,,5.2,0.1,0.0,5.6,29,1,1.4,0.0,0.16,0.07,0.23,,93.8,161.9,162.0,41.8,6.0,0,1,3,10,6,2.0,30.0,1.0,0.0,1.0,0.0,1.2707723286287973,2.2223202963456123,1.9955867370241127,2.370027541670401,2.2628475045780103,2.407107985289012,WHU(H),CRY(H),MCI(A),TOT(H),SUN(A),FUL(H),2.0,30.0,1.0316257548390524,1.0385262359175895,0.8968475614707909,1.0247711239638793,1.052460363008469,1.0111981962423193,Everton,38
Nehemiah,Oriola,Oriola,Midfielder,BHA,9.994717412851521,12.485027671889545,,,,4.5,0.0,0.0,0.2,1,0,1.0,0.0,0.0,0.0,0.0,,0.0,0.0,0.0,0.0,0.0,0,0,0,0,0,0.0,0.0,0.0,0.0,0.0,0.0,1.1192199325364698,3.2842156235346476,1.2866867719674453,1.5179297822048359,2.786665302608124,2.490310259038024,CHE(A),WOL(A),NEW(H),MUN(A),LEE(H),CRY(A),0.0,0.0,0.9523055174497719,1.1175408772327884,0.9586805445269106,0.9210852290552671,0.9978050397522342,1.0111928019049574,Brighton,38
Alphonse,Areola,Areola,Goalkeeper,WHU,9.461105058714226,12.47248165855483,100.0,100.0,,4.2,1.9,0.0,12.1,51,0,2.5,0.0,0.0,0.0,0.0,,570.4,10.0,0.0,57.9,0.0,0,1,0,37,20,0.0,0.0,0.0,0.0,0.0,0.0,1.644659628426331,2.1421833824198955,1.8605622958857138,1.8040731642272891,2.009626587754997,3.011376599840604,EVE(A),ARS(A),BRE(H),LEE(A),NEW(H),BUR(H),0.0,0.0,1.0179566082209277,0.9334486047869694,0.9780471761839342,1.045467296709635,0.9586805445269106,1.1325472438885735,West Ham,38
Manuel,Ugarte Ribeiro,Ugarte,Midfielder,MUN,9.834910709505484,12.40302807503237,100.0,100.0,,4.7,0.1,0.0,8.1,38,0,1.7,0.0,0.07,0.02,0.09,,167.2,83.6,48.0,29.8,0.0,0,0,1,23,8,0.0,0.0,0.0,0.0,0.0,0.0,1.70568831905988,1.9774905523902804,1.4355634051585295,2.353846026279897,2.362322406616897,2.568117365526887,BRE(A),SUN(H),LIV(A),BHA(H),NFO(A),TOT(A),0.0,0.0,1.0179566082209277,1.0737272005708411,0.9149650840122292,0.9780471761839342,1.0111928019049574,1.0111928019049574,Man Utd,38
Josh,Laurent,Laurent,Midfielder,BUR,10.238184452447042,12.38910159236196,100.0,100.0,,4.8,0.0,0.0,11.7,56,0,1.7,0.0,0.04,0.02,0.06,,298.0,185.1,111.0,58.6,0.0,1,0,2,41,18,0.0,0.0,0.0,0.0,0.0,0.0,1.517268744381649,2.1041253079046025,2.3426326466731275,2.0603455472770884,2.213812206210575,2.1509171399149194,MCI(A),AVL(A),LEE(H),WOL(A),ARS(H),WHU(A),0.0,0.0,0.8968475614707909,0.9977997168619978,0.9978050397522342,1.1175408772327884,0.9210901427022543,1.0247656572203843,Burnley,38
Mohamadou,Kanté,Mohamadou Kanté,Midfielder,WHU,8.924728953509861,12.366736008613874,,,,4.5,0.0,0.0,2.0,9,1,0.8,0.0,0.09,0.05,0.14,,18.0,13.2,12.0,4.0,2.0,0,0,0,1,0,1.0,45.0,0.0,1.0,0.0,0.0,1.2722781033675905,2.3976647291348248,1.6115677754767943,1.7957081295858697,1.8475102159447832,3.4420070551040114,EVE(A),ARS(A),BRE(H),LEE(A),NEW(H),BUR(H),1.0,45.0,1.0179566082209277,0.9334486047869694,0.9780471761839342,1.045467296709635,0.9586805445269106,1.1325472438885735,West Ham,38
Xavi,Simons,Xavi,Midfielder,TOT,8.908141845628098,12.310899768083793,0.0,0.0,Knee injury - Expected back 01 Jan,6.3,1.1,0.0,12.7,80,0,2.9,0.0,0.16,0.2,0.36,,349.6,533.8,255.0,113.9,0.0,2,5,4,36,19,0.0,0.0,0.0,0.0,0.0,0.0,0.6947813226490261,0.7717377037582772,1.9560284134325325,3.117170780246108,2.368423625542154,3.402757922455695,WOL(H),LEE(A),AVL(H),EVE(A),CHE(H),MUN(H),0.0,0.0,1.110121305916802,1.045467296709635,0.971548547839499,1.0179566082209277,0.9650930995904489,0.9334535843879661,Spurs,38
Douglas Luiz,Soares de Paulo,Douglas Luiz,Midfielder,AVL,10.651680192958183,12.301873967402136,100.0,100.0,,4.9,0.1,0.0,7.1,35,2,1.7,0.0,0.05,0.14,0.19,,201.6,294.3,94.0,59.1,72.0,1,1,1,15,12,9.0,11.25,1.0,5.0,3.0,0.0,2.8206457815720003,2.3643618842495284,1.860509677169343,1.6733908477613322,1.9327720022059798,1.6501937744439517,FUL(H),BUR(H),TOT(A),MCI(H),LIV(A),BOU(H),9.0,11.25,1.0111981962423193,1.1325472438885735,1.0111928019049574,0.8968523458188399,0.9149650840122292,0.9911751304069054,Aston Villa,38
Filip,Jörgensen,Jörgensen,Goalkeeper,CHE,9.210580894628064,12.23791902845717,100.0,100.0,,4.3,0.2,0.0,2.1,9,0,1.8,0.0,0.0,0.0,0.0,,79.8,0.0,0.0,7.9,0.0,0,0,0,5,3,0.0,0.0,0.0,0.0,0.0,0.0,1.555450010011642,1.8325434719666978,1.722483981424003,1.8733960246729915,2.226707406552731,3.027338133829106,BHA(H),LIV(H),NFO(A),SUN(H),TOT(A),WOL(H),0.0,0.0,0.9780471761839342,0.9210901427022543,1.0111928019049574,1.0737272005708411,1.0111928019049574,1.110121305916802,Chelsea,38
Igor Julio,dos Santos de Paulo,Igor,Defender,BHA,9.444533556519628,12.236859796043865,100.0,100.0,,4.5,0.1,0.0,1.3,6,0,1.5,0.0,0.0,0.0,0.0,,25.8,10.6,0.0,3.6,0.0,0,0,0,3,1,0.0,0.0,0.0,0.0,0.0,0.0,1.327851083180004,2.3134613757543723,1.6481396455799224,1.5986053020362334,2.5564761499690967,2.792326239524236,CHE(A),WOL(A),NEW(H),MUN(A),LEE(H),CRY(A),0.0,0.0,0.9523055174497719,1.1175408772327884,0.9586805445269106,0.9210852290552671,0.9978050397522342,1.0111928019049574,Brighton,38
Jerome,Abbey,Abbey,Midfielder,WOL,9.952453831017916,12.20420750393295,,,,4.5,0.0,0.0,0.2,1,1,1.0,0.0,0.0,0.0,0.0,,3.2,0.0,0.0,0.3,16.0,0,0,0,0,0,2.0,11.25,1.0,1.0,0.0,0.0,1.6053555968633766,2.341939367088083,1.8892496722286114,2.1142095113601003,2.0016996834777454,2.2517536729150343,TOT(A),BHA(H),SUN(A),BUR(H),FUL(A),CHE(A),2.0,11.25,1.0111928019049574,0.9780471761839342,1.052460363008469,1.1325472438885735,1.0385206957960817,0.9523055174497719,Wolves,38
Ezra,Mayers,Mayers,Defender,WHU,9.19650098138683,12.157882100430024,,,,4.0,0.0,0.0,1.5,6,0,1.0,0.0,0.1,0.39,0.49,,21.8,34.9,9.0,6.6,0.0,0,0,0,3,0,0.0,0.0,0.0,0.0,0.0,0.0,1.2914512899444612,2.3677992129370806,1.403496037250369,2.0346303037727163,2.0991241374822027,2.9613811190431947,EVE(A),ARS(A),BRE(H),LEE(A),NEW(H),BUR(H),0.0,0.0,1.0179566082209277,0.9334486047869694,0.9780471761839342,1.045467296709635,0.9586805445269106,1.1325472438885735,West Ham,38
Soungoutou,Magassa,S.Magassa,Midfielder,WHU,9.139255169842277,12.147327974492265,,,,5.0,0.0,0.0,8.4,42,0,1.9,0.0,0.04,0.03,0.07,,182.0,83.4,44.0,31.0,0.0,1,0,2,23,11,0.0,0.0,0.0,0.0,0.0,0.0,1.27775263087591,2.2211006613222235,1.617486448080755,1.9530514677241007,2.0698639618392876,3.0080728046499874,EVE(A),ARS(A),BRE(H),LEE(A),NEW(H),BUR(H),0.0,0.0,1.0179566082209277,0.9334486047869694,0.9780471761839342,1.045467296709635,0.9586805445269106,1.1325472438885735,West Ham,38
Sverre,Nypan,Nypan,Midfielder,MCI,9.332929907157503,12.134862480678322,100.0,100.0,,5.0,0.0,0.0,0.0,0,0,0.0,0.0,0.0,0.0,0.0,,0.0,0.0,0.0,0.0,0.0,0,0,0,0,0,0.0,0.0,0.0,0.0,0.0,0.0,1.7460955753721494,2.3735049221191318,1.5013986253381797,1.6310794511963889,2.0808513331316525,2.8019325735208187,BUR(H),BRE(A),EVE(H),AVL(A),BOU(H),LIV(H),0.0,0.0,1.1325472438885735,1.0179566082209277,1.0524659774929148,0.9977997168619978,0.9911751304069054,0.9210901427022543,Man City,38
Connor,Roberts,Roberts,Defender,BUR,9.180415224456464,12.113092005198832,75.0,100.0,,4.3,0.0,0.0,0.0,0,0,0.0,0.0,0.0,0.0,0.0,,0.0,0.0,0.0,0.0,0.0,0,0,0,0,0,0.0,0.0,0.0,0.0,0.0,0.0,1.2375830278365774,2.7636275106191124,1.394658194662042,1.7803094927034637,2.0042369986352693,2.932676780742367,MCI(A),AVL(A),LEE(H),WOL(A),ARS(H),WHU(A),0.0,0.0,0.8968475614707909,0.9977997168619978,0.9978050397522342,1.1175408772327884,0.9210901427022543,1.0247656572203843,Burnley,38
Roméo,Lavia,Lavia,Midfielder,CHE,9.20433486121365,12.111433754641697,75.0,75.0,Knock - 75% chance of playing,4.9,0.0,0.0,2.7,13,0,1.1,0.0,0.05,0.13,0.18,,34.4,46.6,14.0,9.5,0.0,0,0,0,10,4,0.0,0.0,0.0,0.0,0.0,0.0,1.3602336996439435,1.8318684339896332,1.9946040181802054,1.8429246849375525,2.1747040244623164,2.9070988934280457,BHA(H),LIV(H),NFO(A),SUN(H),TOT(A),WOL(H),0.0,0.0,0.9780471761839342,0.9210901427022543,1.0111928019049574,1.0737272005708411,1.0111928019049574,1.110121305916802,Chelsea,38
Sean,Longstaff,Longstaff,Midfielder,LEE,10.29185460529966,12.10426909286644,100.0,100.0,,4.8,0.2,0.0,11.7,56,0,2.4,0.0,0.11,0.17,0.28,,291.8,403.7,116.0,81.2,0.0,2,2,1,20,10,0.0,0.0,0.0,0.0,0.0,0.0,1.4656912985489303,2.3503526013949543,2.573726113628713,1.956529000715465,1.9455555910115978,1.812414487566781,BOU(H),TOT(H),BUR(A),WHU(H),BHA(A),NFO(A),0.0,0.0,0.9911751304069054,1.0247711239638793,1.0881336264811785,1.0316257548390524,0.9780419586939864,1.0111928019049574,Leeds,38
Endo,Wataru,Endo,Midfielder,LIV,9.36837934062855,12.095815040538996,50.0,50.0,Foot injury - 50% chance of playing,4.9,0.1,0.0,2.4,12,0,1.5,0.0,0.02,0.03,0.05,,56.0,18.1,6.0,8.0,0.0,0,1,1,5,1,0.0,0.0,0.0,0.0,0.0,0.0,1.4310215240459154,2.425650687295516,1.831378222637818,1.530382750802711,2.14994615584659,2.727435699910446,CRY(A),CHE(A),MUN(H),BRE(A),AVL(H),MCI(A),0.0,0.0,1.0111928019049574,0.9523055174497719,0.9334535843879661,1.0179566082209277,0.971548547839499,0.8968475614707909,Liverpool,38
Djiamgone Jocelin Ta,Bi,Jocelin.T,Midfielder,SUN,9.385117645354166,12.055433893908663,100.0,100.0,,4.9,0.0,0.0,0.2,1,0,1.0,0.0,0.0,0.09,0.09,,3.4,4.3,2.0,1.0,0.0,0,0,0,0,1,0.0,0.0,0.0,0.0,0.0,0.0,1.4275131216751826,2.05893196242743,1.5998369062064672,1.6042927983578272,2.6945428566872596,2.6703162485544967,NFO(A),MUN(A),WOL(H),CHE(A),EVE(H),ARS(H),0.0,0.0,1.0111928019049574,0.9210852290552671,1.110121305916802,0.9523055174497719,1.0524659774929148,0.9210901427022543,Sunderland,38
Lucas,Bergvall,Bergvall,Midfielder,TOT,10.073574933291198,12.043847451346107,100.0,100.0,,5.2,0.2,0.0,9.4,49,0,2.1,0.0,0.12,0.04,0.16,,164.6,106.4,147.0,41.5,0.0,1,3,3,18,11,0.0,0.0,0.0,0.0,0.0,0.0,1.9464095012945906,1.9241679286867985,2.264603735228506,1.8027110222700522,2.1356827458112515,1.9702725180549097,WOL(H),LEE(A),AVL(H),EVE(A),CHE(H),MUN(H),0.0,0.0,1.110121305916802,1.045467296709635,0.971548547839499,1.0179566082209277,0.9650930995904489,0.9334535843879661,Spurs,38
Daniel,James,James,Midfielder,LEE,10.066262170908185,12.030465021977543,100.0,100.0,,5.2,0.1,0.0,4.4,23,1,1.2,0.0,0.15,0.12,0.27,,70.8,133.1,133.0,33.9,20.0,0,0,1,16,6,1.0,4.5,1.0,0.0,0.0,0.0,2.0390048983673292,1.9060519668432172,2.3072289594467406,2.0270012735383807,1.7869750727125195,1.9642028510693579,BOU(H),TOT(H),BUR(A),WHU(H),BHA(A),NFO(A),1.0,4.5,0.9911751304069054,1.0247711239638793,1.0881336264811785,1.0316257548390524,0.9780419586939864,1.0111928019049574,Leeds,38
Jackson,Tchatchoua,Tchatchoua,Defender,WOL,10.749499292706346,12.030247913669964,,,,4.4,0.0,0.0,11.8,52,0,1.7,0.0,0.02,0.08,0.1,,318.2,349.9,69.0,73.8,0.0,0,1,3,37,19,0.0,0.0,0.0,0.0,0.0,0.0,1.3217828295704181,2.1652100245813877,2.054183739439785,2.760876778196725,2.447445920918031,1.2807486209636172,TOT(A),BHA(H),SUN(A),BUR(H),FUL(A),CHE(A),0.0,0.0,1.0111928019049574,0.9780471761839342,1.052460363008469,1.1325472438885735,1.0385206957960817,0.9523055174497719,Wolves,38
Lewis,Cook,Cook,Midfielder,BOU,9.80405728853774,11.985469542762573,100.0,100.0,,4.9,0.0,0.0,8.2,40,1,2.2,0.0,0.01,0.05,0.06,,206.8,183.8,12.0,40.6,1.0,0,1,1,19,8,0.0,0.0,0.0,0.0,0.0,0.0,1.9167722639732203,1.8335159613625753,2.0215429505695948,2.040808226103747,1.9914178865286025,2.181412254224832,LEE(A),FUL(H),CRY(A),NFO(H),MCI(A),AVL(A),0.0,0.0,1.045467296709635,1.0111981962423193,1.0111928019049574,1.045472873888674,0.8968475614707909,0.9977997168619978,Bournemouth,38
Sam,Chambers,Chambers,Midfielder,LEE,9.405015869840522,11.970572774532693,,,,4.4,0.0,0.0,0.0,0,0,0.0,0.0,0.0,0.0,0.0,,0.0,0.0,0.0,0.0,0.0,0,0,0,0,0,0.0,0.0,0.0,0.0,0.0,0.0,1.194943708973324,2.764650796855476,1.731819172415188,1.8237895604575036,1.8898126311390298,2.5655569046921713,BOU(H),TOT(H),BUR(A),WHU(H),BHA(A),NFO(A),0.0,0.0,0.9911751304069054,1.0247711239638793,1.0881336264811785,1.0316257548390524,0.9780419586939864,1.0111928019049574,Leeds,38
Landon,Emenalo,Emenalo,Midfielder,CHE,9.160311067222903,11.965618773289794,,,,4.5,0.0,0.0,0.0,0,0,0.0,0.0,0.0,0.0,0.0,,0.0,0.0,0.0,0.0,0.0,0,0,0,0,0,0.0,0.0,0.0,0.0,0.0,0.0,1.177881105092473,2.48493789242179,1.628383452006338,1.89821982438377,1.9708887933185328,2.8053077060668907,BHA(H),LIV(H),NFO(A),SUN(H),TOT(A),WOL(H),0.0,0.0,0.9780471761839342,0.9210901427022543,1.0111928019049574,1.0737272005708411,1.0111928019049574,1.110121305916802,Chelsea,38
George,Hemmings,George Hemmings,Midfielder,AVL,9.68181604578415,11.963953518589268,,,,4.5,0.0,0.0,0.4,2,0,1.0,0.0,0.14,0.04,0.18,,0.0,1.7,2.0,0.3,0.0,0,0,0,0,0,0.0,0.0,0.0,0.0,0.0,0.0,1.063785541904415,2.9736625691951684,1.6908514715798095,1.5488806753692443,2.4046357877355113,2.2821374728051174,FUL(H),BUR(H),TOT(A),MCI(H),LIV(A),BOU(H),0.0,0.0,1.0111981962423193,1.1325472438885735,1.0111928019049574,0.8968523458188399,0.9149650840122292,0.9911751304069054,Aston Villa,38
Tyrique,George,George,Midfielder,EVE,10.30002976479259,11.913019766084542,100.0,100.0,,4.8,0.1,0.0,3.3,16,1,1.1,0.0,0.16,0.31,0.47,,44.2,66.2,132.0,23.9,28.0,0,0,1,9,1,2.0,6.428571428571429,1.0,0.0,1.0,0.0,2.240174044637046,2.2498146880197347,1.5570405397598681,2.013968502075015,2.2390319903009264,1.612990001291952,WHU(H),CRY(H),MCI(A),TOT(H),SUN(A),FUL(H),2.0,6.428571428571429,1.0316257548390524,1.0385262359175895,0.8968475614707909,1.0247711239638793,1.052460363008469,1.0111981962423193,Everton,38
Dennis,Cirkin,Cirkin,Defender,SUN,9.411635644073483,11.901045074867174,100.0,100.0,,4.0,0.0,0.0,3.5,14,0,1.8,0.0,0.02,0.01,0.03,,59.2,9.7,10.0,7.5,0.0,0,0,1,2,3,0.0,0.0,0.0,0.0,0.0,0.0,1.3769352347955128,1.9572645147140983,1.7961739828061694,1.4601840202548453,2.8210778915028576,2.489409430793691,NFO(A),MUN(A),WOL(H),CHE(A),EVE(H),ARS(H),0.0,0.0,1.0111928019049574,0.9210852290552671,1.110121305916802,0.9523055174497719,1.0524659774929148,0.9210901427022543,Sunderland,38
Alex,Murphy,A.Murphy,Defender,NEW,9.82741975364063,11.865428781254426,,,,3.8,0.7,0.0,0.5,2,1,1.0,0.0,0.0,0.0,0.0,,10.2,0.6,2.0,1.3,6.0,0,0,0,1,0,3.0,45.0,0.0,3.0,0.0,0.0,1.6012669579236087,2.328449751404238,1.753496657600421,2.207561957601434,1.9366444291109284,2.038009027613796,ARS(H),NFO(H),BHA(A),FUL(H),WHU(A),BRE(A),3.0,45.0,0.9210901427022543,1.045472873888674,0.9780419586939864,1.0111981962423193,1.0247656572203843,1.0179566082209277,Newcastle,38
Idrissa Gana,Gueye,Gana,Midfielder,EVE,10.103764864107069,11.861035753176283,50.0,50.0,Lack of match fitness - 50% chance of playing,5.4,0.1,0.0,15.4,83,0,3.3,0.0,0.09,0.08,0.17,,382.6,259.2,208.0,85.1,0.0,2,3,5,26,25,0.0,0.0,0.0,0.0,0.0,0.0,1.7187875630112945,2.3340971451295878,2.048987001337915,1.5497596097643471,2.4521335448639237,1.7572708890692144,WHU(H),CRY(H),MCI(A),TOT(H),SUN(A),FUL(H),0.0,0.0,1.0316257548390524,1.0385262359175895,0.8968475614707909,1.0247711239638793,1.052460363008469,1.0111981962423193,Everton,38
Ollie,Scarles,Scarles,Defender,WHU,8.873620450817622,11.843755346173324,100.0,100.0,,4.3,0.0,0.0,4.9,21,0,1.6,0.0,0.02,0.04,0.06,,142.2,82.1,22.0,24.6,0.0,0,1,0,16,9,0.0,0.0,0.0,0.0,0.0,0.0,1.3078265160454474,1.8832038380072296,1.65637470675864,1.832367623810057,2.1938477661962485,2.9701348953557023,EVE(A),ARS(A),BRE(H),LEE(A),NEW(H),BUR(H),0.0,0.0,1.0179566082209277,0.9334486047869694,0.9780471761839342,1.045467296709635,0.9586805445269106,1.1325472438885735,West Ham,38
Andre,Harriman-Annous,Harriman-Annous,Midfielder,ARS,9.227547510106294,11.819310803910861,,,,4.4,0.0,0.0,0.0,0,0,0.0,0.0,0.0,0.0,0.0,,0.0,0.0,0.0,0.0,0.0,0,0,0,0,0,0.0,0.0,0.0,0.0,0.0,0.0,1.1147721802075747,2.5154931666006126,1.7504681320834978,1.7983370689191698,2.0484769622954406,2.591763293804567,NEW(A),WHU(H),FUL(A),CRY(H),BUR(A),SUN(A),0.0,0.0,1.0385206957960817,1.0316257548390524,1.0385206957960817,1.0385262359175895,1.0881336264811785,1.052460363008469,Arsenal,38
Federico,Chiesa,Chiesa,Midfielder,LIV,9.894789609218138,11.819105660217293,100.0,100.0,,6.3,0.3,0.0,5.9,37,0,1.4,0.0,0.41,0.17,0.58,,122.0,47.5,182.0,34.9,0.0,2,1,0,9,1,0.0,0.0,0.0,0.0,0.0,0.0,1.4665187180586519,1.8079903937059785,2.345986793983495,2.070971758981761,2.2033219444882524,1.9243160509991537,CRY(A),CHE(A),MUN(H),BRE(A),AVL(H),MCI(A),0.0,0.0,1.0111928019049574,0.9523055174497719,0.9334535843879661,1.0179566082209277,0.971548547839499,0.8968475614707909,Liverpool,38
Ian,Poveda-Ocampo,Poveda,Midfielder,SUN,9.59008849699586,11.737389525744929,,,,4.7,0.0,0.0,0.0,0,0,0.0,0.0,0.0,0.0,0.0,,0.0,0.0,0.0,0.0,0.0,0,0,0,0,0,0.0,0.0,0.0,0.0,0.0,0.0,1.1790845507466126,2.4321437668279233,1.4797605894464492,1.538312725873405,2.960786864101468,2.14730102874907,NFO(A),MUN(A),WOL(H),CHE(A),EVE(H),ARS(H),0.0,0.0,1.0111928019049574,0.9210852290552671,1.110121305916802,0.9523055174497719,1.0524659774929148,0.9210901427022543,Sunderland,38
Enock,Agyei,Boateng,Midfielder,BUR,9.122043786070527,11.734969585825107,,,,4.7,0.0,0.0,0.0,0,0,0.0,0.0,0.0,0.0,0.0,,0.0,0.0,0.0,0.0,0.0,0,0,0,0,0,0.0,0.0,0.0,0.0,0.0,0.0,1.0811222684794828,3.0451870781781327,1.2254678538973043,1.9053637639037555,1.8649028216118526,2.6129257997545796,MCI(A),AVL(A),LEE(H),WOL(A),ARS(H),WHU(A),0.0,0.0,0.8968475614707909,0.9977997168619978,0.9978050397522342,1.1175408772327884,0.9210901427022543,1.0247656572203843,Burnley,38
Milan,Aleksić,Aleksić,Midfielder,SUN,9.026382811317063,11.733712067109956,100.0,100.0,,4.9,0.0,0.0,0.0,0,0,0.0,0.0,0.0,0.0,0.0,,0.0,0.0,0.0,0.0,0.0,0,0,0,0,0,0.0,0.0,0.0,0.0,0.0,0.0,1.4835772895441124,1.9366758692904613,1.5016042017235238,1.4680570780764597,2.6364683726825056,2.7073292557928923,NFO(A),MUN(A),WOL(H),CHE(A),EVE(H),ARS(H),0.0,0.0,1.0111928019049574,0.9210852290552671,1.110121305916802,0.9523055174497719,1.0524659774929148,0.9210901427022543,Sunderland,38
Charlie,Stevens,Stevens,Midfielder,BOU,9.202952481274934,11.733564087056422,,,,4.5,0.0,0.0,0.0,0,0,0.0,0.0,0.0,0.0,0.0,,0.0,0.0,0.0,0.0,0.0,0,0,0,0,0,0.0,0.0,0.0,0.0,0.0,0.0,1.2590764584496872,2.7280334443915173,1.628383452006338,1.8482695921421064,1.7391895342852868,2.5306116057814867,LEE(A),FUL(H),CRY(A),NFO(H),MCI(A),AVL(A),0.0,0.0,1.045467296709635,1.0111981962423193,1.0111928019049574,1.045472873888674,0.8968475614707909,0.9977997168619978,Bournemouth,38
Malcom,DaCosta,DaCosta,Midfielder,BOU,9.202952481274934,11.733564087056422,,,,4.5,0.0,0.0,0.0,0,0,0.0,0.0,0.0,0.0,0.0,,0.0,0.0,0.0,0.0,0.0,0,0,0,0,0,0.0,0.0,0.0,0.0,0.0,0.0,1.2590764584496872,2.7280334443915173,1.628383452006338,1.8482695921421064,1.7391895342852868,2.5306116057814867,LEE(A),FUL(H),CRY(A),NFO(H),MCI(A),AVL(A),0.0,0.0,1.045467296709635,1.0111981962423193,1.0111928019049574,1.045472873888674,0.8968475614707909,0.9977997168619978,Bournemouth,38
Jean-Ricner,Bellegarde,Bellegarde,Midfielder,WOL,9.731914117142166,11.726576808752093,100.0,100.0,,5.1,0.0,0.0,8.6,44,0,1.7,0.0,0.08,0.08,0.16,,195.4,210.3,145.0,54.6,0.0,1,1,3,30,15,0.0,0.0,0.0,0.0,0.0,0.0,1.6398174290535117,1.8615312172591245,2.306096687709449,1.6919053008861742,2.232563482233906,1.9946626916099264,TOT(A),BHA(H),SUN(A),BUR(H),FUL(A),CHE(A),0.0,0.0,1.0111928019049574,0.9780471761839342,1.052460363008469,1.1325472438885735,1.0385206957960817,0.9523055174497719,Wolves,38
Zeki,Amdouni,Amdouni,Forward,BUR,9.610658308503943,11.717068722567436,100.0,100.0,,4.8,0.0,0.0,0.8,4,1,1.0,0.0,0.31,0.03,0.34,,2.6,5.1,20.0,2.6,24.0,0,0,0,0,0,0.0,0.0,0.0,0.0,0.0,0.0,1.81233413716437,2.4206686699302615,1.663298112707703,2.0792271706351553,1.635130218066453,2.106410414063494,MCI(A),AVL(A),LEE(H),WOL(A),ARS(H),WHU(A),0.0,0.0,0.8968475614707909,0.9977997168619978,0.9978050397522342,1.1175408772327884,0.9210901427022543,1.0247656572203843,Burnley,38
Sean,Neave,Neave,Forward,NEW,9.650012157151147,11.692457858173768,,,,4.3,0.3,0.0,0.2,1,1,1.0,0.0,0.21,0.0,0.21,,0.0,0.0,5.0,0.5,13.0,0,0,0,1,0,0.0,0.0,0.0,0.0,0.0,0.0,1.6138715153970988,2.2216948915970947,1.8845609458094972,2.278177385688655,1.6517074186588014,2.0424457010226202,ARS(H),NFO(H),BHA(A),FUL(H),WHU(A),BRE(A),0.0,0.0,0.9210901427022543,1.045472873888674,0.9780419586939864,1.0111981962423193,1.0247656572203843,1.0179566082209277,Newcastle,38
Benoît,Badiashile Mukinayi,B.Badiashile,Defender,CHE,8.636709460097853,11.664431215268262,100.0,100.0,,4.4,0.0,0.0,1.6,7,0,0.9,0.0,0.0,0.01,0.01,,102.8,7.9,2.0,11.4,0.0,0,0,0,10,6,0.0,0.0,0.0,0.0,0.0,0.0,1.3354050381557157,1.7663257149499034,1.6613568964127599,1.809261750831869,2.064360059747605,3.0277217551704103,BHA(H),LIV(H),NFO(A),SUN(H),TOT(A),WOL(H),0.0,0.0,0.9780471761839342,0.9210901427022543,1.0111928019049574,1.0737272005708411,1.0111928019049574,1.110121305916802,Chelsea,38
Bradley,Burrowes,Burrowes,Midfielder,AVL,9.404033141443886,11.65667309910959,,,,4.3,0.1,0.0,0.2,1,0,1.0,0.0,0.0,0.0,0.0,,0.0,0.3,0.0,0.0,0.0,0,0,0,1,0,0.0,0.0,0.0,0.0,0.0,0.0,1.0599409496047991,2.7778443226452496,1.6763645811478727,1.556514084948184,2.3333692030977824,2.252639957665704,FUL(H),BUR(H),TOT(A),MCI(H),LIV(A),BOU(H),0.0,0.0,1.0111981962423193,1.1325472438885735,1.0111928019049574,0.8968523458188399,0.9149650840122292,0.9911751304069054,Aston Villa,38
Joe,Gomez,Gomez,Defender,LIV,9.121909152983063,11.643165913256663,100.0,100.0,,4.9,0.2,0.0,6.7,33,1,1.6,0.0,0.04,0.1,0.14,,122.8,77.8,31.0,23.2,1.0,0,2,2,14,7,0.0,0.0,0.0,0.0,0.0,0.0,1.5576822609233762,1.8447319927227053,1.6124201963139817,1.897541786754021,2.2095329162689796,2.5212567602735994,CRY(A),CHE(A),MUN(H),BRE(A),AVL(H),MCI(A),0.0,0.0,1.0111928019049574,0.9523055174497719,0.9334535843879661,1.0179566082209277,0.971548547839499,0.8968475614707909,Liverpool,38
Joél,Drakes-Thomas,Drakes-Thomas,Midfielder,CRY,9.42719967766218,11.624488747489703,,,,4.5,0.0,0.0,0.4,2,0,1.0,0.0,0.0,0.0,0.0,,1.4,1.0,0.0,0.3,0.0,0,0,0,1,0,0.0,0.0,0.0,0.0,0.0,0.0,1.0067633827503497,2.800287502195607,1.3408490708588068,1.6430773793763018,2.6362223424811138,2.197289069827522,LIV(H),EVE(A),BOU(H),ARS(A),BRE(H),BHA(H),0.0,0.0,0.9210901427022543,1.0179566082209277,0.9911751304069054,0.9334486047869694,0.9780471761839342,0.9780471761839342,Crystal Palace,38
Mike,Trésor Ndayishimiye,Trésor,Midfielder,BUR,8.723695008759035,11.562267227531787,100.0,100.0,,4.3,0.1,0.0,1.4,6,0,1.0,0.0,0.0,0.0,0.0,,7.2,15.2,2.0,2.4,0.0,0,0,0,2,0,0.0,0.0,0.0,0.0,0.0,0.0,1.2035722386616454,2.2025609689371235,1.514976889716534,1.8232865214538063,1.9792983899899264,2.8385722187727525,MCI(A),AVL(A),LEE(H),WOL(A),ARS(H),WHU(A),0.0,0.0,0.8968475614707909,0.9977997168619978,0.9978050397522342,1.1175408772327884,0.9210901427022543,1.0247656572203843,Burnley,38
Lucas Estella,Perri,Perri,Goalkeeper,LEE,9.057995993072952,11.551888245073993,100.0,100.0,,4.4,0.3,0.0,9.8,43,0,2.7,0.0,0.0,0.0,0.0,,322.4,0.0,0.0,32.2,0.0,0,0,3,29,16,0.0,0.0,0.0,0.0,0.0,0.0,1.5057549832340917,2.044347598366674,1.8633484195633567,1.6316034709000673,2.0129415210087624,2.4938922520010407,BOU(H),TOT(H),BUR(A),WHU(H),BHA(A),NFO(A),0.0,0.0,0.9911751304069054,1.0247711239638793,1.0881336264811785,1.0316257548390524,0.9780419586939864,1.0111928019049574,Leeds,38
Reigan,Heskey,Heskey,Midfielder,MCI,9.228274042420342,11.549340156160856,,,,4.5,0.0,0.0,0.0,0,0,0.0,0.0,0.0,0.0,0.0,,0.0,0.0,0.0,0.0,0.0,0,0,0,0,0,0.0,0.0,0.0,0.0,0.0,0.0,1.3587642337713077,2.9744481123616984,1.2566926350496697,1.7159615463528262,1.92240751488484,2.3210661137405144,BUR(H),BRE(A),EVE(H),AVL(A),BOU(H),LIV(H),0.0,0.0,1.1325472438885735,1.0179566082209277,1.0524659774929148,0.9977997168619978,0.9911751304069054,0.9210901427022543,Man City,38
Charlie,Gray,Gray,Midfielder,MCI,9.228274042420342,11.549340156160856,,,,4.5,0.0,0.0,0.0,0,0,0.0,0.0,0.0,0.0,0.0,,0.0,0.0,0.0,0.0,0.0,0,0,0,0,0,0.0,0.0,0.0,0.0,0.0,0.0,1.3587642337713077,2.9744481123616984,1.2566926350496697,1.7159615463528262,1.92240751488484,2.3210661137405144,BUR(H),BRE(A),EVE(H),AVL(A),BOU(H),LIV(H),0.0,0.0,1.1325472438885735,1.0179566082209277,1.0524659774929148,0.9977997168619978,0.9911751304069054,0.9210901427022543,Man City,38
Ryan,McAidoo,McAidoo,Midfielder,MCI,9.228274042420342,11.549340156160856,,,,4.5,0.0,0.0,0.0,0,0,0.0,0.0,0.0,0.0,0.0,,0.0,0.0,0.0,0.0,0.0,0,0,0,0,0,0.0,0.0,0.0,0.0,0.0,0.0,1.3587642337713077,2.9744481123616984,1.2566926350496697,1.7159615463528262,1.92240751488484,2.3210661137405144,BUR(H),BRE(A),EVE(H),AVL(A),BOU(H),LIV(H),0.0,0.0,1.1325472438885735,1.0179566082209277,1.0524659774929148,0.9977997168619978,0.9911751304069054,0.9210901427022543,Man City,38
Keiber,Lamadrid,Lamadrid,Midfielder,WHU,8.73027008771736,11.538180862705353,,,,5.0,0.0,0.0,0.0,0,0,0.0,0.0,0.0,0.0,0.0,,0.0,0.0,0.0,0.0,0.0,0,0,0,0,0,0.0,0.0,0.0,0.0,0.0,0.0,1.2769413910850984,2.614887856447921,1.2039177200165323,1.78820581005543,1.8463173101123775,2.8079107749879935,EVE(A),ARS(A),BRE(H),LEE(A),NEW(H),BUR(H),0.0,0.0,1.0179566082209277,0.9334486047869694,0.9780471761839342,1.045467296709635,0.9586805445269106,1.1325472438885735,West Ham,38
Enso,González Medina,Gonzalez,Midfielder,WOL,9.171898104246196,11.53070219643426,,,,4.3,1.2,0.0,0.0,0,0,0.0,0.0,0.0,0.0,0.0,,0.0,0.0,0.0,0.0,0.0,0,0,0,0,0,0.0,0.0,0.0,0.0,0.0,0.0,1.050889096879262,2.317797619817649,1.7907041595352224,1.977544563900019,2.034962664114044,2.358804092188065,TOT(A),BHA(H),SUN(A),BUR(H),FUL(A),CHE(A),0.0,0.0,1.0111928019049574,0.9780471761839342,1.052460363008469,1.1325472438885735,1.0385206957960817,0.9523055174497719,Wolves,38
Veljko,Milosavljevic,Milosavljević,Defender,BOU,8.845463399342114,11.525337640963798,100.0,100.0,,4.4,0.0,0.0,4.3,19,0,2.7,0.0,0.04,0.05,0.09,,98.4,13.9,10.0,12.2,0.0,0,0,1,6,4,0.0,0.0,0.0,0.0,0.0,0.0,1.5111802190727979,1.8777972353079706,1.6552970406179057,1.6739349500615919,2.127253954281848,2.6798742416216843,LEE(A),FUL(H),CRY(A),NFO(H),MCI(A),AVL(A),0.0,0.0,1.045467296709635,1.0111981962423193,1.0111928019049574,1.045472873888674,0.8968475614707909,0.9977997168619978,Bournemouth,38
Remy,Rees-Dottin,Rees-Dottin,Midfielder,BOU,9.016526344559736,11.518102121358966,,,,4.3,0.2,0.0,0.0,0,0,0.0,0.0,0.0,0.0,0.0,,0.0,0.0,0.0,0.0,0.0,0,0,0,0,0,0.0,0.0,0.0,0.0,0.0,0.0,1.2238218061406017,2.6046922076913646,1.636504511426618,1.8181688385060522,1.7333389807950992,2.5015757767992306,LEE(A),FUL(H),CRY(A),NFO(H),MCI(A),AVL(A),0.0,0.0,1.045467296709635,1.0111981962423193,1.0111928019049574,1.045472873888674,0.8968475614707909,0.9977997168619978,Bournemouth,38
Jesse,Derry,Derry,Midfielder,CHE,8.592371020477657,11.495945409740262,100.0,100.0,,4.5,0.0,0.0,0.2,1,0,1.0,0.0,0.2,0.04,0.24,,4.6,6.4,25.0,3.6,0.0,0,0,0,2,1,0.0,0.0,0.0,0.0,0.0,0.0,1.4435983867856605,1.6282495299942097,1.7433714528823303,1.924307941784479,1.8528437090309786,2.903574389262606,BHA(H),LIV(H),NFO(A),SUN(H),TOT(A),WOL(H),0.0,0.0,0.9780471761839342,0.9210901427022543,1.0111928019049574,1.0737272005708411,1.0111928019049574,1.110121305916802,Chelsea,38
Dário,Luís Essugo,D.Essugo,Midfielder,CHE,8.413893165015278,11.48907189300947,100.0,100.0,,4.3,0.1,0.0,0.2,1,0,0.3,0.0,0.0,0.03,0.03,,11.4,2.1,2.0,1.6,0.0,0,0,0,1,0,0.0,0.0,0.0,0.0,0.0,0.0,1.4155416335335238,1.506300538691952,1.7986139589459749,1.7544827921485284,1.9389542416953,3.0751787279941913,BHA(H),LIV(H),NFO(A),SUN(H),TOT(A),WOL(H),0.0,0.0,0.9780471761839342,0.9210901427022543,1.0111928019049574,1.0737272005708411,1.0111928019049574,1.110121305916802,Chelsea,38
Kaden,Rodney,Rodney,Midfielder,CRY,9.278045600106935,11.481630285995532,,,,4.4,0.1,0.0,0.2,1,0,1.0,0.0,0.0,0.0,0.0,,0.0,0.1,0.0,0.0,0.0,0,0,0,0,0,0.0,0.0,0.0,0.0,0.0,0.0,1.003674090166922,2.7377058952939684,1.3131807254687904,1.6431652715761242,2.5803196176011296,2.2035846858885964,LIV(H),EVE(A),BOU(H),ARS(A),BRE(H),BHA(H),0.0,0.0,0.9210901427022543,1.0179566082209277,0.9911751304069054,0.9334486047869694,0.9780471761839342,0.9780471761839342,Crystal Palace,38
Joe,Worrall,Worrall,Defender,BUR,8.833422972775749,11.423420687752499,100.0,100.0,,3.8,0.2,0.0,5.3,20,0,1.8,0.0,0.01,0.0,0.01,,147.4,1.5,19.0,17.0,0.0,0,0,0,11,5,0.0,0.0,0.0,0.0,0.0,0.0,1.2029197507762601,2.094515806005876,1.5824095731191403,1.7247191630557852,2.2288586798186865,2.58999771497675,MCI(A),AVL(A),LEE(H),WOL(A),ARS(H),WHU(A),0.0,0.0,0.8968475614707909,0.9977997168619978,0.9978050397522342,1.1175408772327884,0.9210901427022543,1.0247656572203843,Burnley,38
Sam,Byram,Byram,Defender,LEE,9.249952981499952,11.413049674128082,,,,3.7,0.4,0.0,0.5,2,0,1.0,0.0,0.0,0.0,0.0,,5.4,0.0,0.0,0.5,0.0,0,0,0,1,0,0.0,0.0,0.0,0.0,0.0,0.0,0.9505132138275031,2.260436993312115,2.104953027259799,2.000744108117752,1.9333056389827812,2.1630966926281303,BOU(H),TOT(H),BUR(A),WHU(H),BHA(A),NFO(A),0.0,0.0,0.9911751304069054,1.0247711239638793,1.0881336264811785,1.0316257548390524,0.9780419586939864,1.0111928019049574,Leeds,38
Harrison,Armstrong,Armstrong,Midfielder,EVE,9.22023142910533,11.402610675133522,100.0,100.0,,4.5,0.1,0.0,4.7,21,1,1.6,0.0,0.14,0.04,0.18,,60.0,69.7,78.0,21.0,28.0,0,0,1,11,6,0.0,0.0,0.0,0.0,0.0,0.0,2.045524188132929,1.8214034192412638,1.717086975183706,1.4052007640757942,2.2310160824716365,2.182379246028193,WHU(H),CRY(H),MCI(A),TOT(H),SUN(A),FUL(H),0.0,0.0,1.0316257548390524,1.0385262359175895,0.8968475614707909,1.0247711239638793,1.052460363008469,1.0111981962423193,Everton,38
George,Brierley,Brierley,Midfielder,BUR,8.870510627811658,11.389406381065777,,,,4.5,0.0,0.0,0.0,0,0,0.0,0.0,0.0,0.0,0.0,,0.0,0.0,0.0,0.0,0.0,0,0,0,0,0,0.0,0.0,0.0,0.0,0.0,0.0,1.0630150923083144,2.847071150082152,1.2037640047464795,1.8856133677549587,1.871047012919753,2.518895753254119,MCI(A),AVL(A),LEE(H),WOL(A),ARS(H),WHU(A),0.0,0.0,0.8968475614707909,0.9977997168619978,0.9978050397522342,1.1175408772327884,0.9210901427022543,1.0247656572203843,Burnley,38
Kian,McMahon-Brown,McMahon-Brown,Midfielder,BUR,8.870510627811658,11.389406381065777,,,,4.5,0.0,0.0,0.0,0,0,0.0,0.0,0.0,0.0,0.0,,0.0,0.0,0.0,0.0,0.0,0,0,0,0,0,0.0,0.0,0.0,0.0,0.0,0.0,1.0630150923083144,2.847071150082152,1.2037640047464795,1.8856133677549587,1.871047012919753,2.518895753254119,MCI(A),AVL(A),LEE(H),WOL(A),ARS(H),WHU(A),0.0,0.0,0.8968475614707909,0.9977997168619978,0.9978050397522342,1.1175408772327884,0.9210901427022543,1.0247656572203843,Burnley,38
Oliver,Pimlott,Pimlott,Midfielder,BUR,8.870510627811658,11.389406381065777,,,,4.5,0.0,0.0,0.0,0,0,0.0,0.0,0.0,0.0,0.0,,0.0,0.0,0.0,0.0,0.0,0,0,0,0,0,0.0,0.0,0.0,0.0,0.0,0.0,1.0630150923083144,2.847071150082152,1.2037640047464795,1.8856133677549587,1.871047012919753,2.518895753254119,MCI(A),AVL(A),LEE(H),WOL(A),ARS(H),WHU(A),0.0,0.0,0.8968475614707909,0.9977997168619978,0.9978050397522342,1.1175408772327884,0.9210901427022543,1.0247656572203843,Burnley,38
Amine,Adli,Adli,Midfielder,BOU,9.328242281509018,11.388256653323406,,,,5.4,0.2,0.0,12.4,67,1,2.2,0.0,0.22,0.14,0.36,,272.6,235.9,260.0,76.1,17.0,3,2,3,17,10,3.0,15.882352941176471,2.0,1.0,0.0,0.0,1.7417469241241668,1.9967225916038265,2.1262972222690197,1.7118809713378118,1.7515945721741941,2.0600143718143875,LEE(A),FUL(H),CRY(A),NFO(H),MCI(A),AVL(A),3.0,15.882352941176471,1.045467296709635,1.0111981962423193,1.0111928019049574,1.045472873888674,0.8968475614707909,0.9977997168619978,Bournemouth,38
Coby,Ebere,Ebere,Midfielder,EVE,8.894127825040652,11.376690621582508,,,,4.4,0.0,0.0,0.0,0,0,0.0,0.0,0.0,0.0,0.0,,0.0,0.0,0.0,0.0,0.0,0,0,0,0,0,0.0,0.0,0.0,0.0,0.0,0.0,1.1105175669688763,2.520700286916155,1.51167240291538,1.774518385425214,1.9767191828150268,2.482562796541857,WHU(H),CRY(H),MCI(A),TOT(H),SUN(A),FUL(H),0.0,0.0,1.0316257548390524,1.0385262359175895,0.8968475614707909,1.0247711239638793,1.052460363008469,1.0111981962423193,Everton,38
Sam,Alabi,Alabi,Midfielder,NEW,8.85859378954106,11.361322480344379,,,,4.5,0.0,0.0,0.0,0,0,0.0,0.0,0.0,0.0,0.0,,0.0,0.0,0.0,0.0,0.0,0,0,0,0,0,0.0,0.0,0.0,0.0,0.0,0.0,0.9858314271558777,2.537561095744296,1.6550031391465407,1.7510151765401005,1.9291829509542444,2.50272869080332,ARS(H),NFO(H),BHA(A),FUL(H),WHU(A),BRE(A),0.0,0.0,0.9210901427022543,1.045472873888674,0.9780419586939864,1.0111981962423193,1.0247656572203843,1.0179566082209277,Newcastle,38
Freddie,Potts,Potts,Midfielder,WHU,9.347053637644926,11.353622310176746,100.0,100.0,,4.3,0.5,0.0,8.6,37,0,1.7,0.0,0.02,0.08,0.1,,191.2,141.3,37.0,37.1,0.0,0,1,1,25,12,0.0,0.0,0.0,0.0,0.0,0.0,1.5913221476120907,1.837588223657609,1.7328080342352936,2.1341629885911417,2.0511722435487916,2.00656867253182,EVE(A),ARS(A),BRE(H),LEE(A),NEW(H),BUR(H),0.0,0.0,1.0179566082209277,0.9334486047869694,0.9780471761839342,1.045467296709635,0.9586805445269106,1.1325472438885735,West Ham,38
Jaydon,Jones,Jones,Midfielder,SUN,9.220132707519339,11.332844714141126,,,,4.5,0.0,0.0,0.0,0,0,0.0,0.0,0.0,0.0,0.0,,0.0,0.0,0.0,0.0,0.0,0,0,0,0,0,0.0,0.0,0.0,0.0,0.0,0.0,1.0419119784836886,2.270391374693596,1.5119034171098749,1.4983794999637448,2.897546437268434,2.1127120066217873,NFO(A),MUN(A),WOL(H),CHE(A),EVE(H),ARS(H),0.0,0.0,1.0111928019049574,0.9210852290552671,1.110121305916802,0.9523055174497719,1.0524659774929148,0.9210901427022543,Sunderland,38
Jack,Whittaker,Whittaker,Midfielder,SUN,9.220132707519339,11.332844714141126,,,,4.5,0.0,0.0,0.0,0,0,0.0,0.0,0.0,0.0,0.0,,0.0,0.0,0.0,0.0,0.0,0,0,0,0,0,0.0,0.0,0.0,0.0,0.0,0.0,1.0419119784836886,2.270391374693596,1.5119034171098749,1.4983794999637448,2.897546437268434,2.1127120066217873,NFO(A),MUN(A),WOL(H),CHE(A),EVE(H),ARS(H),0.0,0.0,1.0111928019049574,0.9210852290552671,1.110121305916802,0.9523055174497719,1.0524659774929148,0.9210901427022543,Sunderland,38
Enes,Ünal,Enes Ünal,Forward,BOU,9.914381614253083,11.308246414875022,100.0,100.0,,5.4,0.0,0.0,5.0,27,1,1.2,0.0,0.84,0.03,0.87,,70.2,25.0,104.0,19.1,17.0,1,0,0,3,0,1.0,5.294117647058823,0.0,1.0,0.0,0.0,2.4899288476322754,2.6218178439086266,1.4818413257561096,1.8853802122205832,1.435413384735488,1.393864800621939,LEE(A),FUL(H),CRY(A),NFO(H),MCI(A),AVL(A),1.0,5.294117647058823,1.045467296709635,1.0111981962423193,1.0111928019049574,1.045472873888674,0.8968475614707909,0.9977997168619978,Bournemouth,38
Ethan,Sutherland,Sutherland,Midfielder,WOL,8.991510681416184,11.293836357257064,,,,4.5,0.0,0.0,0.0,0,0,0.0,0.0,0.0,0.0,0.0,,0.0,0.0,0.0,0.0,0.0,0,0,0,0,0,0.0,0.0,0.0,0.0,0.0,0.0,1.0683464295611305,2.3731818951831096,1.6737925671589133,1.9347918221297753,1.9413979673832542,2.3023256758408808,TOT(A),BHA(H),SUN(A),BUR(H),FUL(A),CHE(A),0.0,0.0,1.0111928019049574,0.9780471761839342,1.052460363008469,1.1325472438885735,1.0385206957960817,0.9523055174497719,Wolves,38
Luke,Rawlings,Rawlings,Midfielder,WOL,8.991510681416184,11.293836357257064,,,,4.5,0.0,0.0,0.0,0,0,0.0,0.0,0.0,0.0,0.0,,0.0,0.0,0.0,0.0,0.0,0,0,0,0,0,0.0,0.0,0.0,0.0,0.0,0.0,1.0683464295611305,2.3731818951831096,1.6737925671589133,1.9347918221297753,1.9413979673832542,2.3023256758408808,TOT(A),BHA(H),SUN(A),BUR(H),FUL(A),CHE(A),0.0,0.0,1.0111928019049574,0.9780471761839342,1.052460363008469,1.1325472438885735,1.0385206957960817,0.9523055174497719,Wolves,38
Seung-Soo,Park,Seung soo,Midfielder,NEW,8.698330797422473,11.278452627675854,,,,4.3,0.5,0.0,0.0,0,0,0.0,0.0,0.0,0.0,0.0,,0.0,0.0,0.0,0.0,0.0,0,0,0,0,0,0.0,0.0,0.0,0.0,0.0,0.0,0.9754548040866422,2.4008129573114285,1.6446734400045622,1.7548456388174645,1.9225439572023757,2.5801218302533804,ARS(H),NFO(H),BHA(A),FUL(H),WHU(A),BRE(A),0.0,0.0,0.9210901427022543,1.045472873888674,0.9780419586939864,1.0111981962423193,1.0247656572203843,1.0179566082209277,Newcastle,38
Jim,Thwaites,Thwaites,Midfielder,MUN,8.780650603024993,11.263200156088672,,,,4.5,0.0,0.0,0.0,0,0,0.0,0.0,0.0,0.0,0.0,,0.0,0.0,0.0,0.0,0.0,0,0,0,0,0,0.0,0.0,0.0,0.0,0.0,0.0,1.0902303363152155,2.606139709274877,1.54813376912604,1.6936100709379271,1.842536717370933,2.482549553063678,BRE(A),SUN(H),LIV(A),BHA(H),NFO(A),TOT(A),0.0,0.0,1.0179566082209277,1.0737272005708411,0.9149650840122292,0.9780471761839342,1.0111928019049574,1.0111928019049574,Man Utd,38
Callum,Olusesi,Olusesi,Midfielder,TOT,9.02970766321324,11.259487492252685,,,,4.3,0.2,0.0,0.2,1,0,1.0,0.0,0.0,0.06,0.06,,0.6,1.8,0.0,0.2,0.0,0,0,0,0,0,0.0,0.0,0.0,0.0,0.0,0.0,1.1777069494652534,2.8599009562197972,1.1946367019119373,1.840434579721573,1.9570284758946772,2.2297798290394457,WOL(H),LEE(A),AVL(H),EVE(A),CHE(H),MUN(H),0.0,0.0,1.110121305916802,1.045467296709635,0.971548547839499,1.0179566082209277,0.9650930995904489,0.9334535843879661,Spurs,38
Zach,Abbott,Abbott,Defender,NFO,8.549914124408232,11.249578537491843,100.0,100.0,,3.8,0.2,0.0,0.8,3,0,1.0,0.0,0.0,0.01,0.01,,25.4,6.4,0.0,3.2,0.0,0,0,0,4,2,0.0,0.0,0.0,0.0,0.0,0.0,1.383777780241049,2.017855391618408,1.4222451849303663,1.7387107114944824,1.987325056123927,2.6996644130836107,SUN(H),NEW(A),CHE(H),BOU(A),MUN(H),LEE(H),0.0,0.0,1.0737272005708411,1.0385206957960817,0.9650930995904489,0.9586754303501859,0.9334535843879661,0.9978050397522342,Nott'm Forest,38
João Victor,de Souza Menezes,Souza,Defender,TOT,9.121569903800347,11.233795783317923,,,,4.0,0.0,0.0,0.8,3,0,0.8,0.0,0.01,0.02,0.03,,12.8,31.9,17.0,6.2,0.0,0,0,0,3,2,0.0,0.0,0.0,0.0,0.0,0.0,1.2121834678026024,2.8571289242859095,1.2993252375810997,1.80233571809793,1.9505965560328058,2.112225879517576,WOL(H),LEE(A),AVL(H),EVE(A),CHE(H),MUN(H),0.0,0.0,1.110121305916802,1.045467296709635,0.971548547839499,1.0179566082209277,0.9650930995904489,0.9334535843879661,Spurs,38
Bendito,Mantato,Bendito Mantato,Midfielder,MUN,8.83982321147571,11.20039089628786,,,,4.5,0.0,0.0,0.2,1,0,1.0,0.0,0.0,0.06,0.06,,2.2,11.7,0.0,1.4,0.0,0,0,0,0,0,0.0,0.0,0.0,0.0,0.0,0.0,1.0696702789735226,2.618289176585335,1.455011242373029,1.7024007075661252,1.9944518059776994,2.36056768481215,BRE(A),SUN(H),LIV(A),BHA(H),NFO(A),TOT(A),0.0,0.0,1.0179566082209277,1.0737272005708411,0.9149650840122292,0.9780471761839342,1.0111928019049574,1.0111928019049574,Man Utd,38
Daniel,Bentley,Bentley,Goalkeeper,WOL,8.903887226267667,11.194593740663278,100.0,100.0,,3.9,0.5,0.0,1.5,6,0,2.0,0.0,0.0,0.0,0.0,,65.4,0.0,0.0,6.5,0.0,0,0,0,7,3,0.0,0.0,0.0,0.0,0.0,0.0,1.3975463749939938,1.817141694732609,1.5996756091522362,2.033086833114533,2.056436714274294,2.2907065143956102,TOT(A),BHA(H),SUN(A),BUR(H),FUL(A),CHE(A),0.0,0.0,1.0111928019049574,0.9780471761839342,1.052460363008469,1.1325472438885735,1.0385206957960817,0.9523055174497719,Wolves,38
Riley,Owen,Owen,Midfielder,BRE,8.889081415047686,11.138364326539818,,,,4.5,0.0,0.0,0.0,0,0,0.0,0.0,0.0,0.0,0.0,,0.0,0.0,0.0,0.0,0.0,0,0,0,0,0,0.0,0.0,0.0,0.0,0.0,0.0,0.9902016642517305,2.1069073941286693,1.7317409263056704,1.4709544369954053,2.58927699336621,2.249282911492133,MUN(H),MCI(H),WHU(A),LIV(H),CRY(A),NEW(H),0.0,0.0,0.9334535843879661,0.8968523458188399,1.0247656572203843,0.9210901427022543,1.0111928019049574,0.9586805445269106,Brentford,38
Luka,Bentt,Bentt,Midfielder,BRE,8.889081415047686,11.138364326539818,,,,4.5,0.0,0.0,0.0,0,0,0.0,0.0,0.0,0.0,0.0,,0.0,0.0,0.0,0.0,0.0,0,0,0,0,0,0.0,0.0,0.0,0.0,0.0,0.0,0.9902016642517305,2.1069073941286693,1.7317409263056704,1.4709544369954053,2.58927699336621,2.249282911492133,MUN(H),MCI(H),WHU(A),LIV(H),CRY(A),NEW(H),0.0,0.0,0.9334535843879661,0.8968523458188399,1.0247656572203843,0.9210901427022543,1.0111928019049574,0.9586805445269106,Brentford,38
John Victor,Maciel Furtado,John,Goalkeeper,NFO,8.417466225410138,11.136068119925056,100.0,100.0,,4.0,0.3,0.0,2.8,11,0,2.2,0.0,0.0,0.0,0.0,,56.4,0.0,0.0,5.7,0.0,0,0,1,8,5,0.0,0.0,0.0,0.0,0.0,0.0,1.43780076998849,2.327573228882002,1.3855399570541171,1.3252635605173178,1.9412887089682114,2.7186018945149195,SUN(H),NEW(A),CHE(H),BOU(A),MUN(H),LEE(H),0.0,0.0,1.0737272005708411,1.0385206957960817,0.9650930995904489,0.9586754303501859,0.9334535843879661,0.9978050397522342,Nott'm Forest,38
Mitoma,Kaoru,Mitoma,Midfielder,BHA,7.252456751348498,11.132917565913031,0.0,0.0,Hamstring injury - Expected back 01 Jun,6.1,1.9,0.0,10.2,62,0,2.5,0.0,0.21,0.14,0.35,,288.4,422.3,416.0,112.3,0.0,3,1,5,20,19,0.0,0.0,0.0,0.0,0.0,0.0,0.3047305004294323,1.0001961915590778,1.4617077545825001,2.088007793030712,2.397814511746776,3.880460814564533,CHE(A),WOL(A),NEW(H),MUN(A),LEE(H),CRY(A),0.0,0.0,0.9523055174497719,1.1175408772327884,0.9586805445269106,0.9210852290552671,0.9978050397522342,1.0111928019049574,Brighton,38
Callum,Bates,Bates,Midfielder,EVE,8.646077891759829,11.131084594119127,,,,4.3,0.1,0.0,0.0,0,0,0.0,0.0,0.0,0.0,0.0,,0.0,0.0,0.0,0.0,0.0,0,0,0,0,0,0.0,0.0,0.0,0.0,0.0,0.0,1.0820516865484726,2.393528869675131,1.5092572445816188,1.759907270602242,1.9013328203523652,2.485006702359298,WHU(H),CRY(H),MCI(A),TOT(H),SUN(A),FUL(H),0.0,0.0,1.0316257548390524,1.0385262359175895,0.8968475614707909,1.0247711239638793,1.052460363008469,1.0111981962423193,Everton,38
Altay,Bayındır,Bayindir,Goalkeeper,MUN,8.8729338933137,11.128461552219376,,,,4.7,0.3,0.0,2.3,11,0,1.8,0.0,0.0,0.01,0.01,,118.4,10.0,0.0,12.8,0.0,0,0,0,11,6,0.0,0.0,0.0,0.0,0.0,0.0,1.0653531478362288,2.493816698806568,1.5685376378610296,1.765524885184101,1.9797015236257733,2.2555276589056756,BRE(A),SUN(H),LIV(A),BHA(H),NFO(A),TOT(A),0.0,0.0,1.0179566082209277,1.0737272005708411,0.9149650840122292,0.9780471761839342,1.0111928019049574,1.0111928019049574,Man Utd,38
Jack,Fletcher,J.Fletcher,Midfielder,MUN,8.831720449769609,11.113281384566843,,,,4.3,0.1,0.0,0.7,3,0,1.0,0.0,0.03,0.02,0.05,,18.6,24.4,5.0,4.8,0.0,0,0,0,0,0,0.0,0.0,0.0,0.0,0.0,0.0,1.0174086021261983,2.6318481204252575,1.509980684404292,1.716061108465665,1.9564219343481966,2.2815609347972345,BRE(A),SUN(H),LIV(A),BHA(H),NFO(A),TOT(A),0.0,0.0,1.0179566082209277,1.0737272005708411,0.9149650840122292,0.9780471761839342,1.0111928019049574,1.0111928019049574,Man Utd,38
Rio,Kyerematen,Kyerematen,Midfielder,TOT,8.827593527483874,11.10147997062312,,,,4.5,0.0,0.0,0.0,0,0,0.0,0.0,0.0,0.0,0.0,,0.0,0.0,0.0,0.0,0.0,0,0,0,0,0,0.0,0.0,0.0,0.0,0.0,0.0,1.3157805235555073,2.828037405887127,1.1870251785177621,1.7114053402286626,1.7853450792948156,2.2738864431392463,WOL(H),LEE(A),AVL(H),EVE(A),CHE(H),MUN(H),0.0,0.0,1.110121305916802,1.045467296709635,0.971548547839499,1.0179566082209277,0.9650930995904489,0.9334535843879661,Spurs,38
Lucá,Williams-Barnett,Williams-Barnett,Midfielder,TOT,8.827593527483874,11.10147997062312,,,,4.5,0.0,0.0,0.0,0,0,0.0,0.0,0.0,0.0,0.0,,0.0,0.0,0.0,0.0,0.0,0,0,0,0,0,0.0,0.0,0.0,0.0,0.0,0.0,1.3157805235555073,2.828037405887127,1.1870251785177621,1.7114053402286626,1.7853450792948156,2.2738864431392463,WOL(H),LEE(A),AVL(H),EVE(A),CHE(H),MUN(H),0.0,0.0,1.110121305916802,1.045467296709635,0.971548547839499,1.0179566082209277,0.9650930995904489,0.9334535843879661,Spurs,38
Freddie,Simmonds,Simmonds,Defender,BHA,8.821836860210098,11.061640826327574,,,,4.0,0.0,0.0,0.0,0,0,0.0,0.0,0.0,0.0,0.0,,0.0,0.0,0.0,0.0,0.0,0,0,0,0,0,0.0,0.0,0.0,0.0,0.0,0.0,0.9368243270534027,2.493700573488165,1.2952940321235158,1.3767698628298544,2.71924806471516,2.2398039661174765,CHE(A),WOL(A),NEW(H),MUN(A),LEE(H),CRY(A),0.0,0.0,0.9523055174497719,1.1175408772327884,0.9586805445269106,0.9210852290552671,0.9978050397522342,1.0111928019049574,Brighton,38
Marli,Salmon,Salmon,Defender,ARS,8.580326991794674,11.060730982466572,,,,4.0,0.0,0.0,0.0,0,0,0.0,0.0,0.0,0.0,0.0,,0.0,0.0,0.0,0.0,0.0,0,0,0,0,0,0.0,0.0,0.0,0.0,0.0,0.0,1.0695938728547243,2.0100487023145703,1.7002031936884574,1.7750114668756816,2.0254697560612405,2.4804039906718978,NEW(A),WHU(H),FUL(A),CRY(H),BUR(A),SUN(A),0.0,0.0,1.0385206957960817,1.0316257548390524,1.0385206957960817,1.0385262359175895,1.0881336264811785,1.052460363008469,Arsenal,38
Jayce,Fitzgerald,Fitzgerald,Midfielder,MUN,8.591661345992218,11.054328393692154,,,,4.3,0.0,0.0,0.0,0,0,0.0,0.0,0.0,0.0,0.0,,0.0,0.0,0.0,0.0,0.0,0,0,0,0,0,0.0,0.0,0.0,0.0,0.0,0.0,1.075816684369417,2.4493275845458697,1.5353578189112054,1.769146007438703,1.7620132507270232,2.4626670476999366,BRE(A),SUN(H),LIV(A),BHA(H),NFO(A),TOT(A),0.0,0.0,1.0179566082209277,1.0737272005708411,0.9149650840122292,0.9780471761839342,1.0111928019049574,1.0111928019049574,Man Utd,38
Melker,Ellborg,Ellborg,Goalkeeper,SUN,9.102726689706367,11.030759314478173,,,,4.0,0.1,0.0,4.0,16,0,5.3,0.0,0.0,0.01,0.01,,73.6,0.0,0.0,7.4,0.0,0,0,1,2,3,0.0,0.0,0.0,0.0,0.0,0.0,1.0359053319502376,2.380954979340803,1.5359018718652593,1.4117598563357043,2.738204650214363,1.9280326247718054,NFO(A),MUN(A),WOL(H),CHE(A),EVE(H),ARS(H),0.0,0.0,1.0111928019049574,0.9210852290552671,1.110121305916802,0.9523055174497719,1.0524659774929148,0.9210901427022543,Sunderland,38
Brayden,Clarke,Clarke,Defender,ARS,8.468933507378981,11.023767935397995,,,,3.7,0.5,0.0,0.0,0,0,0.0,0.0,0.0,0.0,0.0,,0.0,0.0,0.0,0.0,0.0,0,0,0,0,0,0.0,0.0,0.0,0.0,0.0,0.0,1.0689068651162739,1.8580468046324983,1.6939706791218954,1.8572887946822838,1.9907203638260287,2.5548344280190127,NEW(A),WHU(H),FUL(A),CRY(H),BUR(A),SUN(A),0.0,0.0,1.0385206957960817,1.0316257548390524,1.0385206957960817,1.0385262359175895,1.0881336264811785,1.052460363008469,Arsenal,38
Dilane,Bakwa,Bakwa,Midfielder,NFO,9.137899735162978,11.017771842098437,100.0,100.0,,5.9,0.0,0.0,4.4,26,0,1.9,0.0,0.09,0.17,0.26,,86.4,178.8,95.0,35.6,0.0,0,2,2,10,6,0.0,0.0,0.0,0.0,0.0,0.0,1.872510756594115,1.8346919045911274,1.878519233302693,1.728132410579075,1.8240454300959676,1.879872106935459,SUN(H),NEW(A),CHE(H),BOU(A),MUN(H),LEE(H),0.0,0.0,1.0737272005708411,1.0385206957960817,0.9650930995904489,0.9586754303501859,0.9334535843879661,0.9978050397522342,Nott'm Forest,38
Julio,Soler Barreto,Soler,Defender,BOU,8.319393000734657,10.985119162862528,100.0,100.0,,3.9,0.2,0.0,0.8,3,0,1.0,0.0,0.0,0.0,0.0,,1.8,2.5,2.0,0.6,0.0,0,0,0,2,0,0.0,0.0,0.0,0.0,0.0,0.0,1.362718758711444,1.8623876449017454,1.5634262393623541,1.7538093619587378,1.7770509958003755,2.6657261621278705,LEE(A),FUL(H),CRY(A),NFO(H),MCI(A),AVL(A),0.0,0.0,1.045467296709635,1.0111981962423193,1.0111928019049574,1.045472873888674,0.8968475614707909,0.9977997168619978,Bournemouth,38
Abdoullah,Ba,Ba,Midfielder,SUN,8.8620229210559,10.971392543179645,,,,4.3,0.3,0.0,0.0,0,0,0.0,0.0,0.0,0.0,0.0,,0.0,0.0,0.0,0.0,0.0,0,0,0,0,0,0.0,0.0,0.0,0.0,0.0,0.0,1.0274811300848437,2.1405280501277826,1.4980273172228609,1.494766293619288,2.7012201300011243,2.109369622123746,NFO(A),MUN(A),WOL(H),CHE(A),EVE(H),ARS(H),0.0,0.0,1.0111928019049574,0.9210852290552671,1.110121305916802,0.9523055174497719,1.0524659774929148,0.9210901427022543,Sunderland,38
Eric,da Silva Moreira,Da Silva Moreira,Midfielder,NFO,8.139639754203717,10.955921204470581,100.0,100.0,,4.5,0.1,0.0,0.0,0,0,0.0,0.0,0.0,0.0,0.0,,0.0,0.0,0.0,0.0,0.0,0,0,0,0,0,0.0,0.0,0.0,0.0,0.0,0.0,1.5291444079505532,2.173640954078614,1.179166331991839,1.4797511723927845,1.7779368877899264,2.8162814502668634,SUN(H),NEW(A),CHE(H),BOU(A),MUN(H),LEE(H),0.0,0.0,1.0737272005708411,1.0385206957960817,0.9650930995904489,0.9586754303501859,0.9334535843879661,0.9978050397522342,Nott'm Forest,38
Charlie,Tasker,Tasker,Defender,BHA,8.685254722679208,10.915587238851417,,,,3.8,0.2,0.0,0.0,0,0,0.0,0.0,0.0,0.0,0.0,,0.0,0.0,0.0,0.0,0.0,0,0,0,0,0,0.0,0.0,0.0,0.0,0.0,0.0,0.9308363279386428,2.402838750668649,1.3223898635433602,1.3542549640521337,2.6749348164764237,2.230332516172209,CHE(A),WOL(A),NEW(H),MUN(A),LEE(H),CRY(A),0.0,0.0,0.9523055174497719,1.1175408772327884,0.9586805445269106,0.9210852290552671,0.9978050397522342,1.0111928019049574,Brighton,38
Ethan,Pinnock,Pinnock,Defender,BRE,8.493091245363573,10.90177598751847,100.0,100.0,,4.2,0.1,0.0,3.3,14,0,3.5,0.0,0.0,0.02,0.02,,88.6,1.2,33.0,12.3,0.0,0,0,1,5,4,0.0,0.0,0.0,0.0,0.0,0.0,1.2762310181918821,1.7057216561330375,1.789173062068696,1.2622407354782905,2.4597247734916663,2.408684742154897,MUN(H),MCI(H),WHU(A),LIV(H),CRY(A),NEW(H),0.0,0.0,0.9334535843879661,0.8968523458188399,1.0247656572203843,0.9210901427022543,1.0111928019049574,0.9586805445269106,Brentford,38
Nathan,Fraser,Fraser,Forward,WOL,8.700827523041267,10.898079692656284,,,,4.2,1.7,0.0,0.0,0,0,0.0,0.0,0.0,0.0,0.0,,0.0,0.0,0.0,0.0,0.0,0,0,0,0,0,0.0,0.0,0.0,0.0,0.0,0.0,1.0563774407872755,1.825719802148976,2.0573622413166133,1.9536786814511604,1.8076893573372417,2.197252169615016,TOT(A),BHA(H),SUN(A),BUR(H),FUL(A),CHE(A),0.0,0.0,1.0111928019049574,0.9780471761839342,1.052460363008469,1.1325472438885735,1.0385206957960817,0.9523055174497719,Wolves,38
Harvey,Elliott,Elliott,Midfielder,AVL,8.422748091910606,10.862781378601973,100.0,100.0,,5.1,0.2,0.0,1.0,5,0,1.0,0.0,0.24,0.07,0.31,,11.8,31.7,31.0,7.4,0.0,0,0,0,2,1,0.0,0.0,0.0,0.0,0.0,0.0,1.4062631952382043,1.9754976838339362,1.6329108301642379,1.3546594578702258,2.0534169248040017,2.440033286691367,FUL(H),BUR(H),TOT(A),MCI(H),LIV(A),BOU(H),0.0,0.0,1.0111981962423193,1.1325472438885735,1.0111928019049574,0.8968523458188399,0.9149650840122292,0.9911751304069054,Aston Villa,38
Harrison,Jones,H.Jones,Midfielder,SUN,8.764306029627166,10.855390363976746,,,,4.3,0.1,0.0,0.0,0,0,0.0,0.0,0.0,0.0,0.0,,0.0,0.0,0.0,0.0,0.0,0,0,0,0,0,0.0,0.0,0.0,0.0,0.0,0.0,1.0310351698661715,2.1025640507010115,1.477585756083642,1.4796778699029502,2.6734431830733905,2.091084334349579,NFO(A),MUN(A),WOL(H),CHE(A),EVE(H),ARS(H),0.0,0.0,1.0111928019049574,0.9210852290552671,1.110121305916802,0.9523055174497719,1.0524659774929148,0.9210901427022543,Sunderland,38
Mamadou,Sarr,M.Sarr,Defender,CHE,8.362700861416501,10.753598857492566,100.0,100.0,,4.5,0.0,0.0,0.7,3,0,1.0,0.0,0.32,0.0,0.32,,6.4,0.1,7.0,1.3,0.0,0,0,0,3,1,0.0,0.0,0.0,0.0,0.0,0.0,1.298887004750021,1.5582320335193074,1.7908936427176354,1.8505035721201628,1.8641846083093754,2.390897996076066,BHA(H),LIV(H),NFO(A),SUN(H),TOT(A),WOL(H),0.0,0.0,0.9780471761839342,0.9210901427022543,1.0111928019049574,1.0737272005708411,1.0111928019049574,1.110121305916802,Chelsea,38
Josh,Nichols,Nichols,Defender,ARS,8.260391591915763,10.696471188560452,,,,3.7,0.2,0.0,0.0,0,0,0.0,0.0,0.0,0.0,0.0,,0.0,0.0,0.0,0.0,0.0,0,0,0,0,0,0.0,0.0,0.0,0.0,0.0,0.0,1.0564679114702962,1.8332992527828842,1.6000173711744696,1.8346393893156383,1.9359676671724735,2.4360795966446878,NEW(A),WHU(H),FUL(A),CRY(H),BUR(A),SUN(A),0.0,0.0,1.0385206957960817,1.0316257548390524,1.0385206957960817,1.0385262359175895,1.0881336264811785,1.052460363008469,Arsenal,38
Christantus,Uche,Uche,Forward,CRY,8.903483567036027,10.689563261108338,,,,5.5,0.1,0.0,3.1,17,0,1.2,0.0,0.28,0.01,0.29,,13.2,7.1,73.0,8.8,0.0,0,1,0,4,0,0.0,0.0,0.0,0.0,0.0,0.0,0.9852349329374854,2.3573178419396563,1.6488739519012845,1.6135318024145564,2.298525037843044,1.7860796940723112,LIV(H),EVE(A),BOU(H),ARS(A),BRE(H),BHA(H),0.0,0.0,0.9210901427022543,1.0179566082209277,0.9911751304069054,0.9334486047869694,0.9780471761839342,0.9780471761839342,Crystal Palace,38
Armando,Broja,Broja,Forward,BUR,9.373080831340921,10.667502123213493,100.0,100.0,,5.2,0.1,0.0,8.3,43,0,1.8,0.0,0.23,0.02,0.25,,102.0,78.9,207.0,38.5,0.0,1,1,1,27,8,0.0,0.0,0.0,0.0,0.0,0.0,1.3866289792821986,1.8551459767032992,1.8432491711870227,2.2184909986699495,2.069565705498451,1.2944212918725724,MCI(A),AVL(A),LEE(H),WOL(A),ARS(H),WHU(A),0.0,0.0,0.8968475614707909,0.9977997168619978,0.9978050397522342,1.1175408772327884,0.9210901427022543,1.0247656572203843,Burnley,38
Owen,Bevan,Bevan,Defender,BOU,8.297265664727215,10.659121374703178,,,,3.8,0.2,0.0,0.0,0,0,0.0,0.0,0.0,0.0,0.0,,0.0,0.0,0.0,0.0,0.0,0,0,0,0,0,0.0,0.0,0.0,0.0,0.0,0.0,1.0722980813712426,1.9853388458979706,1.6858898554602142,1.8519092463732214,1.7018296356245657,2.3618557099759627,LEE(A),FUL(H),CRY(A),NFO(H),MCI(A),AVL(A),0.0,0.0,1.045467296709635,1.0111981962423193,1.0111928019049574,1.045472873888674,0.8968475614707909,0.9977997168619978,Bournemouth,38
Asher,Agbinone,Agbinone,Midfielder,CRY,8.463399942385454,10.657836285108626,,,,4.3,0.1,0.0,0.0,0,0,0.0,0.0,0.0,0.0,0.0,,0.0,0.0,0.0,0.0,0.0,0,0,0,0,0,0.0,0.0,0.0,0.0,0.0,0.0,0.9680870691626294,2.3363207361790734,1.3149066360458301,1.4681372327885795,2.3759482682093425,2.1944363427231717,LIV(H),EVE(A),BOU(H),ARS(A),BRE(H),BHA(H),0.0,0.0,0.9210901427022543,1.0179566082209277,0.9911751304069054,0.9334486047869694,0.9780471761839342,0.9780471761839342,Crystal Palace,38
TJ,Carroll,Carroll,Defender,AVL,8.416755732225452,10.639462702712063,,,,4.0,0.0,0.0,0.0,0,0,0.0,0.0,0.0,0.0,0.0,,0.0,0.0,0.0,0.0,0.0,0,0,0,0,0,0.0,0.0,0.0,0.0,0.0,0.0,1.0255174296542862,1.990595787715861,1.6784801438340096,1.47965479862945,2.2425075723918453,2.2227069704866116,FUL(H),BUR(H),TOT(A),MCI(H),LIV(A),BOU(H),0.0,0.0,1.0111981962423193,1.1325472438885735,1.0111928019049574,0.8968523458188399,0.9149650840122292,0.9911751304069054,Aston Villa,38
Leon,Routh,Leon Routh,Defender,AVL,8.416755732225452,10.639462702712063,,,,4.0,0.0,0.0,0.0,0,0,0.0,0.0,0.0,0.0,0.0,,0.0,0.0,0.0,0.0,0.0,0,0,0,0,0,0.0,0.0,0.0,0.0,0.0,0.0,1.0255174296542862,1.990595787715861,1.6784801438340096,1.47965479862945,2.2425075723918453,2.2227069704866116,FUL(H),BUR(H),TOT(A),MCI(H),LIV(A),BOU(H),0.0,0.0,1.0111981962423193,1.1325472438885735,1.0111928019049574,0.8968523458188399,0.9149650840122292,0.9911751304069054,Aston Villa,38
Seth,Ridgeon,Ridgeon,Midfielder,FUL,8.220376662362524,10.617726458323997,,,,4.5,0.0,0.0,0.0,0,0,0.0,0.0,0.0,0.0,0.0,,0.0,0.0,0.0,0.0,0.0,0,0,0,0,0,0.0,0.0,0.0,0.0,0.0,0.0,1.0585375261207768,2.413291744537586,1.1435839222363011,1.7091664847938526,1.8957969846740073,2.3973497959614725,AVL(A),BOU(A),ARS(H),NEW(A),WOL(H),EVE(A),0.0,0.0,0.9977997168619978,0.9586754303501859,0.9210901427022543,1.0385206957960817,1.110121305916802,1.0179566082209277,Fulham,38
Max,Alleyne,Alleyne,Defender,MCI,8.32424524564843,10.575610146415404,100.0,100.0,,3.9,0.0,0.0,1.3,5,0,2.5,0.0,0.17,0.04,0.21,,34.0,14.8,26.0,7.5,0.0,0,0,0,1,2,0.0,0.0,0.0,0.0,0.0,0.0,1.4577943017814061,1.9671895554604308,1.424474092362278,1.6211298930952116,1.853657402949105,2.251364900766973,BUR(H),BRE(A),EVE(H),AVL(A),BOU(H),LIV(H),0.0,0.0,1.1325472438885735,1.0179566082209277,1.0524659774929148,0.9977997168619978,0.9911751304069054,0.9210901427022543,Man City,38
Harrison,Reed,Reed,Midfielder,FUL,8.220890769102636,10.501937761559722,100.0,100.0,,4.3,0.3,0.0,3.5,15,0,2.1,0.0,0.13,0.46,0.59,,42.0,44.4,11.0,9.7,0.0,1,0,0,4,1,0.0,0.0,0.0,0.0,0.0,0.0,1.3883003269558019,1.5642417440394714,1.250071094686455,1.8019987009635998,2.2162789024573075,2.2810469924570858,AVL(A),BOU(A),ARS(H),NEW(A),WOL(H),EVE(A),0.0,0.0,0.9977997168619978,0.9586754303501859,0.9210901427022543,1.0385206957960817,1.110121305916802,1.0179566082209277,Fulham,38
Diego,León Blanco,D.Leon,Defender,MUN,8.113142239632595,10.48735046690912,,,,4.1,0.1,0.0,0.0,0,0,0.0,0.0,0.0,0.0,0.0,,0.0,0.0,0.0,0.0,0.0,0,0,0,0,0,0.0,0.0,0.0,0.0,0.0,0.0,1.043098751301655,2.0118530477029672,1.499027578336336,1.7327917204044658,1.8263711418871698,2.3742082272765255,BRE(A),SUN(H),LIV(A),BHA(H),NFO(A),TOT(A),0.0,0.0,1.0179566082209277,1.0737272005708411,0.9149650840122292,0.9780471761839342,1.0111928019049574,1.0111928019049574,Man Utd,38
Saheed,Olagunju,Olagunju,Defender,WOL,8.330027435632465,10.48606151518758,,,,4.0,0.0,0.0,0.0,0,0,0.0,0.0,0.0,0.0,0.0,,0.0,0.0,0.0,0.0,0.0,0,0,0,0,0,0.0,0.0,0.0,0.0,0.0,0.0,1.047771904614495,1.853267919823568,1.572552595099276,1.9914861821166236,1.8649488339785023,2.1560340795551154,TOT(A),BHA(H),SUN(A),BUR(H),FUL(A),CHE(A),0.0,0.0,1.0111928019049574,0.9780471761839342,1.052460363008469,1.1325472438885735,1.0385206957960817,0.9523055174497719,Wolves,38
Chido,Obi,Obi,Forward,MUN,8.409342952436758,10.480344812759705,,,,4.2,1.4,0.0,0.0,0,0,0.0,0.0,0.0,0.0,0.0,,0.0,0.0,0.0,0.0,0.0,0,0,0,0,0,0.0,0.0,0.0,0.0,0.0,0.0,1.0480420250725324,2.0058736497762504,1.8981317617557998,1.6676080341176773,1.7896874817144977,2.0710018603229483,BRE(A),SUN(H),LIV(A),BHA(H),NFO(A),TOT(A),0.0,0.0,1.0179566082209277,1.0737272005708411,0.9149650840122292,0.9780471761839342,1.0111928019049574,1.0111928019049574,Man Utd,38
Travis,Patterson,Patterson,Defender,AVL,8.257066055466227,10.458448486061487,,,,3.9,0.2,0.0,0.0,0,0,0.0,0.0,0.0,0.0,0.0,,0.0,0.0,0.0,0.0,0.0,0,0,0,0,0,0.0,0.0,0.0,0.0,0.0,0.0,1.0220414623001484,1.9542084091117224,1.654663541329314,1.468740960333222,2.1574116823918206,2.2013824305952596,FUL(H),BUR(H),TOT(A),MCI(H),LIV(A),BOU(H),0.0,0.0,1.0111981962423193,1.1325472438885735,1.0111928019049574,0.8968523458188399,0.9149650840122292,0.9911751304069054,Aston Villa,38
Wesley,Fofana,Fofana,Defender,CHE,7.818692518017116,10.44538466016969,100.0,0.0,Suspended until 05 Sep,4.4,0.4,0.0,14.8,65,-2,2.6,0.0,0.04,0.03,0.07,,463.6,65.6,74.0,60.4,61.0,0,2,4,25,20,7.0,10.327868852459016,0.0,7.0,3.0,0.0,1.0127030606382055,1.4979942847783694,1.6017696128754257,1.672842235645849,2.033383324079266,2.6266921421525744,BHA(H),LIV(H),NFO(A),SUN(H),TOT(A),WOL(H),7.0,10.327868852459016,0.9780471761839342,0.9210901427022543,1.0111928019049574,1.0737272005708411,1.0111928019049574,1.110121305916802,Chelsea,38
Leon,Chiwome,Chiwome,Forward,WOL,8.182433667472043,10.36864675938248,100.0,100.0,,4.4,0.0,0.0,0.0,0,0,0.0,0.0,0.0,0.0,0.0,,0.0,0.0,0.0,0.0,0.0,0,0,0,0,0,0.0,0.0,0.0,0.0,0.0,0.0,1.3168595589764143,1.6872276727294653,1.605869155425776,1.900910977305801,1.671566303034588,2.1862130919104374,TOT(A),BHA(H),SUN(A),BUR(H),FUL(A),CHE(A),0.0,0.0,1.0111928019049574,0.9780471761839342,1.052460363008469,1.1325472438885735,1.0385206957960817,0.9523055174497719,Wolves,38
Miodrag,Pivaš,Pivas,Defender,NEW,7.958499783410696,10.333080245102737,,,,3.8,0.4,0.0,0.0,0,0,0.0,0.0,0.0,0.0,0.0,,0.0,0.0,0.0,0.0,0.0,0,0,0,0,0,0.0,0.0,0.0,0.0,0.0,0.0,0.9401117808846359,1.740967623078831,1.586267830977362,1.8707215891459623,1.8204309593239059,2.374580461692041,ARS(H),NFO(H),BHA(A),FUL(H),WHU(A),BRE(A),0.0,0.0,0.9210901427022543,1.045472873888674,0.9780419586939864,1.0111981962423193,1.0247656572203843,1.0179566082209277,Newcastle,38
Godwill,Kukonki,Kukonki,Defender,MUN,7.987352669146165,10.324888613709568,,,,4.0,0.0,0.0,0.0,0,0,0.0,0.0,0.0,0.0,0.0,,0.0,0.0,0.0,0.0,0.0,0,0,0,0,0,0.0,0.0,0.0,0.0,0.0,0.0,1.041740502158215,1.9381106075349201,1.4558720035577408,1.7443345823189378,1.8072949735763515,2.3375359445634025,BRE(A),SUN(H),LIV(A),BHA(H),NFO(A),TOT(A),0.0,0.0,1.0179566082209277,1.0737272005708411,0.9149650840122292,0.9780471761839342,1.0111928019049574,1.0111928019049574,Man Utd,38
Leo,Shahar,Shahar,Defender,NEW,7.978527084178872,10.315886763045825,,,,4.0,0.0,0.0,0.0,0,0,0.0,0.0,0.0,0.0,0.0,,0.0,0.0,0.0,0.0,0.0,0,0,0,0,0,0.0,0.0,0.0,0.0,0.0,0.0,0.9421483435728265,1.8629948681563668,1.5768577240956687,1.803459000992291,1.7930671473617183,2.3373596788669526,ARS(H),NFO(H),BHA(A),FUL(H),WHU(A),BRE(A),0.0,0.0,0.9210901427022543,1.045472873888674,0.9780419586939864,1.0111981962423193,1.0247656572203843,1.0179566082209277,Newcastle,38
Romelle,Donovan,Donovan,Midfielder,BRE,8.483017338984038,10.307598163414742,,,,4.4,0.1,0.0,0.9,4,0,1.0,0.0,0.21,0.02,0.23,,8.4,11.5,21.0,4.2,0.0,0,0,0,0,0,0.0,0.0,0.0,0.0,0.0,0.0,0.8911221487892526,1.8376603061147792,1.6878831721603698,1.5498324762213007,2.5165192356983344,1.8245808244307038,MUN(H),MCI(H),WHU(A),LIV(H),CRY(A),NEW(H),0.0,0.0,0.9334535843879661,0.8968523458188399,1.0247656572203843,0.9210901427022543,1.0111928019049574,0.9586805445269106,Brentford,38
Jenson,Jones,Jenson Jones,Defender,SUN,8.301812790050455,10.277033285368583,,,,4.0,0.0,0.0,0.0,0,0,0.0,0.0,0.0,0.0,0.0,,0.0,0.0,0.0,0.0,0.0,0,0,0,0,0,0.0,0.0,0.0,0.0,0.0,0.0,0.990737233514615,1.7355662557446008,1.4766060843033262,1.465930486869527,2.6329727296183867,1.9752204953181283,NFO(A),MUN(A),WOL(H),CHE(A),EVE(H),ARS(H),0.0,0.0,1.0111928019049574,0.9210852290552671,1.110121305916802,0.9523055174497719,1.0524659774929148,0.9210901427022543,Sunderland,38
Braiden,Graham,Graham,Forward,EVE,7.982953441279849,10.233458085165486,,,,4.5,0.0,0.0,0.0,0,0,0.0,0.0,0.0,0.0,0.0,,0.0,0.0,0.0,0.0,0.0,0,0,0,0,0,0.0,0.0,0.0,0.0,0.0,0.0,1.0627051629902036,1.92873015487745,1.6584157235186605,1.6638845678830176,1.6692178320105182,2.250504643885637,WHU(H),CRY(H),MCI(A),TOT(H),SUN(A),FUL(H),0.0,0.0,1.0316257548390524,1.0385262359175895,0.8968475614707909,1.0247711239638793,1.052460363008469,1.0111981962423193,Everton,38
Jadon,Sancho,Sancho,Midfielder,AVL,8.611160793524533,10.16888765041773,100.0,100.0,,5.8,0.2,0.0,6.4,37,0,1.6,0.0,0.06,0.2,0.26,,130.2,290.6,193.0,61.6,0.0,0,2,2,10,9,0.0,0.0,0.0,0.0,0.0,0.0,1.4803328527441535,1.8067925364093247,2.0180798829234,1.395045016635331,1.9109105048123256,1.557726856893198,FUL(H),BUR(H),TOT(A),MCI(H),LIV(A),BOU(H),0.0,0.0,1.0111981962423193,1.1325472438885735,1.0111928019049574,0.8968523458188399,0.9149650840122292,0.9911751304069054,Aston Villa,38
Reece,Welch,Welch,Defender,EVE,7.832985898957498,10.14745247311881,,,,3.8,0.1,0.0,0.0,0,0,0.0,0.0,0.0,0.0,0.0,,0.0,0.0,0.0,0.0,0.0,0,0,0,0,0,0.0,0.0,0.0,0.0,0.0,0.0,1.0482584325772595,1.6865722777193857,1.370488228821774,1.8998257406354753,1.8278412192036035,2.314466574161312,WHU(H),CRY(H),MCI(A),TOT(H),SUN(A),FUL(H),0.0,0.0,1.0316257548390524,1.0385262359175895,0.8968475614707909,1.0247711239638793,1.052460363008469,1.0111981962423193,Everton,38
Ollie,Shield,Shield,Defender,BRE,7.966286979973741,10.07523058670862,,,,4.0,0.0,0.0,0.0,0,0,0.0,0.0,0.0,0.0,0.0,,0.0,0.0,0.0,0.0,0.0,0,0,0,0,0,0.0,0.0,0.0,0.0,0.0,0.0,0.9385526640833495,1.483211588948275,1.652809877519158,1.5155633739636867,2.376149475459271,2.108943606734881,MUN(H),MCI(H),WHU(A),LIV(H),CRY(A),NEW(H),0.0,0.0,0.9334535843879661,0.8968523458188399,1.0247656572203843,0.9210901427022543,1.0111928019049574,0.9586805445269106,Brentford,38
Joshua,Stephenson,Stephenson,Defender,BRE,7.966286979973741,10.07523058670862,,,,4.0,0.0,0.0,0.0,0,0,0.0,0.0,0.0,0.0,0.0,,0.0,0.0,0.0,0.0,0.0,0,0,0,0,0,0.0,0.0,0.0,0.0,0.0,0.0,0.9385526640833495,1.483211588948275,1.652809877519158,1.5155633739636867,2.376149475459271,2.108943606734881,MUN(H),MCI(H),WHU(A),LIV(H),CRY(A),NEW(H),0.0,0.0,0.9334535843879661,0.8968523458188399,1.0247656572203843,0.9210901427022543,1.0111928019049574,0.9586805445269106,Brentford,38
Conor,McManus,McManus,Defender,BRE,7.966286979973741,10.07523058670862,,,,4.0,0.0,0.0,0.0,0,0,0.0,0.0,0.0,0.0,0.0,,0.0,0.0,0.0,0.0,0.0,0,0,0,0,0,0.0,0.0,0.0,0.0,0.0,0.0,0.9385526640833495,1.483211588948275,1.652809877519158,1.5155633739636867,2.376149475459271,2.108943606734881,MUN(H),MCI(H),WHU(A),LIV(H),CRY(A),NEW(H),0.0,0.0,0.9334535843879661,0.8968523458188399,1.0247656572203843,0.9210901427022543,1.0111928019049574,0.9586805445269106,Brentford,38
Dwight,McNeil,McNeil,Midfielder,EVE,8.762290343343372,10.02720596497348,,,,5.5,0.1,0.0,9.6,53,0,2.4,0.0,0.11,0.15,0.26,,140.6,242.4,138.0,52.2,0.0,0,3,6,9,14,0.0,0.0,0.0,0.0,0.0,0.0,1.2517192799381303,1.7222522117834125,1.3836135630610564,2.4298929032035987,1.9748123853571744,1.264915621630108,WHU(H),CRY(H),MCI(A),TOT(H),SUN(A),FUL(H),0.0,0.0,1.0316257548390524,1.0385262359175895,0.8968475614707909,1.0247711239638793,1.052460363008469,1.0111981962423193,Everton,38
Donyell,Malen,Malen,Midfielder,AVL,7.661675751905199,10.020499512356123,0.0,0.0,has joined Roma on loan for the rest of the season.,5.1,0.4,0.0,10.8,55,0,2.6,0.0,0.57,0.05,0.62,,183.4,99.7,290.0,56.3,0.0,4,2,1,10,5,0.0,0.0,0.0,0.0,0.0,0.0,0.36014710856562004,1.2975261785153247,1.976243081169385,2.1325553219991913,1.8952040616556782,2.358823760450924,FUL(H),BUR(H),TOT(A),MCI(H),LIV(A),BOU(H),0.0,0.0,1.0111981962423193,1.1325472438885735,1.0111928019049574,0.8968523458188399,0.9149650840122292,0.9911751304069054,Aston Villa,38
Eliezer,Mayenda Dossou,Mayenda,Forward,SUN,8.563027240287568,9.961196857778749,,,,5.1,0.5,0.0,7.8,40,0,2.0,0.0,0.26,0.03,0.29,,117.6,53.8,188.0,35.5,0.0,2,0,3,9,8,0.0,0.0,0.0,0.0,0.0,0.0,1.1325377878950842,1.5459080758644104,1.9472039672287333,1.3793006256886136,2.5580767836107268,1.398169617491182,NFO(A),MUN(A),WOL(H),CHE(A),EVE(H),ARS(H),0.0,0.0,1.0111928019049574,0.9210852290552671,1.110121305916802,0.9523055174497719,1.0524659774929148,0.9210901427022543,Sunderland,38
Kieran,Morrison,Morrison,Midfielder,LIV,7.824802908582374,9.925746547075239,,,,4.5,0.0,0.0,0.0,0,0,0.0,0.0,0.0,0.0,0.0,,0.0,0.0,0.0,0.0,0.0,0,0,0,0,0,0.0,0.0,0.0,0.0,0.0,0.0,1.0727458716122804,2.2932691495618025,1.1477834889360394,1.663732531255958,1.6472718672162932,2.100943638492864,CRY(A),CHE(A),MUN(H),BRE(A),AVL(H),MCI(A),0.0,0.0,1.0111928019049574,0.9523055174497719,0.9334535843879661,1.0179566082209277,0.971548547839499,0.8968475614707909,Liverpool,38
Adam,Aznou,Aznou,Defender,EVE,7.427899511933619,9.905611166386022,100.0,100.0,,4.2,0.1,0.0,0.0,0,0,0.0,0.0,0.0,0.0,0.0,,0.0,0.0,0.0,0.0,0.0,0,0,0,0,0,0.0,0.0,0.0,0.0,0.0,0.0,1.3343923072675135,1.555330502915642,1.1602235694335652,1.5183726427695363,1.859580489547362,2.477711654452403,WHU(H),CRY(H),MCI(A),TOT(H),SUN(A),FUL(H),0.0,0.0,1.0316257548390524,1.0385262359175895,0.8968475614707909,1.0247711239638793,1.052460363008469,1.0111981962423193,Everton,38
Kaye,Furo,Furo,Forward,BRE,7.726851451498398,9.86091065634632,100.0,100.0,,4.5,0.0,0.0,0.2,1,0,1.0,0.0,0.0,0.0,0.0,,0.0,0.0,0.0,0.0,0.0,0,0,0,0,0,0.0,0.0,0.0,0.0,0.0,0.0,1.196399646043439,1.2057479098586128,1.7573241898375331,1.3719431936449464,2.1954365121138673,2.134059204847922,MUN(H),MCI(H),WHU(A),LIV(H),CRY(A),NEW(H),0.0,0.0,0.9334535843879661,0.8968523458188399,1.0247656572203843,0.9210901427022543,1.0111928019049574,0.9586805445269106,Brentford,38
Nathan,Patterson,Patterson,Defender,EVE,7.7178819419194005,9.828110525020922,100.0,100.0,,4.4,0.0,0.0,5.0,22,0,3.1,0.0,0.01,0.02,0.03,,65.6,6.4,17.0,8.8,0.0,0,0,2,2,3,0.0,0.0,0.0,0.0,0.0,0.0,1.138895456240413,1.6788543403157554,1.519903875916583,1.4517066911741066,1.9285215782725418,2.110228583101522,WHU(H),CRY(H),MCI(A),TOT(H),SUN(A),FUL(H),0.0,0.0,1.0316257548390524,1.0385262359175895,0.8968475614707909,1.0247711239638793,1.052460363008469,1.0111981962423193,Everton,38
Matai,Akinmboni,Akinmboni,Defender,BOU,7.347982520929371,9.807574313120604,100.0,100.0,,3.8,0.2,0.0,0.0,0,0,0.0,0.0,0.0,0.0,0.0,,0.0,0.0,0.0,0.0,0.0,0,0,0,0,0,0.0,0.0,0.0,0.0,0.0,0.0,1.3474327602738534,1.5644435611681191,1.2893615683231723,1.5491790775738292,1.5975655535903959,2.4595917921912323,LEE(A),FUL(H),CRY(A),NFO(H),MCI(A),AVL(A),0.0,0.0,1.045467296709635,1.0111981962423193,1.0111928019049574,1.045472873888674,0.8968475614707909,0.9977997168619978,Bournemouth,38
Jun'ai,Byfield,Byfield,Defender,TOT,7.740201519721726,9.799380821837186,,,,4.0,0.0,0.0,0.2,1,0,1.0,0.0,0.0,0.0,0.0,,0.4,0.5,0.0,0.1,0.0,0,0,0,0,0,0.0,0.0,0.0,0.0,0.0,0.0,1.1571784775540728,2.110612160016946,1.1833193191203408,1.6678489326752832,1.621242630355083,2.059179302115461,WOL(H),LEE(A),AVL(H),EVE(A),CHE(H),MUN(H),0.0,0.0,1.110121305916802,1.045467296709635,0.971548547839499,1.0179566082209277,0.9650930995904489,0.9334535843879661,Spurs,38
Stefan,Ortega Moreno,Ortega Moreno,Goalkeeper,NFO,7.563265364753351,9.780353795431783,100.0,100.0,,4.7,0.2,0.0,2.3,11,0,3.7,0.0,0.0,0.0,0.0,,68.6,0.0,0.0,6.9,0.0,0,0,1,4,3,0.0,0.0,0.0,0.0,0.0,0.0,1.2624429773951902,1.8562281597362675,1.2729147019195695,1.5244881238224983,1.6471914018798257,2.2170884306784306,SUN(H),NEW(A),CHE(H),BOU(A),MUN(H),LEE(H),0.0,0.0,1.0737272005708411,1.0385206957960817,0.9650930995904489,0.9586754303501859,0.9334535843879661,0.9978050397522342,Nott'm Forest,38
Anton,Stach,Stach,Midfielder,LEE,7.487479056180012,9.765815951879063,0.0,0.0,Ankle injury - Expected back 01 Jun,4.8,1.7,0.0,28.5,137,0,4.7,0.0,0.11,0.17,0.28,,650.0,921.4,315.0,188.8,0.0,5,6,7,36,28,0.0,0.0,0.0,0.0,0.0,0.0,0.31990494120941754,0.7450120343738406,1.849669323080307,2.2671663517099763,2.305726405806471,2.2783368956990513,BOU(H),TOT(H),BUR(A),WHU(H),BHA(A),NFO(A),0.0,0.0,0.9911751304069054,1.0247711239638793,1.0881336264811785,1.0316257548390524,0.9780419586939864,1.0111928019049574,Leeds,38
Chris,Rigg,Rigg,Midfielder,SUN,8.259925783037875,9.664229816339452,,,,4.7,0.1,0.0,7.7,36,1,2.0,0.0,0.1,0.11,0.21,,114.6,142.8,103.0,36.0,1.0,1,1,3,11,11,0.0,0.0,0.0,0.0,0.0,0.0,1.2259733057537956,1.5766205679856327,1.8322632220942163,1.4843609059707976,2.1407077812334325,1.404304033301576,NFO(A),MUN(A),WOL(H),CHE(A),EVE(H),ARS(H),0.0,0.0,1.0111928019049574,0.9210852290552671,1.110121305916802,0.9523055174497719,1.0524659774929148,0.9210901427022543,Sunderland,38
Son,Heung-min,Son,Midfielder,TOT,6.381810384549724,9.627712764249278,0.0,0.0,has joined Los Angeles FC permanently.,8.5,0.1,0.0,0.0,0,0,0.0,0.0,0.0,0.0,0.0,,0.0,0.0,0.0,0.0,0.0,0,0,0,0,0,0.0,0.0,0.0,0.0,0.0,0.0,0.5104434405680598,0.8690482939979026,1.1161879598222808,2.0806597184847733,1.8054709716767074,3.2459023796995536,WOL(H),LEE(A),AVL(H),EVE(A),CHE(H),MUN(H),0.0,0.0,1.110121305916802,1.045467296709635,0.971548547839499,1.0179566082209277,0.9650930995904489,0.9334535843879661,Spurs,38
Freddie,Woodman,Woodman,Goalkeeper,LIV,7.984033487168464,9.600433874473456,,,,3.9,0.3,0.0,1.5,6,0,2.0,0.0,0.0,0.0,0.0,,83.8,0.0,0.0,8.4,0.0,0,0,0,4,2,0.0,0.0,0.0,0.0,0.0,0.0,1.1132958503416783,2.2434911805157522,1.1788351559531365,1.5132832067437416,1.9351280936141557,1.616400387304993,CRY(A),CHE(A),MUN(H),BRE(A),AVL(H),MCI(A),0.0,0.0,1.0111928019049574,0.9523055174497719,0.9334535843879661,1.0179566082209277,0.971548547839499,0.8968475614707909,Liverpool,38
Julio,Enciso Espínola,Enciso,Midfielder,BHA,6.382290227155535,9.579456638556646,0.0,0.0,has joined Strasbourg permanently.,5.4,0.0,0.0,0.0,0,0,0.0,0.0,0.0,0.0,0.0,,0.0,0.0,0.0,0.0,0.0,0,0,0,0,0,0.0,0.0,0.0,0.0,0.0,0.0,0.4258566832250177,0.6818574986587939,1.038520102935975,1.375651977852748,2.8604039644829995,3.197166411401111,CHE(A),WOL(A),NEW(H),MUN(A),LEE(H),CRY(A),0.0,0.0,0.9523055174497719,1.1175408772327884,0.9586805445269106,0.9210852290552671,0.9978050397522342,1.0111928019049574,Brighton,38
Abdallah,Sima,Sima,Midfielder,BHA,6.382290227155535,9.579456638556646,0.0,0.0,has joined Lens permanently.,5.4,0.0,0.0,0.0,0,0,0.0,0.0,0.0,0.0,0.0,,0.0,0.0,0.0,0.0,0.0,0,0,0,0,0,0.0,0.0,0.0,0.0,0.0,0.0,0.4258566832250177,0.6818574986587939,1.038520102935975,1.375651977852748,2.8604039644829995,3.197166411401111,CHE(A),WOL(A),NEW(H),MUN(A),LEE(H),CRY(A),0.0,0.0,0.9523055174497719,1.1175408772327884,0.9586805445269106,0.9210852290552671,0.9978050397522342,1.0111928019049574,Brighton,38
Callum,Hudson-Odoi,Hudson-Odoi,Midfielder,NFO,7.374423786538511,9.576423066731923,0.0,0.0,Muscle injury - Expected back 01 Jun,5.7,0.6,0.0,15.4,88,0,2.9,0.0,0.14,0.15,0.29,,366.6,611.7,330.0,130.6,0.0,3,4,6,26,21,0.0,0.0,0.0,0.0,0.0,0.0,0.4363665929119296,1.5147263763716718,1.5349845754608713,1.4266177173609047,2.461728524433134,2.201999280193412,SUN(H),NEW(A),CHE(H),BOU(A),MUN(H),LEE(H),0.0,0.0,1.0737272005708411,1.0385206957960817,0.9650930995904489,0.9586754303501859,0.9334535843879661,0.9978050397522342,Nott'm Forest,38
Airidas,Golambeckis,Golambeckis,Defender,WHU,7.136435194362875,9.572816313114288,,,,4.0,0.0,0.0,0.0,0,0,0.0,0.0,0.0,0.0,0.0,,0.0,0.0,0.0,0.0,0.0,0,0,0,0,0,0.0,0.0,0.0,0.0,0.0,0.0,1.0514202106155424,1.67319640782584,1.1646886799225,1.6997271623361503,1.5474027336628429,2.436381118751412,EVE(A),ARS(A),BRE(H),LEE(A),NEW(H),BUR(H),0.0,0.0,1.0179566082209277,0.9334486047869694,0.9780471761839342,1.045467296709635,0.9586805445269106,1.1325472438885735,West Ham,38
George,King,King,Defender,CRY,7.543097445757842,9.565711593932635,,,,4.0,0.0,0.0,0.0,0,0,0.0,0.0,0.0,0.0,0.0,,0.0,0.0,0.0,0.0,0.0,0,0,0,0,0,0.0,0.0,0.0,0.0,0.0,0.0,0.9229599809988118,1.7481902427634792,1.2330658437424438,1.4580400526723563,2.18084132558075,2.0226141481747932,LIV(H),EVE(A),BOU(H),ARS(A),BRE(H),BHA(H),0.0,0.0,0.9210901427022543,1.0179566082209277,0.9911751304069054,0.9334486047869694,0.9780471761839342,0.9780471761839342,Crystal Palace,38
Dean,Benamar,Benamar,Defender,CRY,7.543097445757842,9.565711593932635,,,,4.0,0.0,0.0,0.0,0,0,0.0,0.0,0.0,0.0,0.0,,0.0,0.0,0.0,0.0,0.0,0,0,0,0,0,0.0,0.0,0.0,0.0,0.0,0.0,0.9229599809988118,1.7481902427634792,1.2330658437424438,1.4580400526723563,2.18084132558075,2.0226141481747932,LIV(H),EVE(A),BOU(H),ARS(A),BRE(H),BHA(H),0.0,0.0,0.9210901427022543,1.0179566082209277,0.9911751304069054,0.9334486047869694,0.9780471761839342,0.9780471761839342,Crystal Palace,38
Ethan,Nwaneri,Nwaneri,Midfielder,ARS,6.536107922936714,9.505602235297706,0.0,0.0,has joined Marseille on loan for the rest of the season.,5.0,0.1,0.0,1.6,8,0,1.3,0.0,0.13,0.04,0.17,,8.6,22.5,24.0,5.4,0.0,0,0,1,0,0,0.0,0.0,0.0,0.0,0.0,0.0,0.42988540589361557,1.033707712938526,1.516710423416806,1.5321860388905828,2.0236183417971843,2.969494312360992,NEW(A),WHU(H),FUL(A),CRY(H),BUR(A),SUN(A),0.0,0.0,1.0385206957960817,1.0316257548390524,1.0385206957960817,1.0385262359175895,1.0881336264811785,1.052460363008469,Arsenal,38
Fábio,Ferreira Vieira,Fábio Vieira,Midfielder,ARS,6.3831643739377135,9.463046078213528,0.0,0.0,has joined Hamburger on loan for the rest of the season.,5.4,0.0,0.0,0.0,0,0,0.0,0.0,0.0,0.0,0.0,,0.0,0.0,0.0,0.0,0.0,0,0,0,0,0,0.0,0.0,0.0,0.0,0.0,0.0,0.43980396950148876,0.7920561481392385,1.509073047310906,1.6728341395188684,1.9693970694672116,3.0798817042758144,NEW(A),WHU(H),FUL(A),CRY(H),BUR(A),SUN(A),0.0,0.0,1.0385206957960817,1.0316257548390524,1.0385206957960817,1.0385262359175895,1.0881336264811785,1.052460363008469,Arsenal,38
Jack,Harrison,Harrison,Midfielder,LEE,6.606151359270769,9.453757524726349,0.0,0.0,has joined ACF Fiorentina on loan for the rest of the season.,5.1,0.0,0.0,2.4,12,0,1.1,0.0,0.1,0.08,0.18,,30.0,49.4,35.0,11.5,0.0,0,0,0,5,1,0.0,0.0,0.0,0.0,0.0,0.0,0.4456072009665798,1.0255019119946511,1.7310435067017105,1.5684910306329352,1.835507708974893,2.8476061654555798,BOU(H),TOT(H),BUR(A),WHU(H),BHA(A),NFO(A),0.0,0.0,0.9911751304069054,1.0247711239638793,1.0881336264811785,1.0316257548390524,0.9780419586939864,1.0111928019049574,Leeds,38
Samuel,Amissah,Amissah,Defender,FUL,7.258915107084937,9.44398584312746,,,,3.8,0.1,0.0,0.0,0,0,0.0,0.0,0.0,0.0,0.0,,0.0,0.0,0.0,0.0,0.0,0,0,0,0,0,0.0,0.0,0.0,0.0,0.0,0.0,1.0266427994218181,1.6845947762241933,1.0428451344020788,1.7387954466060394,1.7660369504308087,2.185070736042523,AVL(A),BOU(A),ARS(H),NEW(A),WOL(H),EVE(A),0.0,0.0,0.9977997168619978,0.9586754303501859,0.9210901427022543,1.0385206957960817,1.110121305916802,1.0179566082209277,Fulham,38
Christopher,Nkunku,Nkunku,Midfielder,CHE,6.001562050123987,9.429397379625378,0.0,0.0,has joined AC Milan permanently.,5.9,0.1,0.0,0.0,0,0,0.0,0.0,0.0,0.0,0.0,,0.0,0.0,0.0,0.0,0.0,0,0,0,0,0,0.0,0.0,0.0,0.0,0.0,0.0,0.453070762435109,0.6498130253841267,1.3198453271584425,1.7915110461824737,1.787321888963834,3.4278353295013915,BHA(H),LIV(H),NFO(A),SUN(H),TOT(A),WOL(H),0.0,0.0,0.9780471761839342,0.9210901427022543,1.0111928019049574,1.0737272005708411,1.0111928019049574,1.110121305916802,Chelsea,38
Tammy,Abraham,Abraham,Forward,AVL,7.700099921673862,9.417005596731867,,,,5.7,0.2,0.0,4.0,23,0,1.9,0.0,0.66,0.12,0.78,,87.2,49.2,136.0,27.1,0.0,2,0,0,8,2,0.0,0.0,0.0,0.0,0.0,0.0,1.0005866358203253,1.7632255029936759,1.5527059651426234,1.44007186772399,1.9435099499932487,1.7169056750580043,FUL(H),BUR(H),TOT(A),MCI(H),LIV(A),BOU(H),0.0,0.0,1.0111981962423193,1.1325472438885735,1.0111928019049574,0.8968523458188399,0.9149650840122292,0.9911751304069054,Aston Villa,38
Jacob,Bruun Larsen,Bruun Larsen,Midfielder,BUR,7.725172151169533,9.413770042642424,100.0,100.0,,5.2,0.0,0.0,7.9,41,1,1.5,0.0,0.12,0.1,0.22,,121.0,212.4,140.0,47.4,5.0,0,1,3,29,10,0.0,0.0,0.0,0.0,0.0,0.0,1.4622035607033739,1.6695839369706293,1.4227946163864647,1.217303255986731,1.9532867811223342,1.6885978914728923,MCI(A),AVL(A),LEE(H),WOL(A),ARS(H),WHU(A),0.0,0.0,0.8968475614707909,0.9977997168619978,0.9978050397522342,1.1175408772327884,0.9210901427022543,1.0247656572203843,Burnley,38
James,Rowswell,Rowswell,Defender,TOT,7.532071909099969,9.400398603318934,,,,4.0,0.0,0.0,0.2,1,0,1.0,0.0,0.0,0.0,0.0,,0.0,0.0,0.0,0.0,0.0,0,0,0,0,0,0.0,0.0,0.0,0.0,0.0,0.0,1.1323004705303348,1.8453532567280229,1.1674504615846468,1.806449277555464,1.5805184427015004,1.868326694218964,WOL(H),LEE(A),AVL(H),EVE(A),CHE(H),MUN(H),0.0,0.0,1.110121305916802,1.045467296709635,0.971548547839499,1.0179566082209277,0.9650930995904489,0.9334535843879661,Spurs,38
Malick,Yalcouyé,Yalcouye,Midfielder,BHA,6.49169067170533,9.369276627303647,0.0,0.0,Has joined Swansea City on loan for the rest of the season.,5.0,0.0,0.0,0.0,0,0,0.0,0.0,0.0,0.0,0.0,,0.0,0.0,0.0,0.0,0.0,0,0,0,0,0,0.0,0.0,0.0,0.0,0.0,0.0,0.40116433284088365,0.6840429234809658,1.0679928056977195,1.3456622736848602,2.9928283360009003,2.8775859555983168,CHE(A),WOL(A),NEW(H),MUN(A),LEE(H),CRY(A),0.0,0.0,0.9523055174497719,1.1175408772327884,0.9586805445269106,0.9210852290552671,0.9978050397522342,1.0111928019049574,Brighton,38
Samuel,Iling-Junior,Iling Jr,Midfielder,AVL,6.599240747974674,9.339399321427425,0.0,0.0,has joined Pisa on loan for the rest of the season.,5.5,0.0,0.0,0.0,0,0,0.0,0.0,0.0,0.0,0.0,,0.0,0.0,0.0,0.0,0.0,0,0,0,0,0,0.0,0.0,0.0,0.0,0.0,0.0,0.4535124272227315,0.8322679324180217,1.445823563598187,1.372505778711435,2.4951310460242984,2.7401585734527507,FUL(H),BUR(H),TOT(A),MCI(H),LIV(A),BOU(H),0.0,0.0,1.0111981962423193,1.1325472438885735,1.0111928019049574,0.8968523458188399,0.9149650840122292,0.9911751304069054,Aston Villa,38
Tom,King,King,Goalkeeper,EVE,7.250407919061237,9.328865561275105,,,,3.9,1.2,0.0,0.0,0,0,0.0,0.0,0.0,0.0,0.0,,0.0,0.0,0.0,0.0,0.0,0,0,0,0,0,0.0,0.0,0.0,0.0,0.0,0.0,1.0422156188636003,1.6884379345111176,1.506616930922017,1.350192338882804,1.6629450958816974,2.078457642213867,WHU(H),CRY(H),MCI(A),TOT(H),SUN(A),FUL(H),0.0,0.0,1.0316257548390524,1.0385262359175895,0.8968475614707909,1.0247711239638793,1.052460363008469,1.0111981962423193,Everton,38
Hákon Rafn,Valdimarsson,Valdimarsson,Goalkeeper,BRE,7.436034727490533,9.292094780911938,,,,3.8,1.0,0.0,0.3,1,0,1.0,0.0,0.0,0.0,0.0,,13.0,0.0,0.0,1.3,0.0,0,0,0,3,1,0.0,0.0,0.0,0.0,0.0,0.0,0.953251849933955,1.5371471942970873,1.8273523748353733,1.2221976845252855,1.8960856238988315,1.8560600534214062,MUN(H),MCI(H),WHU(A),LIV(H),CRY(A),NEW(H),0.0,0.0,0.9334535843879661,0.8968523458188399,1.0247656572203843,0.9210901427022543,1.0111928019049574,0.9586805445269106,Brentford,38
Simon,Moore,Moore,Goalkeeper,SUN,7.154865460052427,9.275425860440347,100.0,100.0,,3.9,0.3,0.0,0.0,0,0,0.0,0.0,0.0,0.0,0.0,,0.0,0.0,0.0,0.0,0.0,0,0,0,0,0,0.0,0.0,0.0,0.0,0.0,0.0,1.0968289852757778,1.2323436886470116,1.3441497729371323,1.3258142502271026,2.155728762965403,2.12056040038792,NFO(A),MUN(A),WOL(H),CHE(A),EVE(H),ARS(H),0.0,0.0,1.0111928019049574,0.9210852290552671,1.110121305916802,0.9523055174497719,1.0524659774929148,0.9210901427022543,Sunderland,38
Nicolas,Jackson,N.Jackson,Forward,CHE,6.340018428634292,9.255455965272851,0.0,0.0,has joined Bayern Munich on loan for the rest of the season.,6.5,0.1,0.0,0.0,0,0,0.0,0.0,0.0,0.0,0.0,,0.0,0.0,0.0,0.0,0.0,0,0,0,0,0,0.0,0.0,0.0,0.0,0.0,0.0,0.4117903443815968,0.6127401954337681,1.5648227930748886,1.8927440081974187,1.857921087546621,2.9154375366385588,BHA(H),LIV(H),NFO(A),SUN(H),TOT(A),WOL(H),0.0,0.0,0.9780471761839342,0.9210901427022543,1.0111928019049574,1.0737272005708411,1.0111928019049574,1.110121305916802,Chelsea,38
Jhon,Arias,J.Arias,Midfielder,WOL,7.362369444767614,9.237386731021017,0.0,0.0,has joined Palmeiras permanently.,4.9,0.1,0.0,9.2,45,0,2.0,0.0,0.27,0.05,0.32,,171.0,204.0,148.0,52.1,0.0,1,0,2,21,14,0.0,0.0,0.0,0.0,0.0,0.0,0.37246063551871494,0.9479741023846785,1.6217534090066963,2.3786200256858034,2.041561272171722,1.8750172862534036,TOT(A),BHA(H),SUN(A),BUR(H),FUL(A),CHE(A),0.0,0.0,1.0111928019049574,0.9780471761839342,1.052460363008469,1.1325472438885735,1.0385206957960817,0.9523055174497719,Wolves,38
James,Wilson,Wilson,Forward,TOT,7.294610488942922,9.232671391516082,,,,4.5,0.0,0.0,0.0,0,0,0.0,0.0,0.0,0.0,0.0,,0.0,0.0,0.0,0.0,0.0,0,0,0,0,0,0.0,0.0,0.0,0.0,0.0,0.0,1.151575467694378,1.8605773636428924,1.4351112955417935,1.4663462679761274,1.3810000940877303,1.9380609025731588,WOL(H),LEE(A),AVL(H),EVE(A),CHE(H),MUN(H),0.0,0.0,1.110121305916802,1.045467296709635,0.971548547839499,1.0179566082209277,0.9650930995904489,0.9334535843879661,Spurs,38
Radu,Drăgușin,Dragusin,Defender,TOT,7.6074277221562046,9.227681821589428,100.0,100.0,,4.5,0.0,0.0,3.8,17,1,1.7,0.0,0.05,0.0,0.05,,130.6,3.2,27.0,16.1,1.0,0,0,0,13,5,3.0,270.0,0.0,3.0,0.0,0.0,1.4344119493131249,1.8219773018552143,1.4234265166074564,1.427351730687911,1.500260223692498,1.6202540994332228,WOL(H),LEE(A),AVL(H),EVE(A),CHE(H),MUN(H),3.0,270.0,1.110121305916802,1.045467296709635,0.971548547839499,1.0179566082209277,0.9650930995904489,0.9334535843879661,Spurs,38
Marcus,Rashford,Rashford,Midfielder,MUN,6.064255992863462,9.2127632493089,0.0,0.0,Has joined Barcelona on loan for the rest of the season,7.0,0.0,0.0,0.0,0,0,0.0,0.0,0.0,0.0,0.0,,0.0,0.0,0.0,0.0,0.0,0,0,0,0,0,0.0,0.0,0.0,0.0,0.0,0.0,0.4492805507122245,0.7715677543424098,1.2669831851706843,1.7744534712189977,1.801971031419145,3.1485072564454386,BRE(A),SUN(H),LIV(A),BHA(H),NFO(A),TOT(A),0.0,0.0,1.0179566082209277,1.0737272005708411,0.9149650840122292,0.9780471761839342,1.0111928019049574,1.0111928019049574,Man Utd,38
Albert,Sambi Lokonga,Sambi,Midfielder,ARS,6.600855241903197,9.203658524775836,0.0,0.0,has joined Hamburger permanently.,4.5,0.0,0.0,0.0,0,0,0.0,0.0,0.0,0.0,0.0,,0.0,0.0,0.0,0.0,0.0,0,0,0,0,0,0.0,0.0,0.0,0.0,0.0,0.0,0.43589645977600894,0.8143788731699073,1.7481015341600648,1.6255106432965856,1.976967731500631,2.6028032828726384,NEW(A),WHU(H),FUL(A),CRY(H),BUR(A),SUN(A),0.0,0.0,1.0385206957960817,1.0316257548390524,1.0385206957960817,1.0385262359175895,1.0881336264811785,1.052460363008469,Arsenal,38
Ahmed,Abdullahi,Abdullahi,Forward,SUN,7.588826898711392,9.18304383742182,,,,4.2,0.4,0.0,0.0,0,0,0.0,0.0,0.0,0.0,0.0,,0.0,0.0,0.0,0.0,0.0,0,0,0,0,0,0.0,0.0,0.0,0.0,0.0,0.0,0.9864191639448457,1.576177211403625,1.8166058080069434,1.2073575176271236,2.0022671977288544,1.5942169387104288,NFO(A),MUN(A),WOL(H),CHE(A),EVE(H),ARS(H),0.0,0.0,1.0111928019049574,0.9210852290552671,1.110121305916802,0.9523055174497719,1.0524659774929148,0.9210901427022543,Sunderland,38
Patrick,Roberts,Roberts,Midfielder,SUN,6.4528197310038315,9.171441256432345,0.0,0.0,has joined Birmingham City permanently.,5.4,0.0,0.0,0.2,1,0,1.0,0.0,0.1,0.07,0.17,,1.8,7.3,5.0,1.4,0.0,0,0,0,1,0,0.0,0.0,0.0,0.0,0.0,0.0,0.4304375186885906,0.5715691043601766,1.2391735558694663,1.419808989805877,2.7918305622797215,2.7186215254285133,NFO(A),MUN(A),WOL(H),CHE(A),EVE(H),ARS(H),0.0,0.0,1.0111928019049574,0.9210852290552671,1.110121305916802,0.9523055174497719,1.0524659774929148,0.9210901427022543,Sunderland,38
Jeremy,Sarmiento Morante,Sarmiento,Midfielder,BHA,6.539302722498515,9.157382409041096,0.0,0.0,has joined Middlesbrough on loan for the rest of the season.,4.9,0.0,0.0,0.0,0,0,0.0,0.0,0.0,0.0,0.0,,0.0,0.0,0.0,0.0,0.0,0,0,0,0,0,0.0,0.0,0.0,0.0,0.0,0.0,0.39610386082503424,0.6840429234809658,1.0787075599150089,1.3491272441127071,3.0313211341647994,2.6180796865425813,CHE(A),WOL(A),NEW(H),MUN(A),LEE(H),CRY(A),0.0,0.0,0.9523055174497719,1.1175408772327884,0.9586805445269106,0.9210852290552671,0.9978050397522342,1.0111928019049574,Brighton,38
Gustavo,Nunes Fernandes Gomes,Nunes,Midfielder,BRE,6.906600766175724,9.142331678683403,0.0,0.0,has joined Swansea City on loan for the rest of the season.,4.9,0.0,0.0,0.0,0,0,0.0,0.0,0.0,0.0,0.0,,0.0,0.0,0.0,0.0,0.0,0,0,0,0,0,0.0,0.0,0.0,0.0,0.0,0.0,0.3875481663828778,0.6848677151487919,1.6319761127333265,1.364907434486009,2.8373013374247185,2.235730912507679,MUN(H),MCI(H),WHU(A),LIV(H),CRY(A),NEW(H),0.0,0.0,0.9334535843879661,0.8968523458188399,1.0247656572203843,0.9210901427022543,1.0111928019049574,0.9586805445269106,Brentford,38
Jakub,Kiwior,Kiwior,Defender,ARS,6.51716542957238,9.131475155951694,0.0,0.0,has joined Porto on loan for the rest of the season.,5.4,0.0,0.0,0.0,0,0,0.0,0.0,0.0,0.0,0.0,,0.0,0.0,0.0,0.0,0.0,0,0,0,0,0,0.0,0.0,0.0,0.0,0.0,0.0,0.44878002972088893,0.765410566999071,1.7074600543249507,1.6895135859225117,1.9060011926049576,2.6143097263793136,NEW(A),WHU(H),FUL(A),CRY(H),BUR(A),SUN(A),0.0,0.0,1.0385206957960817,1.0316257548390524,1.0385206957960817,1.0385262359175895,1.0881336264811785,1.052460363008469,Arsenal,38
Gonçalo Manuel,Ganchinho Guedes,Guedes,Midfielder,WOL,6.317561298235835,9.127292002843392,0.0,0.0,Has joined Real Sociedad permanently.,5.5,0.0,0.0,0.0,0,0,0.0,0.0,0.0,0.0,0.0,,0.0,0.0,0.0,0.0,0.0,0,0,0,0,0,0.0,0.0,0.0,0.0,0.0,0.0,0.4576124014018491,0.7501809007804513,1.4078464199349856,1.7826883236198123,1.9192332524987368,2.8097307046075573,TOT(A),BHA(H),SUN(A),BUR(H),FUL(A),CHE(A),0.0,0.0,1.0111928019049574,0.9780471761839342,1.052460363008469,1.1325472438885735,1.0385206957960817,0.9523055174497719,Wolves,38
Ashley,Barnes,Barnes,Forward,BUR,7.85426547107193,9.127200942798098,,,,4.2,1.2,0.0,1.2,5,0,0.9,0.0,0.56,0.09,0.65,,2.2,1.9,44.0,4.8,5.0,0,0,0,3,0,0.0,0.0,0.0,0.0,0.0,0.0,1.1726505902630817,1.9920178066281404,1.4749736043209174,1.8591556719230193,1.3554677979367713,1.2729354717261676,MCI(A),AVL(A),LEE(H),WOL(A),ARS(H),WHU(A),0.0,0.0,0.8968475614707909,0.9977997168619978,0.9978050397522342,1.1175408772327884,0.9210901427022543,1.0247656572203843,Burnley,38
Lewis,Dobbin,Dobbin,Midfielder,AVL,6.712494956531485,9.122063435832438,0.0,0.0,Has joined Preston North End on loan for the rest of the season.,5.0,0.0,0.0,0.0,0,0,0.0,0.0,0.0,0.0,0.0,,0.0,0.0,0.0,0.0,0.0,0,0,0,0,0,0.0,0.0,0.0,0.0,0.0,0.0,0.41982591674371467,0.8588398803692503,1.5194687840197252,1.3305615204542607,2.583798854944533,2.409568479300953,FUL(H),BUR(H),TOT(A),MCI(H),LIV(A),BOU(H),0.0,0.0,1.0111981962423193,1.1325472438885735,1.0111928019049574,0.8968523458188399,0.9149650840122292,0.9911751304069054,Aston Villa,38
Enzo,Barrenechea,Barrenechea,Midfielder,AVL,6.712494956531485,9.122063435832438,0.0,0.0,Season-long loan to Benfica,5.0,0.0,0.0,0.0,0,0,0.0,0.0,0.0,0.0,0.0,,0.0,0.0,0.0,0.0,0.0,0,0,0,0,0,0.0,0.0,0.0,0.0,0.0,0.0,0.41982591674371467,0.8588398803692503,1.5194687840197252,1.3305615204542607,2.583798854944533,2.409568479300953,FUL(H),BUR(H),TOT(A),MCI(H),LIV(A),BOU(H),0.0,0.0,1.0111981962423193,1.1325472438885735,1.0111928019049574,0.8968523458188399,0.9149650840122292,0.9911751304069054,Aston Villa,38
Frank,Onyeka,Onyeka,Midfielder,BRE,6.763976954134074,9.104735541508479,0.0,0.0,has joined Coventry City on loan for the rest of the season.,4.8,0.0,0.0,2.5,12,0,2.0,0.0,0.0,0.37,0.37,,28.4,13.6,4.0,4.6,0.0,0,2,0,2,0,0.0,0.0,0.0,0.0,0.0,0.0,0.4188731021915351,0.8868296493542668,1.6377534370250264,1.3801936960801116,2.4403270694831334,2.3407585873744043,MUN(H),MCI(H),WHU(A),LIV(H),CRY(A),NEW(H),0.0,0.0,0.9334535843879661,0.8968523458188399,1.0247656572203843,0.9210901427022543,1.0111928019049574,0.9586805445269106,Brentford,38
Sam,Proctor,Proctor,Goalkeeper,AVL,7.077131530630497,9.085002825749527,,,,3.9,0.6,0.0,0.0,0,0,0.0,0.0,0.0,0.0,0.0,,0.0,0.0,0.0,0.0,0.0,0,0,0,0,0,0.0,0.0,0.0,0.0,0.0,0.0,0.9995404651032017,1.7969926598775972,1.6963931950282292,1.0013451346296687,1.5828600759918006,2.00787129511903,FUL(H),BUR(H),TOT(A),MCI(H),LIV(A),BOU(H),0.0,0.0,1.0111981962423193,1.1325472438885735,1.0111928019049574,0.8968523458188399,0.9149650840122292,0.9911751304069054,Aston Villa,38
James,Wright,Wright,Goalkeeper,AVL,7.077131530630497,9.085002825749527,,,,3.9,0.6,0.0,0.0,0,0,0.0,0.0,0.0,0.0,0.0,,0.0,0.0,0.0,0.0,0.0,0,0,0,0,0,0.0,0.0,0.0,0.0,0.0,0.0,0.9995404651032017,1.7969926598775972,1.6963931950282292,1.0013451346296687,1.5828600759918006,2.00787129511903,FUL(H),BUR(H),TOT(A),MCI(H),LIV(A),BOU(H),0.0,0.0,1.0111981962423193,1.1325472438885735,1.0111928019049574,0.8968523458188399,0.9149650840122292,0.9911751304069054,Aston Villa,38
Kendry,Páez Andrade,Paez,Midfielder,CHE,6.296475549234749,9.083986746762891,0.0,0.0,has joined River Plate on loan for the rest of the season.,4.5,0.0,0.0,0.0,0,0,0.0,0.0,0.0,0.0,0.0,,0.0,0.0,0.0,0.0,0.0,0,0,0,0,0,0.0,0.0,0.0,0.0,0.0,0.0,0.3993945790565936,0.7246028287160408,1.6288865388971052,1.6865655417503906,1.8570260608146187,2.787511197528142,BHA(H),LIV(H),NFO(A),SUN(H),TOT(A),WOL(H),0.0,0.0,0.9780471761839342,0.9210901427022543,1.0111928019049574,1.0737272005708411,1.0111928019049574,1.110121305916802,Chelsea,38
Mykhailo,Mudryk,Mudryk,Midfielder,CHE,6.166797757230707,9.083753197253804,0.0,0.0,Suspended - unknown return date,4.9,0.0,0.0,0.0,0,0,0.0,0.0,0.0,0.0,0.0,,0.0,0.0,0.0,0.0,0.0,0,0,0,0,0,0.0,0.0,0.0,0.0,0.0,0.0,0.40749309235266845,0.7204284605419659,1.5094337271807023,1.685933151791028,1.8435093253643429,2.916955440023097,BHA(H),LIV(H),NFO(A),SUN(H),TOT(A),WOL(H),0.0,0.0,0.9780471761839342,0.9210901427022543,1.0111928019049574,1.0737272005708411,1.0111928019049574,1.110121305916802,Chelsea,38
Dan,Neil,Neil,Midfielder,SUN,6.842415498073663,9.073898563221592,0.0,0.0,has joined Ipswich Town on loan for the rest of the season.,4.8,0.0,0.0,0.6,3,0,1.0,0.0,0.0,0.0,0.0,,3.0,1.4,0.0,0.4,0.0,0,0,0,0,0,0.0,0.0,0.0,0.0,0.0,0.0,0.40289967724238956,0.5676487587288561,1.3161270164724412,1.4030033893157465,3.152736656314229,2.2314830651479283,NFO(A),MUN(A),WOL(H),CHE(A),EVE(H),ARS(H),0.0,0.0,1.0111928019049574,0.9210852290552671,1.110121305916802,0.9523055174497719,1.0524659774929148,0.9210901427022543,Sunderland,38
Ismeal,Kabia,Kabia,Midfielder,ARS,6.46244768745476,9.071660104702632,0.0,0.0,has joined Shrewsbury Town on loan for the rest of the season.,4.5,0.1,0.0,0.0,0,0,0.0,0.0,0.0,0.0,0.0,,0.0,0.0,0.0,0.0,0.0,0,0,0,0,0,0.0,0.0,0.0,0.0,0.0,0.0,0.43589645977600894,0.7587365478538468,1.6741007044119647,1.6235505622033448,1.9701634132095946,2.6092124172478726,NEW(A),WHU(H),FUL(A),CRY(H),BUR(A),SUN(A),0.0,0.0,1.0385206957960817,1.0316257548390524,1.0385206957960817,1.0385262359175895,1.0881336264811785,1.052460363008469,Arsenal,38
Rhys,Williams,R.Williams,Defender,LIV,7.050852015649529,9.069949914474353,,,,3.7,0.5,0.0,0.0,0,0,0.0,0.0,0.0,0.0,0.0,,0.0,0.0,0.0,0.0,0.0,0,0,0,0,0,0.0,0.0,0.0,0.0,0.0,0.0,1.0527924036093421,1.517439598531756,1.1224033168563865,1.7709935761760691,1.5872231204759748,2.0190978988248247,CRY(A),CHE(A),MUN(H),BRE(A),AVL(H),MCI(A),0.0,0.0,1.0111928019049574,0.9523055174497719,0.9334535843879661,1.0179566082209277,0.971548547839499,0.8968475614707909,Liverpool,38
Adrian,Mazilu,Mazilu,Midfielder,BHA,6.623639517951192,9.069013275123195,0.0,0.0,has joined Dinamo Bucharest permanently.,4.5,0.0,0.0,0.0,0,0,0.0,0.0,0.0,0.0,0.0,,0.0,0.0,0.0,0.0,0.0,0,0,0,0,0,0.0,0.0,0.0,0.0,0.0,0.0,0.38821849590318713,0.6822514608447651,1.1019878250686341,1.354470147436133,3.096711588698473,2.4453737571720033,CHE(A),WOL(A),NEW(H),MUN(A),LEE(H),CRY(A),0.0,0.0,0.9523055174497719,1.1175408772327884,0.9586805445269106,0.9210852290552671,0.9978050397522342,1.0111928019049574,Brighton,38
Andrew,Moran,Moran,Midfielder,BHA,6.623639517951192,9.069013275123195,0.0,0.0,Has joined Los Angeles FC on loan for the rest of the season.,4.5,0.0,0.0,0.0,0,0,0.0,0.0,0.0,0.0,0.0,,0.0,0.0,0.0,0.0,0.0,0,0,0,0,0,0.0,0.0,0.0,0.0,0.0,0.0,0.38821849590318713,0.6822514608447651,1.1019878250686341,1.354470147436133,3.096711588698473,2.4453737571720033,CHE(A),WOL(A),NEW(H),MUN(A),LEE(H),CRY(A),0.0,0.0,0.9523055174497719,1.1175408772327884,0.9586805445269106,0.9210852290552671,0.9978050397522342,1.0111928019049574,Brighton,38
Fer,López González,Fer López,Midfielder,WOL,6.715826171145743,9.048230683981624,0.0,0.0,has joined Celta Vigo on loan for the rest of the season.,5.1,0.0,0.0,2.4,12,0,1.3,0.0,0.06,0.24,0.3,,29.0,61.0,37.0,12.4,0.0,0,1,0,9,2,0.0,0.0,0.0,0.0,0.0,0.0,0.46245295631240213,1.1022088095973355,1.449829912632959,1.764511134232563,1.9368233583704837,2.3324045128358804,TOT(A),BHA(H),SUN(A),BUR(H),FUL(A),CHE(A),0.0,0.0,1.0111928019049574,0.9780471761839342,1.052460363008469,1.1325472438885735,1.0385206957960817,0.9523055174497719,Wolves,38
Reiss,Nelson,Nelson,Midfielder,BRE,7.317543705299926,9.044909065088575,100.0,100.0,,4.8,0.1,0.0,2.7,13,1,1.3,0.0,0.54,0.08,0.62,,42.6,32.6,29.0,10.0,1.0,0,1,0,2,0,0.0,0.0,0.0,0.0,0.0,0.0,1.372602216842094,1.0643851622817824,1.6648389163290334,1.115981600127759,2.0997358097192564,1.7273653597886487,MUN(H),MCI(H),WHU(A),LIV(H),CRY(A),NEW(H),0.0,0.0,0.9334535843879661,0.8968523458188399,1.0247656572203843,0.9210901427022543,1.0111928019049574,0.9586805445269106,Brentford,38
Tom,Watson,Watson,Midfielder,BHA,6.1421443183007955,9.032129819025002,0.0,0.0,has joined Millwall on loan for the rest of the season.,4.8,0.0,0.0,1.0,5,0,0.8,0.0,0.06,0.05,0.11,,6.0,2.4,7.0,1.6,0.0,0,0,0,2,0,0.0,0.0,0.0,0.0,0.0,0.0,0.4112741058553488,0.6892900632944468,1.074883343694889,1.3395348116544117,2.6271619938016992,2.8899855007242072,CHE(A),WOL(A),NEW(H),MUN(A),LEE(H),CRY(A),0.0,0.0,0.9523055174497719,1.1175408772327884,0.9586805445269106,0.9210852290552671,0.9978050397522342,1.0111928019049574,Brighton,38
Wellity,Lucky,Lucky,Defender,LIV,7.081942558096165,9.005214194350748,,,,4.0,0.0,0.0,0.0,0,0,0.0,0.0,0.0,0.0,0.0,,0.0,0.0,0.0,0.0,0.0,0,0,0,0,0,0.0,0.0,0.0,0.0,0.0,0.0,1.044434055602777,1.7069972173918762,1.1115852583017811,1.655000115755169,1.5639259110445618,1.923271636254583,CRY(A),CHE(A),MUN(H),BRE(A),AVL(H),MCI(A),0.0,0.0,1.0111928019049574,0.9523055174497719,0.9334535843879661,1.0179566082209277,0.971548547839499,0.8968475614707909,Liverpool,38
Mateo,Joseph Fernández-Regatillo,Mateo Joseph,Forward,LEE,6.6112244504716315,9.004777572853762,0.0,0.0,Has joined RCD Mallorca on loan for the rest of the season.,5.0,0.0,0.0,0.0,0,0,0.0,0.0,0.0,0.0,0.0,,0.0,0.0,0.0,0.0,0.0,0,0,0,0,0,0.0,0.0,0.0,0.0,0.0,0.0,0.4314783870212911,0.7722886642059439,1.5867628278884736,2.288521728025132,1.5321728433307913,2.393553122382129,BOU(H),TOT(H),BUR(A),WHU(H),BHA(A),NFO(A),0.0,0.0,0.9911751304069054,1.0247711239638793,1.0881336264811785,1.0316257548390524,0.9780419586939864,1.0111928019049574,Leeds,38
Luis,Díaz Marulanda,Luis Díaz,Midfielder,LIV,5.905015982191807,9.002558648417093,0.0,0.0,Has joined Bayern Munch permanently.,8.0,0.0,0.0,0.0,0,0,0.0,0.0,0.0,0.0,0.0,,0.0,0.0,0.0,0.0,0.0,0,0,0,0,0,0.0,0.0,0.0,0.0,0.0,0.0,0.4424812678720152,0.7129851718554702,1.0437910960065349,1.9477062610171372,1.7580521854406495,3.0975426662252863,CRY(A),CHE(A),MUN(H),BRE(A),AVL(H),MCI(A),0.0,0.0,1.0111928019049574,0.9523055174497719,0.9334535843879661,1.0179566082209277,0.971548547839499,0.8968475614707909,Liverpool,38
Caleb,Kporha,Kporha,Defender,CRY,6.823341275173849,8.999834588718075,100.0,100.0,,4.0,0.0,0.0,0.0,0,0,0.0,0.0,0.0,0.0,0.0,,0.0,0.0,0.0,0.0,0.0,0,0,0,0,0,0.0,0.0,0.0,0.0,0.0,0.0,1.0325595479053802,1.309729191818005,1.2057029653204268,1.1950603503855015,2.0802892197445355,2.176493313544226,LIV(H),EVE(A),BOU(H),ARS(A),BRE(H),BHA(H),0.0,0.0,0.9210901427022543,1.0179566082209277,0.9911751304069054,0.9334486047869694,0.9780471761839342,0.9780471761839342,Crystal Palace,38
Ryan,Trevitt,Trevitt,Midfielder,BRE,6.759648111993913,8.962236564896934,0.0,0.0,Has joined Wigan on loan for the rest of the season,4.5,0.0,0.0,0.0,0,0,0.0,0.0,0.0,0.0,0.0,,0.0,0.0,0.0,0.0,0.0,0,0,0,0,0,0.0,0.0,0.0,0.0,0.0,0.0,0.39816061799032054,0.6982415922978077,1.6815200421412553,1.3472853902016768,2.634440469362853,2.20258845290302,MUN(H),MCI(H),WHU(A),LIV(H),CRY(A),NEW(H),0.0,0.0,0.9334535843879661,0.8968523458188399,1.0247656572203843,0.9210901427022543,1.0111928019049574,0.9586805445269106,Brentford,38
Paris,Maghoma,Maghoma,Midfielder,BRE,6.759648111993913,8.962236564896934,0.0,0.0,has joined Norwich City permanently.,4.5,0.0,0.0,0.0,0,0,0.0,0.0,0.0,0.0,0.0,,0.0,0.0,0.0,0.0,0.0,0,0,0,0,0,0.0,0.0,0.0,0.0,0.0,0.0,0.39816061799032054,0.6982415922978077,1.6815200421412553,1.3472853902016768,2.634440469362853,2.20258845290302,MUN(H),MCI(H),WHU(A),LIV(H),CRY(A),NEW(H),0.0,0.0,0.9334535843879661,0.8968523458188399,1.0247656572203843,0.9210901427022543,1.0111928019049574,0.9586805445269106,Brentford,38
Myles,Peart-Harris,Peart-Harris,Midfielder,BRE,6.773755403672242,8.956140876277404,0.0,0.0,has joined Oxford United permanently.,4.4,0.0,0.0,0.2,1,0,1.0,0.0,0.0,0.0,0.0,,0.0,0.0,0.0,0.0,0.0,0,0,0,0,0,0.0,0.0,0.0,0.0,0.0,0.0,0.39816061799032054,0.7031446560243517,1.680640643801454,1.3472853902016768,2.644524095654439,2.1823854726051626,MUN(H),MCI(H),WHU(A),LIV(H),CRY(A),NEW(H),0.0,0.0,0.9334535843879661,0.8968523458188399,1.0247656572203843,0.9210901427022543,1.0111928019049574,0.9586805445269106,Brentford,38
Leander,Dendoncker,Dendoncker,Midfielder,AVL,6.668122488054202,8.952196186774767,0.0,0.0,Has joined Real Oviedo permanently.,4.5,0.1,0.0,0.0,0,0,0.0,0.0,0.0,0.0,0.0,,0.0,0.0,0.0,0.0,0.0,0,0,0,0,0,0.0,0.0,0.0,0.0,0.0,0.0,0.4313222483263837,0.806509771052437,1.612156438778484,1.3248789543092117,2.493255075587685,2.284073698720566,FUL(H),BUR(H),TOT(A),MCI(H),LIV(A),BOU(H),0.0,0.0,1.0111981962423193,1.1325472438885735,1.0111928019049574,0.8968523458188399,0.9149650840122292,0.9911751304069054,Aston Villa,38
Joe,Knight,Knight,Midfielder,BHA,6.53730000666719,8.938219858704331,0.0,0.0,has joined Stevenage permanently.,4.4,0.1,0.0,0.2,1,0,1.0,0.0,0.0,0.0,0.0,,0.0,0.0,0.0,0.0,0.0,0,0,0,0,0,0.0,0.0,0.0,0.0,0.0,0.0,0.38821849590318713,0.6699035988154614,1.0728334121407404,1.3497364789788993,3.0566080208289015,2.4009198520371413,CHE(A),WOL(A),NEW(H),MUN(A),LEE(H),CRY(A),0.0,0.0,0.9523055174497719,1.1175408772327884,0.9586805445269106,0.9210852290552671,0.9978050397522342,1.0111928019049574,Brighton,38
Aarón,Anselmino,Anselmino,Defender,CHE,6.318918018532248,8.933986934227555,0.0,0.0,has joined Strasbourg on loan for the rest of the season.,4.0,0.1,0.0,0.0,0,0,0.0,0.0,0.0,0.0,0.0,,0.0,0.0,0.0,0.0,0.0,0,0,0,0,0,0.0,0.0,0.0,0.0,0.0,0.0,0.4102349318931316,0.6263683046844639,1.3815472723093618,2.281746951276599,1.6190205583686914,2.6150689156953066,BHA(H),LIV(H),NFO(A),SUN(H),TOT(A),WOL(H),0.0,0.0,0.9780471761839342,0.9210901427022543,1.0111928019049574,1.0737272005708411,1.0111928019049574,1.110121305916802,Chelsea,38
Tom,Heaton,Heaton,Goalkeeper,MUN,6.847458470480916,8.928299875253845,,,,3.8,0.6,0.0,0.0,0,0,0.0,0.0,0.0,0.0,0.0,,0.0,0.0,0.0,0.0,0.0,0,0,0,0,0,0.0,0.0,0.0,0.0,0.0,0.0,1.0048009037650703,1.7254634242166043,1.3766233885185664,1.2304775319070036,1.5100932220736722,2.08084140477293,BRE(A),SUN(H),LIV(A),BHA(H),NFO(A),TOT(A),0.0,0.0,1.0179566082209277,1.0737272005708411,0.9149650840122292,0.9780471761839342,1.0111928019049574,1.0111928019049574,Man Utd,38
Kadan,Young,Young,Midfielder,AVL,6.5720053562289715,8.924149423008247,0.0,0.0,has joined Reading on loan for the rest of the season.,4.3,0.5,0.0,0.0,0,0,0.0,0.0,0.0,0.0,0.0,,0.0,0.0,0.0,0.0,0.0,0,0,0,0,0,0.0,0.0,0.0,0.0,0.0,0.0,0.4401250972018638,0.8130307897753789,1.5834711778346986,1.293616143822309,2.441762147594721,2.352144066779275,FUL(H),BUR(H),TOT(A),MCI(H),LIV(A),BOU(H),0.0,0.0,1.0111981962423193,1.1325472438885735,1.0111928019049574,0.8968523458188399,0.9149650840122292,0.9911751304069054,Aston Villa,38
Zach,Marsh,Marsh,Forward,CRY,7.265654588356278,8.918974158137125,,,,4.4,0.3,0.0,0.0,0,0,0.0,0.0,0.0,0.0,0.0,,0.0,0.0,0.0,0.0,0.0,0,0,0,0,0,0.0,0.0,0.0,0.0,0.0,0.0,0.9393960044057035,1.7568403291334602,1.506961055610574,1.252036338045878,1.8104208611606625,1.6533195697808472,LIV(H),EVE(A),BOU(H),ARS(A),BRE(H),BHA(H),0.0,0.0,0.9210901427022543,1.0179566082209277,0.9911751304069054,0.9334486047869694,0.9780471761839342,0.9780471761839342,Crystal Palace,38
Antoni,Milambo,Milambo,Midfielder,BRE,6.68261932534439,8.91505889250725,0.0,0.0,Knee injury - Expected back 01 Jun,5.2,0.0,0.0,0.2,1,0,1.0,0.0,0.0,0.02,0.02,,4.0,1.8,0.0,0.6,0.0,0,0,0,3,1,0.0,0.0,0.0,0.0,0.0,0.0,0.3869703394991777,0.6871868087315468,1.5153138987836807,1.3285178262189252,2.7646304521110596,2.23243956716286,MUN(H),MCI(H),WHU(A),LIV(H),CRY(A),NEW(H),0.0,0.0,0.9334535843879661,0.8968523458188399,1.0247656572203843,0.9210901427022543,1.0111928019049574,0.9586805445269106,Brentford,38
Estêvão,Almeida de Oliveira Gonçalves,Estêvão,Midfielder,CHE,7.418022878378502,8.91306988641885,0.0,0.0,Hamstring injury - Expected back 01 Jun,6.4,1.7,0.0,9.1,58,0,2.6,0.0,0.31,0.23,0.54,,183.4,230.9,314.0,72.6,0.0,2,5,4,11,12,0.0,0.0,0.0,0.0,0.0,0.0,0.44715880494158505,1.32839015864689,1.5902568527556447,2.4138083626375515,1.6384086993968312,1.4950470080403473,BHA(H),LIV(H),NFO(A),SUN(H),TOT(A),WOL(H),0.0,0.0,0.9780471761839342,0.9210901427022543,1.0111928019049574,1.0737272005708411,1.0111928019049574,1.110121305916802,Chelsea,38
Illan,Meslier,Meslier,Goalkeeper,LEE,6.924810032607542,8.896794734198972,,,,4.1,0.3,0.0,0.0,0,0,0.0,0.0,0.0,0.0,0.0,,0.0,0.0,0.0,0.0,0.0,0,0,0,0,0,0.0,0.0,0.0,0.0,0.0,0.0,1.0134067116844379,1.6227943627881627,1.6002703857845517,1.2207992073111031,1.4675393650392876,1.971984701591429,BOU(H),TOT(H),BUR(A),WHU(H),BHA(A),NFO(A),0.0,0.0,0.9911751304069054,1.0247711239638793,1.0881336264811785,1.0316257548390524,0.9780419586939864,1.0111928019049574,Leeds,38
Ben,Casey,Casey,Forward,CRY,7.268548232394743,8.894568068709852,,,,4.5,0.0,0.0,0.0,0,0,0.0,0.0,0.0,0.0,0.0,,0.0,0.0,0.0,0.0,0.0,0,0,0,0,0,0.0,0.0,0.0,0.0,0.0,0.0,0.9352489917975059,1.7666484106363938,1.499215319701292,1.237867790331019,1.8295677199285323,1.62601983631511,LIV(H),EVE(A),BOU(H),ARS(A),BRE(H),BHA(H),0.0,0.0,0.9210901427022543,1.0179566082209277,0.9911751304069054,0.9334486047869694,0.9780471761839342,0.9780471761839342,Crystal Palace,38
Ben,Broggio,Broggio,Midfielder,AVL,6.592729838290569,8.88103024565543,0.0,0.0,has joined Falkirk on loan for the rest of the season.,4.4,0.2,0.0,0.0,0,0,0.0,0.0,0.0,0.0,0.0,,0.0,0.0,0.0,0.0,0.0,0,0,0,0,0,0.0,0.0,0.0,0.0,0.0,0.0,0.4333383953376103,0.8207859062435438,1.5846395592873384,1.3125050749552154,2.4414609024668614,2.2883004073648605,FUL(H),BUR(H),TOT(A),MCI(H),LIV(A),BOU(H),0.0,0.0,1.0111981962423193,1.1325472438885735,1.0111928019049574,0.8968523458188399,0.9149650840122292,0.9911751304069054,Aston Villa,38
Joe,Hodge,Hodge,Midfielder,WOL,6.4670791918512895,8.866093568542645,0.0,0.0,Signed by CD Tondela,4.5,0.0,0.0,0.0,0,0,0.0,0.0,0.0,0.0,0.0,,0.0,0.0,0.0,0.0,0.0,0,0,0,0,0,0.0,0.0,0.0,0.0,0.0,0.0,0.43697693488465794,0.7699890368317198,1.6397741178031517,1.7328031440229452,1.8875359583088145,2.3990143766913548,TOT(A),BHA(H),SUN(A),BUR(H),FUL(A),CHE(A),0.0,0.0,1.0111928019049574,0.9780471761839342,1.052460363008469,1.1325472438885735,1.0385206957960817,0.9523055174497719,Wolves,38
Temple,Ojinnaka,Ojinnaka,Midfielder,WOL,6.4670791918512895,8.866093568542645,0.0,0.0,has joined Shrewsbury Town on loan for the rest of the season.,4.5,0.0,0.0,0.0,0,0,0.0,0.0,0.0,0.0,0.0,,0.0,0.0,0.0,0.0,0.0,0,0,0,0,0,0.0,0.0,0.0,0.0,0.0,0.0,0.43697693488465794,0.7699890368317198,1.6397741178031517,1.7328031440229452,1.8875359583088145,2.3990143766913548,TOT(A),BHA(H),SUN(A),BUR(H),FUL(A),CHE(A),0.0,0.0,1.0111928019049574,0.9780471761839342,1.052460363008469,1.1325472438885735,1.0385206957960817,0.9523055174497719,Wolves,38
Tyler,Fletcher,Fletcher,Midfielder,MUN,7.703988422356858,8.856729107640998,,,,4.4,0.0,0.0,0.5,2,1,1.0,0.0,0.0,0.05,0.05,,0.8,3.0,0.0,0.3,16.0,0,0,0,0,0,2.0,11.25,0.0,0.0,2.0,0.0,1.5169350437953313,1.8694810500932622,1.5775705799296458,1.3962158429712686,1.343785905567351,1.1527406852841402,BRE(A),SUN(H),LIV(A),BHA(H),NFO(A),TOT(A),2.0,11.25,1.0179566082209277,1.0737272005708411,0.9149650840122292,0.9780471761839342,1.0111928019049574,1.0111928019049574,Man Utd,38
Charlie,Crew,Crew,Midfielder,LEE,6.279717995934135,8.850304488276645,0.0,0.0,Has joined Doncaster Rovers on loan for the rest of the season.,4.5,0.0,0.0,0.0,0,0,0.0,0.0,0.0,0.0,0.0,,0.0,0.0,0.0,0.0,0.0,0,0,0,0,0,0.0,0.0,0.0,0.0,0.0,0.0,0.40475550016391215,0.8053457402078849,1.6513915265006578,1.6222409836365421,1.7959842454251382,2.570586492342511,BOU(H),TOT(H),BUR(A),WHU(H),BHA(A),NFO(A),0.0,0.0,0.9911751304069054,1.0247711239638793,1.0881336264811785,1.0316257548390524,0.9780419586939864,1.0111928019049574,Leeds,38
Joe,Gelhardt,Gelhardt,Midfielder,LEE,6.279717995934135,8.850304488276645,0.0,0.0,Has joined Hull City on loan for the rest of the season.,4.5,0.0,0.0,0.0,0,0,0.0,0.0,0.0,0.0,0.0,,0.0,0.0,0.0,0.0,0.0,0,0,0,0,0,0.0,0.0,0.0,0.0,0.0,0.0,0.40475550016391215,0.8053457402078849,1.6513915265006578,1.6222409836365421,1.7959842454251382,2.570586492342511,BOU(H),TOT(H),BUR(A),WHU(H),BHA(A),NFO(A),0.0,0.0,0.9911751304069054,1.0247711239638793,1.0881336264811785,1.0316257548390524,0.9780419586939864,1.0111928019049574,Leeds,38
Darko,Gyabi,Gyabi,Midfielder,LEE,6.279717995934135,8.850304488276645,0.0,0.0,has joined Hull City permanently.,4.5,0.0,0.0,0.0,0,0,0.0,0.0,0.0,0.0,0.0,,0.0,0.0,0.0,0.0,0.0,0,0,0,0,0,0.0,0.0,0.0,0.0,0.0,0.0,0.40475550016391215,0.8053457402078849,1.6513915265006578,1.6222409836365421,1.7959842454251382,2.570586492342511,BOU(H),TOT(H),BUR(A),WHU(H),BHA(A),NFO(A),0.0,0.0,0.9911751304069054,1.0247711239638793,1.0881336264811785,1.0316257548390524,0.9780419586939864,1.0111928019049574,Leeds,38
Largie,Ramazani,Ramazani,Midfielder,LEE,6.170115615930973,8.849258683593378,0.0,0.0,has joined Valencia on loan for the rest of the season.,4.9,0.0,0.0,0.0,0,0,0.0,0.0,0.0,0.0,0.0,,0.0,0.0,0.0,0.0,0.0,0,0,0,0,0,0.0,0.0,0.0,0.0,0.0,0.0,0.4182297386092699,0.8006222534483974,1.5800200235977262,1.6171627926701204,1.7540808076054588,2.679143067662405,BOU(H),TOT(H),BUR(A),WHU(H),BHA(A),NFO(A),0.0,0.0,0.9911751304069054,1.0247711239638793,1.0881336264811785,1.0316257548390524,0.9780419586939864,1.0111928019049574,Leeds,38
Sam,Greenwood,Greenwood,Midfielder,LEE,6.170115615930973,8.849258683593378,0.0,0.0,has joined Pogon Szczecin permanently.,4.9,0.0,0.0,0.0,0,0,0.0,0.0,0.0,0.0,0.0,,0.0,0.0,0.0,0.0,0.0,0,0,0,0,0,0.0,0.0,0.0,0.0,0.0,0.0,0.4182297386092699,0.8006222534483974,1.5800200235977262,1.6171627926701204,1.7540808076054588,2.679143067662405,BOU(H),TOT(H),BUR(A),WHU(H),BHA(A),NFO(A),0.0,0.0,0.9911751304069054,1.0247711239638793,1.0881336264811785,1.0316257548390524,0.9780419586939864,1.0111928019049574,Leeds,38
Alan,Browne,Browne,Midfielder,SUN,6.7189325974406575,8.843154361880572,0.0,0.0,has joined Middlesbrough on loan for the rest of the season.,4.5,0.0,0.0,0.0,0,0,0.0,0.0,0.0,0.0,0.0,,0.0,0.0,0.0,0.0,0.0,0,0,0,0,0,0.0,0.0,0.0,0.0,0.0,0.0,0.4237208572492186,0.5791088069811503,1.3915779582476433,1.350063348177625,2.9744616267850206,2.124221764439915,NFO(A),MUN(A),WOL(H),CHE(A),EVE(H),ARS(H),0.0,0.0,1.0111928019049574,0.9210852290552671,1.110121305916802,0.9523055174497719,1.0524659774929148,0.9210901427022543,Sunderland,38
Tymur,Tutierov,Tutierov,Midfielder,SUN,6.7189325974406575,8.843154361880572,0.0,0.0,has joined Exeter City on loan for the rest of the season.,4.5,0.0,0.0,0.0,0,0,0.0,0.0,0.0,0.0,0.0,,0.0,0.0,0.0,0.0,0.0,0,0,0,0,0,0.0,0.0,0.0,0.0,0.0,0.0,0.4237208572492186,0.5791088069811503,1.3915779582476433,1.350063348177625,2.9744616267850206,2.124221764439915,NFO(A),MUN(A),WOL(H),CHE(A),EVE(H),ARS(H),0.0,0.0,1.0111928019049574,0.9210852290552671,1.110121305916802,0.9523055174497719,1.0524659774929148,0.9210901427022543,Sunderland,38
Pierre,Ekwah Elimby,Ekwah,Midfielder,SUN,6.7189325974406575,8.843154361880572,0.0,0.0,Has joined AS Saint-Etienne permanently.,4.5,0.0,0.0,0.0,0,0,0.0,0.0,0.0,0.0,0.0,,0.0,0.0,0.0,0.0,0.0,0,0,0,0,0,0.0,0.0,0.0,0.0,0.0,0.0,0.4237208572492186,0.5791088069811503,1.3915779582476433,1.350063348177625,2.9744616267850206,2.124221764439915,NFO(A),MUN(A),WOL(H),CHE(A),EVE(H),ARS(H),0.0,0.0,1.0111928019049574,0.9210852290552671,1.110121305916802,0.9523055174497719,1.0524659774929148,0.9210901427022543,Sunderland,38
Nectarios,Triantis,Triantis,Midfielder,SUN,6.719304815748211,8.840562300334375,0.0,0.0,has joined Minnesota United permanently.,4.4,0.0,0.0,0.0,0,0,0.0,0.0,0.0,0.0,0.0,,0.0,0.0,0.0,0.0,0.0,0,0,0,0,0,0.0,0.0,0.0,0.0,0.0,0.0,0.4237208572492186,0.5936234328465056,1.3915779582476433,1.347150989567789,2.9632315778370546,2.1212574845861636,NFO(A),MUN(A),WOL(H),CHE(A),EVE(H),ARS(H),0.0,0.0,1.0111928019049574,0.9210852290552671,1.110121305916802,0.9523055174497719,1.0524659774929148,0.9210901427022543,Sunderland,38
Calvin,Ramsay,Ramsay,Defender,LIV,6.926348538722479,8.840172616894208,,,,3.7,0.3,0.0,0.0,0,0,0.0,0.0,0.0,0.0,0.0,,0.0,0.0,0.0,0.0,0.0,0,0,0,0,0,0.0,0.0,0.0,0.0,0.0,0.0,1.042229864916044,1.4953514730467932,1.0728803470423551,1.756286228231402,1.5596006254858854,1.9138240781717277,CRY(A),CHE(A),MUN(H),BRE(A),AVL(H),MCI(A),0.0,0.0,1.0111928019049574,0.9523055174497719,0.9334535843879661,1.0179566082209277,0.971548547839499,0.8968475614707909,Liverpool,38
Antony,dos Santos,Antony,Midfielder,MUN,5.815389320363954,8.830933531449176,0.0,0.0,has joined Real Betis permanently.,5.9,0.1,0.0,0.0,0,0,0.0,0.0,0.0,0.0,0.0,,0.0,0.0,0.0,0.0,0.0,0,0,0,0,0,0.0,0.0,0.0,0.0,0.0,0.0,0.4578308556814228,0.7565237853603377,1.2038672361064522,1.5986845413469932,1.798482901868748,3.015544211085223,BRE(A),SUN(H),LIV(A),BHA(H),NFO(A),TOT(A),0.0,0.0,1.0179566082209277,1.0737272005708411,0.9149650840122292,0.9780471761839342,1.0111928019049574,1.0111928019049574,Man Utd,38
Boubacar,Traoré,B.Traore,Midfielder,WOL,6.350035550562865,8.826574014540904,0.0,0.0,Has joined FC Metz on loan for the rest of the season.,5.0,0.0,0.0,0.0,0,0,0.0,0.0,0.0,0.0,0.0,,0.0,0.0,0.0,0.0,0.0,0,0,0,0,0,0.0,0.0,0.0,0.0,0.0,0.0,0.4254806646303133,0.7652140312792495,1.4873936665156464,1.7422861830230552,1.9296610051146006,2.4765384639780392,TOT(A),BHA(H),SUN(A),BUR(H),FUL(A),CHE(A),0.0,0.0,1.0111928019049574,0.9780471761839342,1.052460363008469,1.1325472438885735,1.0385206957960817,0.9523055174497719,Wolves,38
Tyler,Fredricson,Fredricson,Defender,MUN,7.050260456432772,8.818532568131975,,,,3.7,0.2,0.0,0.3,1,0,1.0,0.0,0.0,0.0,0.0,,4.0,0.0,0.0,0.4,0.0,0,0,0,0,0,0.0,0.0,0.0,0.0,0.0,0.0,0.9600107567433088,1.7792449718908196,1.385678330872897,1.3070444716703549,1.6182819252553917,1.7682721116992028,BRE(A),SUN(H),LIV(A),BHA(H),NFO(A),TOT(A),0.0,0.0,1.0179566082209277,1.0737272005708411,0.9149650840122292,0.9780471761839342,1.0111928019049574,1.0111928019049574,Man Utd,38
Jamaldeen,Jimoh-Aloba,Jimoh-Aloba,Midfielder,AVL,6.60149770194065,8.805891370134187,0.0,0.0,has joined West Brom on loan for the rest of the season.,4.5,0.1,0.0,0.2,1,0,1.0,0.0,0.0,0.0,0.0,,0.2,0.3,0.0,0.1,0.0,0,0,0,0,0,0.0,0.0,0.0,0.0,0.0,0.0,0.40545352823545344,0.7950055122359867,1.565327640885121,1.3295475073267262,2.5061635132573623,2.2043936681935365,FUL(H),BUR(H),TOT(A),MCI(H),LIV(A),BOU(H),0.0,0.0,1.0111981962423193,1.1325472438885735,1.0111928019049574,0.8968523458188399,0.9149650840122292,0.9911751304069054,Aston Villa,38
Manuel,Benson Hedilazio,Benson,Midfielder,BUR,5.44187053915589,8.79043081042327,0.0,0.0,has joined Maccabi Haifa permanently.,5.4,0.0,0.0,0.0,0,0,0.0,0.0,0.0,0.0,0.0,,0.0,0.0,0.0,0.0,0.0,0,0,0,0,0,0.0,0.0,0.0,0.0,0.0,0.0,0.4124245647881502,0.6228595542698906,0.9795855668262055,1.598287818922706,1.8287130343489377,3.3485602712673805,MCI(A),AVL(A),LEE(H),WOL(A),ARS(H),WHU(A),0.0,0.0,0.8968475614707909,0.9977997168619978,0.9978050397522342,1.1175408772327884,0.9210901427022543,1.0247656572203843,Burnley,38
Antoñito,Cordero Campillo,Antoñito C.,Midfielder,NEW,6.226857558777854,8.782333307564203,0.0,0.0,has joined Cadiz on loan for the rest of the season.,4.9,0.0,0.0,0.0,0,0,0.0,0.0,0.0,0.0,0.0,,0.0,0.0,0.0,0.0,0.0,0,0,0,0,0,0.0,0.0,0.0,0.0,0.0,0.0,0.3761356494613102,0.8228983949980172,1.5754852862796893,1.5881500220658822,1.8641882059729558,2.5554757487863484,ARS(H),NFO(H),BHA(A),FUL(H),WHU(A),BRE(A),0.0,0.0,0.9210901427022543,1.045472873888674,0.9780419586939864,1.0111981962423193,1.0247656572203843,1.0179566082209277,Newcastle,38
Yunus Emre,Konak,Konak,Midfielder,BRE,6.550725021296513,8.749947876381922,0.0,0.0,has joined Oxford United on loan for the rest of the season.,4.3,0.1,0.0,0.0,0,0,0.0,0.0,0.0,0.0,0.0,,0.0,0.0,0.0,0.0,0.0,0,0,0,0,0,0.0,0.0,0.0,0.0,0.0,0.0,0.39816061799032054,0.6666287019841272,1.6382018621059142,1.350092035320528,2.497641803895623,2.1992228550854094,MUN(H),MCI(H),WHU(A),LIV(H),CRY(A),NEW(H),0.0,0.0,0.9334535843879661,0.8968523458188399,1.0247656572203843,0.9210901427022543,1.0111928019049574,0.9586805445269106,Brentford,38
Garang,Kuol,Kuol,Midfielder,NEW,6.251194904391449,8.74258154968166,0.0,0.0,has joined Sparta Prague permanently.,4.4,0.0,0.0,0.0,0,0,0.0,0.0,0.0,0.0,0.0,,0.0,0.0,0.0,0.0,0.0,0,0,0,0,0,0.0,0.0,0.0,0.0,0.0,0.0,0.38660754086438337,0.8413462876948185,1.646300025976163,1.5801431920372817,1.7967978578188026,2.4913866452902114,ARS(H),NFO(H),BHA(A),FUL(H),WHU(A),BRE(A),0.0,0.0,0.9210901427022543,1.045472873888674,0.9780419586939864,1.0111981962423193,1.0247656572203843,1.0179566082209277,Newcastle,38
Joe,White,White,Midfielder,NEW,6.237300604504158,8.733530232614521,0.0,0.0,has joined Bradford City on loan for the rest of the season.,4.5,0.0,0.0,0.0,0,0,0.0,0.0,0.0,0.0,0.0,,0.0,0.0,0.0,0.0,0.0,0,0,0,0,0,0.0,0.0,0.0,0.0,0.0,0.0,0.38660754086438337,0.8413462876948185,1.646300025976163,1.580214076243015,1.7828326737257785,2.4962296281103633,ARS(H),NFO(H),BHA(A),FUL(H),WHU(A),BRE(A),0.0,0.0,0.9210901427022543,1.045472873888674,0.9780419586939864,1.0111981962423193,1.0247656572203843,1.0179566082209277,Newcastle,38
Isaac,Hayden,Hayden,Midfielder,NEW,6.237300604504158,8.733530232614521,0.0,0.0,Has departed the club as a free agent.,4.5,0.0,0.0,0.0,0,0,0.0,0.0,0.0,0.0,0.0,,0.0,0.0,0.0,0.0,0.0,0,0,0,0,0,0.0,0.0,0.0,0.0,0.0,0.0,0.38660754086438337,0.8413462876948185,1.646300025976163,1.580214076243015,1.7828326737257785,2.4962296281103633,ARS(H),NFO(H),BHA(A),FUL(H),WHU(A),BRE(A),0.0,0.0,0.9210901427022543,1.045472873888674,0.9780419586939864,1.0111981962423193,1.0247656572203843,1.0179566082209277,Newcastle,38
Tyler,Onyango,Onyango,Midfielder,EVE,6.232932871880993,8.721856036382897,0.0,0.0,has joined Stockport County on loan for the rest of the season.,4.5,0.0,0.0,0.0,0,0,0.0,0.0,0.0,0.0,0.0,,0.0,0.0,0.0,0.0,0.0,0,0,0,0,0,0.0,0.0,0.0,0.0,0.0,0.0,0.4330024583702595,0.8357559675488803,1.5096286520443531,1.6014246871016387,1.8531211068158617,2.4889231645019048,WHU(H),CRY(H),MCI(A),TOT(H),SUN(A),FUL(H),0.0,0.0,1.0316257548390524,1.0385262359175895,0.8968475614707909,1.0247711239638793,1.052460363008469,1.0111981962423193,Everton,38
Jenson,Metcalfe,Metcalfe,Midfielder,EVE,6.232932871880993,8.721856036382897,0.0,0.0,Has joined Bradford City permanently.,4.5,0.0,0.0,0.0,0,0,0.0,0.0,0.0,0.0,0.0,,0.0,0.0,0.0,0.0,0.0,0,0,0,0,0,0.0,0.0,0.0,0.0,0.0,0.0,0.4330024583702595,0.8357559675488803,1.5096286520443531,1.6014246871016387,1.8531211068158617,2.4889231645019048,WHU(H),CRY(H),MCI(A),TOT(H),SUN(A),FUL(H),0.0,0.0,1.0316257548390524,1.0385262359175895,0.8968475614707909,1.0247711239638793,1.052460363008469,1.0111981962423193,Everton,38
Isaac,Heath,Heath,Midfielder,EVE,6.232932871880993,8.721856036382897,0.0,0.0,has joined Accrington on loan for the rest of the season.,4.5,0.0,0.0,0.0,0,0,0.0,0.0,0.0,0.0,0.0,,0.0,0.0,0.0,0.0,0.0,0,0,0,0,0,0.0,0.0,0.0,0.0,0.0,0.0,0.4330024583702595,0.8357559675488803,1.5096286520443531,1.6014246871016387,1.8531211068158617,2.4889231645019048,WHU(H),CRY(H),MCI(A),TOT(H),SUN(A),FUL(H),0.0,0.0,1.0316257548390524,1.0385262359175895,0.8968475614707909,1.0247711239638793,1.052460363008469,1.0111981962423193,Everton,38
Amara,Nallo,Nallo,Defender,LIV,6.566691891895044,8.708012771637915,100.0,100.0,,3.7,0.9,0.0,0.0,0,0,0.0,0.0,0.0,0.0,0.0,,0.0,0.0,0.0,0.0,0.0,0,0,0,0,0,0.0,0.0,0.0,0.0,0.0,0.0,1.0863918956016005,1.1506091082150394,1.1808770852892911,1.510760759482675,1.6380530433064378,2.14132087974287,CRY(A),CHE(A),MUN(H),BRE(A),AVL(H),MCI(A),0.0,0.0,1.0111928019049574,0.9523055174497719,0.9334535843879661,1.0179566082209277,0.971548547839499,0.8968475614707909,Liverpool,38
Diego,Coppola,Coppola,Defender,BHA,5.962961683319769,8.69418664270006,0.0,0.0,has joined Paris FC on loan for the rest of the season.,4.2,0.0,0.0,2.4,10,0,2.0,0.0,0.0,0.0,0.0,,42.4,3.7,2.0,4.8,0.0,0,0,1,3,2,0.0,0.0,0.0,0.0,0.0,0.0,0.41391782431781654,0.7123699867858247,1.0679209072821498,1.3881756832403065,2.380577281693671,2.7312249593802918,CHE(A),WOL(A),NEW(H),MUN(A),LEE(H),CRY(A),0.0,0.0,0.9523055174497719,1.1175408772327884,0.9586805445269106,0.9210852290552671,0.9978050397522342,1.0111928019049574,Brighton,38
Mads,Roerslev Rasmussen,Roerslev,Defender,BRE,6.564315471375615,8.679177220019575,0.0,0.0,Has joined Southampton permanently.,4.5,0.0,0.0,0.0,0,0,0.0,0.0,0.0,0.0,0.0,,0.0,0.0,0.0,0.0,0.0,0,0,0,0,0,0.0,0.0,0.0,0.0,0.0,0.0,0.38556138299996234,0.6486350125532651,1.3953140015523937,1.8390902043267698,2.2957148699432235,2.1148617486439596,MUN(H),MCI(H),WHU(A),LIV(H),CRY(A),NEW(H),0.0,0.0,0.9334535843879661,0.8968523458188399,1.0247656572203843,0.9210901427022543,1.0111928019049574,0.9586805445269106,Brentford,38
Jay,Matete,Matete,Midfielder,SUN,6.5545775787886456,8.674253493789337,0.0,0.0,has joined MK Dons permanently.,4.3,0.2,0.0,0.0,0,0,0.0,0.0,0.0,0.0,0.0,,0.0,0.0,0.0,0.0,0.0,0,0,0,0,0,0.0,0.0,0.0,0.0,0.0,0.0,0.42573699350510846,0.5809284640778793,1.3530652571337691,1.3411192971315455,2.853727566940343,2.1196759150006903,NFO(A),MUN(A),WOL(H),CHE(A),EVE(H),ARS(H),0.0,0.0,1.0111928019049574,0.9210852290552671,1.110121305916802,0.9523055174497719,1.0524659774929148,0.9210901427022543,Sunderland,38
Rasmus,Højlund,Højlund,Forward,MUN,6.071638609805524,8.672050819055583,0.0,0.0,has joined Napoli on loan for the rest of the season.,6.3,0.3,0.0,0.0,0,0,0.0,0.0,0.0,0.0,0.0,,0.0,0.0,0.0,0.0,0.0,0,0,0,0,0,0.0,0.0,0.0,0.0,0.0,0.0,0.4415471942777961,0.7296617459326102,1.444890527183,1.6961317014906918,1.7594074409214262,2.600412209250058,BRE(A),SUN(H),LIV(A),BHA(H),NFO(A),TOT(A),0.0,0.0,1.0179566082209277,1.0737272005708411,0.9149650840122292,0.9780471761839342,1.0111928019049574,1.0111928019049574,Man Utd,38
Álex,Moreno Lopera,Alex Moreno,Defender,AVL,6.426268657909093,8.671411831060093,0.0,0.0,Has joined Girona permanently.,4.0,1.5,0.0,0.0,0,0,0.0,0.0,0.0,0.0,0.0,,0.0,0.0,0.0,0.0,0.0,0,0,0,0,0,0.0,0.0,0.0,0.0,0.0,0.0,0.4275557625010526,0.7888198575387606,1.4217389794338637,1.72316419395811,2.064989864477307,2.2451431731510003,FUL(H),BUR(H),TOT(A),MCI(H),LIV(A),BOU(H),0.0,0.0,1.0111981962423193,1.1325472438885735,1.0111928019049574,0.8968523458188399,0.9149650840122292,0.9911751304069054,Aston Villa,38
Dejan,Kulusevski,Kulusevski,Midfielder,TOT,5.535872435700244,8.671049544721111,0.0,0.0,Knee injury - Unknown return date,6.4,0.0,0.0,0.0,0,0,0.0,0.0,0.0,0.0,0.0,,0.0,0.0,0.0,0.0,0.0,0,0,0,0,0,0.0,0.0,0.0,0.0,0.0,0.0,0.5205632900653128,0.6500047570621025,0.9656559116797729,1.701819669959574,1.6978288069334821,3.1351771090208658,WOL(H),LEE(A),AVL(H),EVE(A),CHE(H),MUN(H),0.0,0.0,1.110121305916802,1.045467296709635,0.971548547839499,1.0179566082209277,0.9650930995904489,0.9334535843879661,Spurs,38
Cheick,Doucouré,Doucouré,Midfielder,CRY,6.406670454156471,8.665887426597976,0.0,0.0,Lack of match fitness - Expected back 01 Jun,4.9,0.0,0.0,0.0,0,0,0.0,0.0,0.0,0.0,0.0,,0.0,0.0,0.0,0.0,0.0,0,0,0,0,0,0.0,0.0,0.0,0.0,0.0,0.0,0.38312264548046726,0.6301182752831577,1.151792002770536,1.381111336246415,2.860526194375894,2.2592169724415045,LIV(H),EVE(A),BOU(H),ARS(A),BRE(H),BHA(H),0.0,0.0,0.9210901427022543,1.0179566082209277,0.9911751304069054,0.9334486047869694,0.9780471761839342,0.9780471761839342,Crystal Palace,38
Tommy,Setford,Setford,Goalkeeper,ARS,6.704774429817876,8.661770668560889,,,,3.9,0.2,0.0,0.0,0,0,0.0,0.0,0.0,0.0,0.0,,0.0,0.0,0.0,0.0,0.0,0,0,0,0,0,0.0,0.0,0.0,0.0,0.0,0.0,1.011238945849277,1.5976844998829445,1.472614975611082,1.1534779176616596,1.4697580908129138,1.9569962387430135,NEW(A),WHU(H),FUL(A),CRY(H),BUR(A),SUN(A),0.0,0.0,1.0385206957960817,1.0316257548390524,1.0385206957960817,1.0385262359175895,1.0881336264811785,1.052460363008469,Arsenal,38
Arthur,Masuaku,Masuaku,Defender,SUN,6.616902836765032,8.660774039584698,0.0,0.0,has joined RC Lens on loan for the rest of the season.,3.9,0.5,0.0,0.3,1,0,0.3,0.0,0.05,0.06,0.11,,21.8,20.1,7.0,4.9,0.0,0,0,0,2,2,0.0,0.0,0.0,0.0,0.0,0.0,0.43497226321912436,0.6222382371534745,1.4625734335430751,1.3083515421287224,2.788767360720636,2.0438712028196657,NFO(A),MUN(A),WOL(H),CHE(A),EVE(H),ARS(H),0.0,0.0,1.0111928019049574,0.9210852290552671,1.110121305916802,0.9523055174497719,1.0524659774929148,0.9210901427022543,Sunderland,38
Benjamin,Lecomte,Lecomte,Goalkeeper,FUL,6.693058307689008,8.651417800102227,,,,3.9,0.7,0.0,0.0,0,0,0.0,0.0,0.0,0.0,0.0,,0.0,0.0,0.0,0.0,0.0,0,0,0,0,0,0.0,0.0,0.0,0.0,0.0,0.0,1.0104803132912632,1.5887171914242686,1.2430931938487852,1.3293272945408088,1.5214403145838828,1.958359492413219,AVL(A),BOU(A),ARS(H),NEW(A),WOL(H),EVE(A),0.0,0.0,0.9977997168619978,0.9586754303501859,0.9210901427022543,1.0385206957960817,1.110121305916802,1.0179566082209277,Fulham,38
Dominic,Sadi,Sadi,Midfielder,BOU,6.140520940379767,8.63924710534197,0.0,0.0,has joined Novi Pazar on loan for the rest of the season.,4.5,0.0,0.0,0.0,0,0,0.0,0.0,0.0,0.0,0.0,,0.0,0.0,0.0,0.0,0.0,0,0,0,0,0,0.0,0.0,0.0,0.0,0.0,0.0,0.42692620668458753,0.795488996592808,1.6288865388971052,1.642184833352422,1.6470343648528443,2.498726164962203,LEE(A),FUL(H),CRY(A),NFO(H),MCI(A),AVL(A),0.0,0.0,1.045467296709635,1.0111981962423193,1.0111928019049574,1.045472873888674,0.8968475614707909,0.9977997168619978,Bournemouth,38
Claudio,Echeverri,Echeverri,Midfielder,MCI,5.3794004134455955,8.634941761694531,0.0,0.0,has joined Girona on loan for the rest of the season.,5.4,0.0,0.0,0.0,0,0,0.0,0.0,0.0,0.0,0.0,,0.0,0.0,0.0,0.0,0.0,0,0,0,0,0,0.0,0.0,0.0,0.0,0.0,0.0,0.5127955623162845,0.6361480697698033,1.0004204605343647,1.4639571793760906,1.7660791414490518,3.2555413482489346,BUR(H),BRE(A),EVE(H),AVL(A),BOU(H),LIV(H),0.0,0.0,1.1325472438885735,1.0179566082209277,1.0524659774929148,0.9977997168619978,0.9911751304069054,0.9210901427022543,Man City,38
Philip,Billing,Philip,Midfielder,BOU,6.012538145378996,8.6343573075204,0.0,0.0,has joined Midtjylland permanently.,4.9,0.0,0.0,0.0,0,0,0.0,0.0,0.0,0.0,0.0,,0.0,0.0,0.0,0.0,0.0,0,0,0,0,0,0.0,0.0,0.0,0.0,0.0,0.0,0.4355829780645216,0.79090625992852,1.5094337271807023,1.6415690842609567,1.6350460959442954,2.621819162141403,LEE(A),FUL(H),CRY(A),NFO(H),MCI(A),AVL(A),0.0,0.0,1.045467296709635,1.0111981962423193,1.0111928019049574,1.045472873888674,0.8968475614707909,0.9977997168619978,Bournemouth,38
İlkay,Gündoğan,Gündoğan,Midfielder,MCI,5.5474591432094345,8.630426329355162,0.0,0.0,has joined Galatasaray permanently.,6.3,0.1,0.0,0.0,0,0,0.0,0.0,0.0,0.0,0.0,,0.0,0.0,0.0,0.0,0.0,0,0,0,0,0,0.0,0.0,0.0,0.0,0.0,0.0,0.5568560500975295,0.621652827145006,1.010929456175885,1.6441258927984854,1.7138949169925288,3.082967186145727,BUR(H),BRE(A),EVE(H),AVL(A),BOU(H),LIV(H),0.0,0.0,1.1325472438885735,1.0179566082209277,1.0524659774929148,0.9977997168619978,0.9911751304069054,0.9210901427022543,Man City,38
Illia,Zabarnyi,Zabarnyi,Defender,BOU,6.201930505369338,8.605648501303243,0.0,0.0,Has joined Paris Saint-Germain permanently.,5.0,0.0,0.0,0.0,0,0,0.0,0.0,0.0,0.0,0.0,,0.0,0.0,0.0,0.0,0.0,0,0,0,0,0,0.0,0.0,0.0,0.0,0.0,0.0,0.44615947310655324,0.7783736204095593,1.790645237067178,1.6394083455021164,1.5473438292839323,2.403717995933904,LEE(A),FUL(H),CRY(A),NFO(H),MCI(A),AVL(A),0.0,0.0,1.045467296709635,1.0111981962423193,1.0111928019049574,1.045472873888674,0.8968475614707909,0.9977997168619978,Bournemouth,38
Jack,Moorhouse,Moorhouse,Midfielder,MUN,6.129097346091739,8.60392998840103,0.0,0.0,has joined Leyton Orient on loan for the rest of the season.,4.5,0.0,0.0,0.0,0,0,0.0,0.0,0.0,0.0,0.0,,0.0,0.0,0.0,0.0,0.0,0,0,0,0,0,0.0,0.0,0.0,0.0,0.0,0.0,0.4272651315715554,0.8640840109385965,1.5401251737584343,1.5283399364054888,1.7692830934176633,2.47483264230929,BRE(A),SUN(H),LIV(A),BHA(H),NFO(A),TOT(A),0.0,0.0,1.0179566082209277,1.0737272005708411,0.9149650840122292,0.9780471761839342,1.0111928019049574,1.0111928019049574,Man Utd,38
Toby,Collyer,Collyer,Midfielder,MUN,6.129097346091739,8.60392998840103,0.0,0.0,has joined Hull City on loan for the rest of the season.,4.5,0.0,0.0,0.0,0,0,0.0,0.0,0.0,0.0,0.0,,0.0,0.0,0.0,0.0,0.0,0,0,0,0,0,0.0,0.0,0.0,0.0,0.0,0.0,0.4272651315715554,0.8640840109385965,1.5401251737584343,1.5283399364054888,1.7692830934176633,2.47483264230929,BRE(A),SUN(H),LIV(A),BHA(H),NFO(A),TOT(A),0.0,0.0,1.0179566082209277,1.0737272005708411,0.9149650840122292,0.9780471761839342,1.0111928019049574,1.0111928019049574,Man Utd,38
Luis,Sinisterra Lucumí,Sinisterra,Midfielder,BOU,5.962404642972629,8.593340091100497,0.0,0.0,has joined Cruzeiro on loan for the rest of the season.,5.0,0.0,0.0,0.0,0,0,0.0,0.0,0.0,0.0,0.0,,0.0,0.0,0.0,0.0,0.0,0,0,0,0,0,0.0,0.0,0.0,0.0,0.0,0.0,0.4355829780645216,0.7903012607348823,1.4794661789730557,1.6415690842609567,1.6154851409392128,2.6309354481278673,LEE(A),FUL(H),CRY(A),NFO(H),MCI(A),AVL(A),0.0,0.0,1.045467296709635,1.0111981962423193,1.0111928019049574,1.045472873888674,0.8968475614707909,0.9977997168619978,Bournemouth,38
Isaac,Schmidt,Schmidt,Defender,LEE,6.194493435761399,8.589556495311726,0.0,0.0,has joined Werder Bremen on loan for the rest of the season.,4.0,0.1,0.0,0.0,0,0,0.0,0.0,0.0,0.0,0.0,,0.0,0.0,0.0,0.0,0.0,0,0,0,0,0,0.0,0.0,0.0,0.0,0.0,0.0,0.4222286394279321,0.7582123784376692,1.5095384565392176,1.912347214986473,1.5921667463701068,2.3950630595503277,BOU(H),TOT(H),BUR(A),WHU(H),BHA(A),NFO(A),0.0,0.0,0.9911751304069054,1.0247711239638793,1.0881336264811785,1.0316257548390524,0.9780419586939864,1.0111928019049574,Leeds,38
Romain,Esse,Esse,Midfielder,CRY,6.0197987318355395,8.580729506065296,0.0,0.0,has joined Coventry City on loan for the rest of the season.,4.7,0.1,0.0,0.9,4,0,1.0,0.0,0.0,0.09,0.09,,6.8,2.7,6.0,1.5,0.0,0,0,0,0,0,0.0,0.0,0.0,0.0,0.0,0.0,0.39547658650898865,0.6317225529859287,1.1119967155278527,1.3269325582308904,2.5536703185818794,2.5609307742297562,LIV(H),EVE(A),BOU(H),ARS(A),BRE(H),BHA(H),0.0,0.0,0.9210901427022543,1.0179566082209277,0.9911751304069054,0.9334486047869694,0.9780471761839342,0.9780471761839342,Crystal Palace,38
Andy,Irving,Irving,Midfielder,WHU,5.486465775564868,8.572722990847728,0.0,0.0,has joined Sparta Prague permanently.,4.3,0.2,0.0,2.1,9,0,1.3,0.0,0.0,0.1,0.1,,31.6,52.3,2.0,8.6,0.0,0,0,0,4,2,0.0,0.0,0.0,0.0,0.0,0.0,0.43197302063034476,0.6521090369964103,1.0534378780913136,1.4966425840744546,1.8523032557723451,3.0862572152828593,EVE(A),ARS(A),BRE(H),LEE(A),NEW(H),BUR(H),0.0,0.0,1.0179566082209277,0.9334486047869694,0.9780471761839342,1.045467296709635,0.9586805445269106,1.1325472438885735,West Ham,38
Tawanda,Chirewa,Chirewa,Midfielder,WOL,6.286296655102925,8.564248950130038,0.0,0.0,has joined Barnsley on loan for the rest of the season.,4.3,0.2,0.0,0.5,2,0,1.0,0.0,0.0,0.0,0.0,,3.2,0.3,0.0,0.4,0.0,0,0,0,0,0,0.0,0.0,0.0,0.0,0.0,0.0,0.4255701345116579,0.7125790315748441,1.5360385902546771,1.6619699531907788,1.9501389455709668,2.2779522950271134,TOT(A),BHA(H),SUN(A),BUR(H),FUL(A),CHE(A),0.0,0.0,1.0111928019049574,0.9780471761839342,1.052460363008469,1.1325472438885735,1.0385206957960817,0.9523055174497719,Wolves,38
Marc,Guiu Paz,Marc Guiu,Forward,CHE,7.194176788337332,8.559160172985667,100.0,100.0,,4.0,5.2,0.0,3.2,13,0,1.3,0.0,0.52,0.1,0.62,,24.6,40.1,86.0,13.1,0.0,0,1,0,3,1,0.0,0.0,0.0,0.0,0.0,0.0,1.1278526527216313,1.304959302538782,1.3420917099637797,1.8613614000164582,1.557911723096681,1.3649833846483341,BHA(H),LIV(H),NFO(A),SUN(H),TOT(A),WOL(H),0.0,0.0,0.9780471761839342,0.9210901427022543,1.0111928019049574,1.0737272005708411,1.0111928019049574,1.110121305916802,Chelsea,38
Chris,Mepham,Mepham,Defender,BOU,6.197498530695991,8.54518060802623,0.0,0.0,has joined West Bromwich Albion permanently.,4.0,0.1,0.0,0.0,0,0,0.0,0.0,0.0,0.0,0.0,,0.0,0.0,0.0,0.0,0.0,0,0,0,0,0,0.0,0.0,0.0,0.0,0.0,0.0,0.43567885935239004,0.6876444231854434,1.3815472723093618,2.259680372995655,1.4329476028531403,2.34768207733024,LEE(A),FUL(H),CRY(A),NFO(H),MCI(A),AVL(A),0.0,0.0,1.045467296709635,1.0111981962423193,1.0111928019049574,1.045472873888674,0.8968475614707909,0.9977997168619978,Bournemouth,38
Pervis,Estupiñán Tenorio,Estupiñan,Defender,BHA,6.314793126747622,8.543295185800378,0.0,0.0,Has joined AC Milan permanently,4.5,0.0,0.0,0.0,0,0,0.0,0.0,0.0,0.0,0.0,,0.0,0.0,0.0,0.0,0.0,0,0,0,0,0,0.0,0.0,0.0,0.0,0.0,0.0,0.40500641401959836,0.7256920009529456,1.2398816370717913,1.3658229686866006,2.5783901060166863,2.2285020590527567,CHE(A),WOL(A),NEW(H),MUN(A),LEE(H),CRY(A),0.0,0.0,0.9523055174497719,1.1175408772327884,0.9586805445269106,0.9210852290552671,0.9978050397522342,1.0111928019049574,Brighton,38
Alysson Edward Franco,da Rocha dos Santos,Alysson,Midfielder,AVL,6.6316259007339236,8.532991366510249,0.0,0.0,Muscle injury - Unknown return date,5.0,0.0,0.0,0.6,3,0,1.0,0.0,0.1,0.1,0.2,,3.2,3.5,10.0,1.5,0.0,0,0,0,2,0,0.0,0.0,0.0,0.0,0.0,0.0,0.42012067767043687,0.9225369565329968,1.6507337358911378,1.293348535451121,2.344885995188231,1.9013654657763255,FUL(H),BUR(H),TOT(A),MCI(H),LIV(A),BOU(H),0.0,0.0,1.0111981962423193,1.1325472438885735,1.0111928019049574,0.8968523458188399,0.9149650840122292,0.9911751304069054,Aston Villa,38
Andreas,Hoelgebaum Pereira,Andreas,Midfielder,FUL,5.537158100502127,8.53067584982995,0.0,0.0,has joined Palmeiras permanently.,5.3,0.1,0.0,0.0,0,0,0.0,0.0,0.0,0.0,0.0,,0.0,0.0,0.0,0.0,0.0,0,0,0,0,0,0.0,0.0,0.0,0.0,0.0,0.0,0.41388221807788556,0.588721884332719,0.9319097014056711,1.5397610608071282,2.062883235878724,2.9935177493278244,AVL(A),BOU(A),ARS(H),NEW(A),WOL(H),EVE(A),0.0,0.0,0.9977997168619978,0.9586754303501859,0.9210901427022543,1.0385206957960817,1.110121305916802,1.0179566082209277,Fulham,38
Adama,Traoré Diarra,Adama,Midfielder,WHU,6.600263229970961,8.528961700173985,25.0,25.0,Muscle injury - 25% chance of playing,5.1,0.1,0.0,4.9,25,0,1.0,0.0,0.17,0.14,0.31,,33.4,73.8,70.0,17.2,0.0,0,0,0,12,1,0.0,0.0,0.0,0.0,0.0,0.0,0.5906670472201695,1.6086428567490552,1.3342302244431588,1.175760030965539,1.8909630705930391,1.9286984702030237,EVE(A),ARS(A),BRE(H),LEE(A),NEW(H),BUR(H),0.0,0.0,1.0179566082209277,0.9334486047869694,0.9780471761839342,1.045467296709635,0.9586805445269106,1.1325472438885735,West Ham,38
Max,Merrick,Merrick,Goalkeeper,CHE,6.420584445777949,8.524287158362231,,,,4.0,0.0,0.0,0.0,0,0,0.0,0.0,0.0,0.0,0.0,,0.0,0.0,0.0,0.0,0.0,0,0,0,0,0,0.0,0.0,0.0,0.0,0.0,0.0,0.9747580537772625,1.4140173440984867,1.4100886341652012,1.24214095720594,1.3795794565310577,2.103702712584283,BHA(H),LIV(H),NFO(A),SUN(H),TOT(A),WOL(H),0.0,0.0,0.9780471761839342,0.9210901427022543,1.0111928019049574,1.0737272005708411,1.0111928019049574,1.110121305916802,Chelsea,38
Teddy,Sharman-Lowe,Sharman-Lowe,Goalkeeper,CHE,6.420584445777949,8.524287158362231,,,,4.0,0.0,0.0,0.0,0,0,0.0,0.0,0.0,0.0,0.0,,0.0,0.0,0.0,0.0,0.0,0,0,0,0,0,0.0,0.0,0.0,0.0,0.0,0.0,0.9747580537772625,1.4140173440984867,1.4100886341652012,1.24214095720594,1.3795794565310577,2.103702712584283,BHA(H),LIV(H),NFO(A),SUN(H),TOT(A),WOL(H),0.0,0.0,0.9780471761839342,0.9210901427022543,1.0111928019049574,1.0737272005708411,1.0111928019049574,1.110121305916802,Chelsea,38
Alex,Cairns,Cairns,Goalkeeper,LEE,6.602176380106811,8.519982922633528,,,,3.9,0.1,0.0,0.0,0,0,0.0,0.0,0.0,0.0,0.0,,0.0,0.0,0.0,0.0,0.0,0,0,0,0,0,0.0,0.0,0.0,0.0,0.0,0.0,0.9834994190618719,1.5573914078732143,1.5151558316792648,1.1695114369551025,1.376618284537358,1.9178065425267161,BOU(H),TOT(H),BUR(A),WHU(H),BHA(A),NFO(A),0.0,0.0,0.9911751304069054,1.0247711239638793,1.0881336264811785,1.0316257548390524,0.9780419586939864,1.0111928019049574,Leeds,38
Gabriel,Słonina,Slonina,Goalkeeper,CHE,6.411617792119398,8.504863430800787,,,,3.8,0.1,0.0,0.0,0,0,0.0,0.0,0.0,0.0,0.0,,0.0,0.0,0.0,0.0,0.0,0,0,0,0,0,0.0,0.0,0.0,0.0,0.0,0.0,0.9682942470476288,1.413170536222226,1.4170294002692279,1.2096212305537324,1.4035023780265832,2.093245638681389,BHA(H),LIV(H),NFO(A),SUN(H),TOT(A),WOL(H),0.0,0.0,0.9780471761839342,0.9210901427022543,1.0111928019049574,1.0737272005708411,1.0111928019049574,1.110121305916802,Chelsea,38
Zain,Silcott-Duberry,Silcott-Duberry,Midfielder,BOU,6.00101015687697,8.488574300863412,0.0,0.0,has joined Olympiakos permanently.,4.4,0.1,0.0,0.0,0,0,0.0,0.0,0.0,0.0,0.0,,0.0,0.0,0.0,0.0,0.0,0,0,0,0,0,0.0,0.0,0.0,0.0,0.0,0.0,0.4388121443241859,0.7409484631383025,1.5672169396722118,1.6355873741870661,1.618445235555203,2.487564143986443,LEE(A),FUL(H),CRY(A),NFO(H),MCI(A),AVL(A),0.0,0.0,1.045467296709635,1.0111981962423193,1.0111928019049574,1.045472873888674,0.8968475614707909,0.9977997168619978,Bournemouth,38
George,Earthy,Earthy,Midfielder,WHU,5.432085173550853,8.48542936047872,0.0,0.0,has joined Bristol City on loan for the rest of the season.,4.5,0.0,0.0,0.2,1,0,1.0,0.0,0.0,0.11,0.11,,0.0,1.5,2.0,0.4,0.0,0,0,0,1,0,0.0,0.0,0.0,0.0,0.0,0.0,0.41314507435155784,0.6146531671113018,1.076487749263541,1.4688592292702733,1.8589399535541795,3.053344186927868,EVE(A),ARS(A),BRE(H),LEE(A),NEW(H),BUR(H),0.0,0.0,1.0179566082209277,0.9334486047869694,0.9780471761839342,1.045467296709635,0.9586805445269106,1.1325472438885735,West Ham,38
Evan,Ferguson,Ferguson,Forward,BHA,6.221298236983799,8.482963310309602,0.0,0.0,Has joined AS Roma on loan for the rest of the season,5.5,0.0,0.0,0.0,0,0,0.0,0.0,0.0,0.0,0.0,,0.0,0.0,0.0,0.0,0.0,0,0,0,0,0,0.0,0.0,0.0,0.0,0.0,0.0,0.42120923565227936,0.717049189425633,1.2941976585106731,1.4499378656001178,2.338904287795096,2.261665073325803,CHE(A),WOL(A),NEW(H),MUN(A),LEE(H),CRY(A),0.0,0.0,0.9523055174497719,1.1175408772327884,0.9586805445269106,0.9210852290552671,0.9978050397522342,1.0111928019049574,Brighton,38
Jonah,Kusi-Asare,Kusi-Asare,Forward,FUL,6.372136763095763,8.478999165879635,0.0,0.0,Knee injury - Expected back 01 Jun,4.5,0.1,0.0,1.3,6,0,0.9,0.0,0.0,0.13,0.13,,3.2,12.0,8.0,2.3,0.0,0,0,0,2,0,0.0,0.0,0.0,0.0,0.0,0.0,0.5486615428691712,0.7439891261547622,1.3120773771221315,1.898271236235366,1.869137480714332,2.1068624027838716,AVL(A),BOU(A),ARS(H),NEW(A),WOL(H),EVE(A),0.0,0.0,0.9977997168619978,0.9586754303501859,0.9210901427022543,1.0385206957960817,1.110121305916802,1.0179566082209277,Fulham,38
Sékou,Koné,Kone,Midfielder,MUN,5.993072582151323,8.466675373461719,0.0,0.0,has joined Lausanne-Sport on loan for the rest of the season.,4.3,0.1,0.0,0.0,0,0,0.0,0.0,0.0,0.0,0.0,,0.0,0.0,0.0,0.0,0.0,0,0,0,0,0,0.0,0.0,0.0,0.0,0.0,0.0,0.4272651315715554,0.823177800573194,1.49098100499814,1.5330119545338337,1.7186366904746004,2.4736027913103946,BRE(A),SUN(H),LIV(A),BHA(H),NFO(A),TOT(A),0.0,0.0,1.0179566082209277,1.0737272005708411,0.9149650840122292,0.9780471761839342,1.0111928019049574,1.0111928019049574,Man Utd,38
Adam,Webster,Webster,Defender,BHA,6.234117474602021,8.461285279857501,0.0,0.0,Knee injury - Unknown return date,4.4,0.0,0.0,0.0,0,0,0.0,0.0,0.0,0.0,0.0,,0.0,0.0,0.0,0.0,0.0,0,0,0,0,0,0.0,0.0,0.0,0.0,0.0,0.0,0.40500641401959836,0.7256920009529456,1.2408933319704416,1.3638492550420935,2.4986764726169413,2.22716780525548,CHE(A),WOL(A),NEW(H),MUN(A),LEE(H),CRY(A),0.0,0.0,0.9523055174497719,1.1175408772327884,0.9586805445269106,0.9210852290552671,0.9978050397522342,1.0111928019049574,Brighton,38
Will,Wright,Wright,Forward,LIV,6.904165446594535,8.45826074488915,,,,4.5,0.0,0.0,0.0,0,0,0.0,0.0,0.0,0.0,0.0,,0.0,0.0,0.0,0.0,0.0,0,0,0,0,0,0.0,0.0,0.0,0.0,0.0,0.0,1.0483398121497571,1.657045682846544,1.3758780096808099,1.4326644233334445,1.3902375185839781,1.5540952982946157,CRY(A),CHE(A),MUN(H),BRE(A),AVL(H),MCI(A),0.0,0.0,1.0111928019049574,0.9523055174497719,0.9334535843879661,1.0179566082209277,0.971548547839499,0.8968475614707909,Liverpool,38
Oleksandr,Zinchenko,Zinchenko,Defender,NFO,5.470117021305014,8.457794820567603,0.0,0.0,has joined Ajax permanently.,4.9,0.2,0.0,1.4,7,0,1.4,0.0,0.02,0.09,0.11,,80.8,83.4,22.0,18.6,0.0,0,0,0,6,4,0.0,0.0,0.0,0.0,0.0,0.0,0.4780449531666291,0.7726180240708126,1.0890730560974116,1.4239343473620218,1.7064466406081387,2.9876777992625883,SUN(H),NEW(A),CHE(H),BOU(A),MUN(H),LEE(H),0.0,0.0,1.0737272005708411,1.0385206957960817,0.9650930995904489,0.9586754303501859,0.9334535843879661,0.9978050397522342,Nott'm Forest,38
Jenson,Seelt,Seelt,Defender,SUN,6.507671661621731,8.456479678984689,0.0,0.0,has joined Wolfsburg on loan for the rest of the season.,4.0,0.1,0.0,0.5,2,0,1.0,0.0,0.0,0.01,0.01,,33.6,2.4,0.0,3.6,0.0,0,0,0,2,1,0.0,0.0,0.0,0.0,0.0,0.0,0.4214169371392904,0.5990961062704572,1.4393652667728467,1.3035036534654596,2.7442896979736773,1.9488080173629578,NFO(A),MUN(A),WOL(H),CHE(A),EVE(H),ARS(H),0.0,0.0,1.0111928019049574,0.9210852290552671,1.110121305916802,0.9523055174497719,1.0524659774929148,0.9210901427022543,Sunderland,38
Romain,Faivre,Faivre,Midfielder,BOU,5.938440458850319,8.446026877810537,0.0,0.0,has joined Auxerre permanently.,4.5,0.1,0.0,0.0,0,0,0.0,0.0,0.0,0.0,0.0,,0.0,0.0,0.0,0.0,0.0,0,0,0,0,0,0.0,0.0,0.0,0.0,0.0,0.0,0.42692620668458753,0.7407880525733639,1.4896748514323006,1.6413360814717046,1.6397152666883617,2.507586418960219,LEE(A),FUL(H),CRY(A),NFO(H),MCI(A),AVL(A),0.0,0.0,1.045467296709635,1.0111981962423193,1.0111928019049574,1.045472873888674,0.8968475614707909,0.9977997168619978,Bournemouth,38
Tariq,Lamptey,Lamptey,Defender,BHA,6.197466177805779,8.431516361964821,0.0,0.0,has joined Fiorentina permanently.,4.4,0.1,0.0,0.0,0,0,0.0,0.0,0.0,0.0,0.0,,0.0,0.0,0.0,0.0,0.0,0,0,0,0,0,0.0,0.0,0.0,0.0,0.0,0.0,0.40500641401959836,0.7102893584106426,1.2309292595612846,1.3599018748411433,2.4913392709731106,2.2340501841590408,CHE(A),WOL(A),NEW(H),MUN(A),LEE(H),CRY(A),0.0,0.0,0.9523055174497719,1.1175408772327884,0.9586805445269106,0.9210852290552671,0.9978050397522342,1.0111928019049574,Brighton,38
Aaron,Ramsey,A.Ramsey,Midfielder,BUR,5.684159760936213,8.428497685248425,0.0,0.0,has joined Leicester City on loan for the rest of the season.,4.4,1.4,0.0,0.0,0,0,0.0,0.0,0.0,0.0,0.0,,0.0,0.0,0.0,0.0,0.0,0,0,0,0,0,0.0,0.0,0.0,0.0,0.0,0.0,0.3911902046155899,0.6392945682479576,1.129971244899936,1.6614707525622012,1.8622329906105288,2.744337924312213,MCI(A),AVL(A),LEE(H),WOL(A),ARS(H),WHU(A),0.0,0.0,0.8968475614707909,0.9977997168619978,0.9978050397522342,1.1175408772327884,0.9210901427022543,1.0247656572203843,Burnley,38
Luis Guilherme,Lira dos Santos,L.Guilherme,Midfielder,WHU,5.324263586405559,8.425279845466696,0.0,0.0,has joined Sporting CP permanently.,4.9,0.0,0.0,1.0,5,0,1.0,0.0,0.05,0.02,0.07,,9.2,14.5,4.0,2.5,0.0,0,0,0,2,1,0.0,0.0,0.0,0.0,0.0,0.0,0.41321356742510934,0.6197160214984109,1.0597179122744005,1.4528509761498436,1.778765109057795,3.1010162590611365,EVE(A),ARS(A),BRE(H),LEE(A),NEW(H),BUR(H),0.0,0.0,1.0179566082209277,0.9334486047869694,0.9780471761839342,1.045467296709635,0.9586805445269106,1.1325472438885735,West Ham,38
Eiran,Cashin,Cashin,Defender,BHA,6.175384843667567,8.383118632458372,0.0,0.0,has joined Blackburn Rovers on loan for the rest of the season.,4.0,0.0,0.0,0.0,0,0,0.0,0.0,0.0,0.0,0.0,,0.0,0.0,0.0,0.0,0.0,0,0,0,0,0,0.0,0.0,0.0,0.0,0.0,0.0,0.40500641401959836,0.7170021087577555,1.1809454362198413,1.4927445870154494,2.379686297654923,2.2077337887908044,CHE(A),WOL(A),NEW(H),MUN(A),LEE(H),CRY(A),0.0,0.0,0.9523055174497719,1.1175408772327884,0.9586805445269106,0.9210852290552671,0.9978050397522342,1.0111928019049574,Brighton,38
Matt,Doherty,Doherty,Defender,WOL,6.512735697830078,8.383076734819,0.0,0.0,Knock - Expected back 01 Jun,4.4,0.1,0.0,3.2,14,0,1.3,0.0,0.01,0.02,0.03,,132.4,51.1,20.0,20.5,0.0,0,0,1,15,11,0.0,0.0,0.0,0.0,0.0,0.0,0.5452102704348256,0.9244174239522961,1.7609041398109748,1.4247604083052563,1.8574434553267256,1.8703410369889217,TOT(A),BHA(H),SUN(A),BUR(H),FUL(A),CHE(A),0.0,0.0,1.0111928019049574,0.9780471761839342,1.052460363008469,1.1325472438885735,1.0385206957960817,0.9523055174497719,Wolves,38
Ben,Winterburn,Winterburn,Midfielder,BOU,5.965807275958167,8.382500251476259,0.0,0.0,has joined Barnet on loan for the rest of the season.,4.5,0.0,0.0,0.2,1,0,1.0,0.0,0.0,0.0,0.0,,0.0,0.0,0.0,0.0,0.0,0,0,0,2,0,0.0,0.0,0.0,0.0,0.0,0.0,0.41402414497951534,0.7865789332752742,1.4990087518528157,1.568091229794734,1.6981042160558284,2.416692975518092,LEE(A),FUL(H),CRY(A),NFO(H),MCI(A),AVL(A),0.0,0.0,1.045467296709635,1.0111981962423193,1.0111928019049574,1.045472873888674,0.8968475614707909,0.9977997168619978,Bournemouth,38
Darko,Churlinov,Churlinov,Midfielder,BUR,5.504106745220678,8.379982681179555,0.0,0.0,has joined Kocaelispor  permanently.,4.9,0.0,0.0,0.0,0,0,0.0,0.0,0.0,0.0,0.0,,0.0,0.0,0.0,0.0,0.0,0,0,0,0,0,0.0,0.0,0.0,0.0,0.0,0.0,0.3780563679490448,0.6253555038006029,1.0590583640140478,1.5691003236283407,1.8725361858286416,2.8758759359588772,MCI(A),AVL(A),LEE(H),WOL(A),ARS(H),WHU(A),0.0,0.0,0.8968475614707909,0.9977997168619978,0.9978050397522342,1.1175408772327884,0.9210901427022543,1.0247656572203843,Burnley,38
Franco,Umeh-Chibueze,Umeh,Midfielder,CRY,6.163588182914768,8.362448019407527,0.0,0.0,has joined Portsmouth permanently.,4.5,0.0,0.0,0.0,0,0,0.0,0.0,0.0,0.0,0.0,,0.0,0.0,0.0,0.0,0.0,0,0,0,0,0,0.0,0.0,0.0,0.0,0.0,0.0,0.39359453688354046,0.6452980612143031,1.180913699077041,1.3367402514658706,2.607041634274012,2.1988598364927596,LIV(H),EVE(A),BOU(H),ARS(A),BRE(H),BHA(H),0.0,0.0,0.9210901427022543,1.0179566082209277,0.9911751304069054,0.9334486047869694,0.9780471761839342,0.9780471761839342,Crystal Palace,38
Matheus,França de Oliveira,M.França,Midfielder,CRY,6.163588182914768,8.362448019407527,0.0,0.0,Has joined CR Vasco da Gama on loan for the rest of the season.,4.5,0.0,0.0,0.0,0,0,0.0,0.0,0.0,0.0,0.0,,0.0,0.0,0.0,0.0,0.0,0,0,0,0,0,0.0,0.0,0.0,0.0,0.0,0.0,0.39359453688354046,0.6452980612143031,1.180913699077041,1.3367402514658706,2.607041634274012,2.1988598364927596,LIV(H),EVE(A),BOU(H),ARS(A),BRE(H),BHA(H),0.0,0.0,0.9210901427022543,1.0179566082209277,0.9911751304069054,0.9334486047869694,0.9780471761839342,0.9780471761839342,Crystal Palace,38
David,Ozoh,Ozoh,Midfielder,CRY,6.163588182914768,8.362448019407527,0.0,0.0,Has joined Derby County on loan for the rest of the season.,4.5,0.0,0.0,0.0,0,0,0.0,0.0,0.0,0.0,0.0,,0.0,0.0,0.0,0.0,0.0,0,0,0,0,0,0.0,0.0,0.0,0.0,0.0,0.0,0.39359453688354046,0.6452980612143031,1.180913699077041,1.3367402514658706,2.607041634274012,2.1988598364927596,LIV(H),EVE(A),BOU(H),ARS(A),BRE(H),BHA(H),0.0,0.0,0.9210901427022543,1.0179566082209277,0.9911751304069054,0.9334486047869694,0.9780471761839342,0.9780471761839342,Crystal Palace,38
Malcolm,Ebiowei,Ebiowei,Midfielder,CRY,6.163588182914768,8.362448019407527,0.0,0.0,Has joined Blackpool permanently.,4.5,0.0,0.0,0.0,0,0,0.0,0.0,0.0,0.0,0.0,,0.0,0.0,0.0,0.0,0.0,0,0,0,0,0,0.0,0.0,0.0,0.0,0.0,0.0,0.39359453688354046,0.6452980612143031,1.180913699077041,1.3367402514658706,2.607041634274012,2.1988598364927596,LIV(H),EVE(A),BOU(H),ARS(A),BRE(H),BHA(H),0.0,0.0,0.9210901427022543,1.0179566082209277,0.9911751304069054,0.9334486047869694,0.9780471761839342,0.9780471761839342,Crystal Palace,38
Callan,McKenna,McKenna,Goalkeeper,BOU,6.470631621080857,8.353184304744754,,,,3.9,0.2,0.0,0.0,0,0,0.0,0.0,0.0,0.0,0.0,,0.0,0.0,0.0,0.0,0.0,0,0,0,0,0,0.0,0.0,0.0,0.0,0.0,0.0,1.0385825656130712,1.5563309380769275,1.4196331283393309,1.1807789688673973,1.2753060201841306,1.882552683663898,LEE(A),FUL(H),CRY(A),NFO(H),MCI(A),AVL(A),0.0,0.0,1.045467296709635,1.0111981962423193,1.0111928019049574,1.045472873888674,0.8968475614707909,0.9977997168619978,Bournemouth,38
Luca,Koleosho,Koleosho,Midfielder,BUR,5.447224350547328,8.351737302051673,0.0,0.0,has joined Paris FC on loan for the rest of the season.,5.0,0.0,0.0,0.0,0,0,0.0,0.0,0.0,0.0,0.0,,0.0,0.0,0.0,0.0,0.0,0,0,0,0,0,0.0,0.0,0.0,0.0,0.0,0.0,0.3854825249668098,0.6250102240573793,1.029385973418266,1.5666302609038518,1.8407153672010212,2.904512951504344,MCI(A),AVL(A),LEE(H),WOL(A),ARS(H),WHU(A),0.0,0.0,0.8968475614707909,0.9977997168619978,0.9978050397522342,1.1175408772327884,0.9210901427022543,1.0247656572203843,Burnley,38
Edson,Álvarez Velázquez,Álvarez,Midfielder,WHU,5.350703449084854,8.343891623040966,0.0,0.0,Has joined Fenerbahçe on loan for the rest of the season.,4.9,0.0,0.0,0.0,0,0,0.0,0.0,0.0,0.0,0.0,,0.0,0.0,0.0,0.0,0.0,0,0,0,0,0,0.0,0.0,0.0,0.0,0.0,0.0,0.433816361593682,0.5865284135206709,1.1421577267032534,1.4975315260148345,1.690669421252413,2.993188173956112,EVE(A),ARS(A),BRE(H),LEE(A),NEW(H),BUR(H),0.0,0.0,1.0179566082209277,0.9334486047869694,0.9780471761839342,1.045467296709635,0.9586805445269106,1.1325472438885735,West Ham,38
Maxwel,Cornet,Cornet,Midfielder,WHU,5.350703449084854,8.343891623040966,0.0,0.0,has joined Genoa on loan for the rest of the season.,4.9,0.0,0.0,0.0,0,0,0.0,0.0,0.0,0.0,0.0,,0.0,0.0,0.0,0.0,0.0,0,0,0,0,0,0.0,0.0,0.0,0.0,0.0,0.0,0.433816361593682,0.5865284135206709,1.1421577267032534,1.4975315260148345,1.690669421252413,2.993188173956112,EVE(A),ARS(A),BRE(H),LEE(A),NEW(H),BUR(H),0.0,0.0,1.0179566082209277,0.9334486047869694,0.9780471761839342,1.045467296709635,0.9586805445269106,1.1325472438885735,West Ham,38
Ki-Jana,Hoever,Hoever,Defender,WOL,6.037679554358672,8.34374277495257,0.0,0.0,has joined Sheffield United on loan for the rest of the season.,3.8,0.8,0.0,2.6,10,0,1.2,0.0,0.0,0.08,0.08,,101.4,87.8,13.0,20.3,0.0,0,0,0,13,6,0.0,0.0,0.0,0.0,0.0,0.0,0.4646310324216538,0.8542464809763854,1.4416034744064208,1.3562561277676017,1.92094243878661,2.3060632205938996,TOT(A),BHA(H),SUN(A),BUR(H),FUL(A),CHE(A),0.0,0.0,1.0111928019049574,0.9780471761839342,1.052460363008469,1.1325472438885735,1.0385206957960817,0.9523055174497719,Wolves,38
Jesurun,Rak-Sakyi,J.Rak-Sakyi,Midfielder,CRY,6.150958753726108,8.342704121323537,0.0,0.0,has joined Stoke City on loan for the rest of the season.,4.4,0.0,0.0,0.0,0,0,0.0,0.0,0.0,0.0,0.0,,0.0,0.0,0.0,0.0,0.0,0,0,0,0,0,0.0,0.0,0.0,0.0,0.0,0.0,0.39359453688354046,0.6613392036074425,1.1792905084971108,1.3309281930918357,2.5858063116461794,2.1917453675974294,LIV(H),EVE(A),BOU(H),ARS(A),BRE(H),BHA(H),0.0,0.0,0.9210901427022543,1.0179566082209277,0.9911751304069054,0.9334486047869694,0.9780471761839342,0.9780471761839342,Crystal Palace,38
Jamaal,Lascelles,Lascelles,Defender,NEW,6.089530775599063,8.335046573032638,0.0,0.0,has joined Leicester City permanently.,4.3,0.0,0.0,0.2,1,0,0.5,0.0,0.19,0.0,0.19,,10.2,0.0,7.0,1.7,0.0,0,0,0,2,0,0.0,0.0,0.0,0.0,0.0,0.0,0.38978684079481873,0.8924737592853254,1.5994420817622397,1.4984899204134468,1.709338173343232,2.245515797433576,ARS(H),NFO(H),BHA(A),FUL(H),WHU(A),BRE(A),0.0,0.0,0.9210901427022543,1.045472873888674,0.9780419586939864,1.0111981962423193,1.0247656572203843,1.0179566082209277,Newcastle,38
Guido,Rodríguez,G.Rodriguez,Midfielder,WHU,5.220828747946594,8.325765568308766,0.0,0.0,has joined Valencia on loan for the rest of the season.,4.8,0.0,0.0,1.7,8,0,1.3,0.0,0.02,0.02,0.04,,9.8,6.0,2.0,1.7,0.0,0,0,1,2,2,0.0,0.0,0.0,0.0,0.0,0.0,0.4216425423531593,0.6352614818726849,1.0092308485517771,1.4051899672705515,1.7495039078984205,3.1049368203621723,EVE(A),ARS(A),BRE(H),LEE(A),NEW(H),BUR(H),0.0,0.0,1.0179566082209277,0.9334486047869694,0.9780471761839342,1.045467296709635,0.9586805445269106,1.1325472438885735,West Ham,38
Christos,Mandas,Mandas,Goalkeeper,BOU,6.437419531876927,8.325475215264941,,,,4.0,0.0,0.0,0.0,0,0,0.0,0.0,0.0,0.0,0.0,,0.0,0.0,0.0,0.0,0.0,0,0,0,0,0,0.0,0.0,0.0,0.0,0.0,0.0,1.0419514439013207,1.5523472910185614,1.4100886341652012,1.2094549487192985,1.2235772140725445,1.8880556833880144,LEE(A),FUL(H),CRY(A),NFO(H),MCI(A),AVL(A),0.0,0.0,1.045467296709635,1.0111981962423193,1.0111928019049574,1.045472873888674,0.8968475614707909,0.9977997168619978,Bournemouth,38
Fraser,Forster,Forster,Goalkeeper,BOU,6.437419531876927,8.325475215264941,,,,4.0,0.0,0.0,0.0,0,0,0.0,0.0,0.0,0.0,0.0,,0.0,0.0,0.0,0.0,0.0,0,0,0,0,0,0.0,0.0,0.0,0.0,0.0,0.0,1.0419514439013207,1.5523472910185614,1.4100886341652012,1.2094549487192985,1.2235772140725445,1.8880556833880144,LEE(A),FUL(H),CRY(A),NFO(H),MCI(A),AVL(A),0.0,0.0,1.045467296709635,1.0111981962423193,1.0111928019049574,1.045472873888674,0.8968475614707909,0.9977997168619978,Bournemouth,38
Jacob,Slater,Slater,Defender,BHA,6.113987042492958,8.324685863745533,0.0,0.0,has joined Harrogate Town on loan until January.,4.0,0.1,0.0,0.0,0,0,0.0,0.0,0.0,0.0,0.0,,0.0,0.0,0.0,0.0,0.0,0,0,0,0,0,0.0,0.0,0.0,0.0,0.0,0.0,0.40500641401959836,0.7015994662154523,1.1719930587093343,1.4861649556834635,2.3492231478651093,2.210698821252575,CHE(A),WOL(A),NEW(H),MUN(A),LEE(H),CRY(A),0.0,0.0,0.9523055174497719,1.1175408772327884,0.9586805445269106,0.9210852290552671,0.9978050397522342,1.0111928019049574,Brighton,38
Lorenzo,Lucca,Lucca,Forward,NFO,6.541797617227338,8.324296917551113,,,,5.3,0.0,0.0,1.7,9,0,2.2,0.0,0.56,0.01,0.57,,37.2,13.0,39.0,8.5,0.0,1,0,1,1,1,0.0,0.0,0.0,0.0,0.0,0.0,0.9099782697160891,1.412380538621265,1.1660587476073523,1.6740626823050055,1.379317378977627,1.7824993003237737,SUN(H),NEW(A),CHE(H),BOU(A),MUN(H),LEE(H),0.0,0.0,1.0737272005708411,1.0385206957960817,0.9650930995904489,0.9586754303501859,0.9334535843879661,0.9978050397522342,Nott'm Forest,38
Jason,Steele,Steele,Goalkeeper,BHA,6.577319879335812,8.31132201273224,,,,4.2,0.2,0.0,0.0,0,0,0.0,0.0,0.0,0.0,0.0,,0.0,0.0,0.0,0.0,0.0,0,0,0,0,0,0.0,0.0,0.0,0.0,0.0,0.0,0.9466099547893256,1.8285380818553865,1.2206097032861218,0.8399596259329888,1.7416025134719901,1.7340021333964275,CHE(A),WOL(A),NEW(H),MUN(A),LEE(H),CRY(A),0.0,0.0,0.9523055174497719,1.1175408772327884,0.9586805445269106,0.9210852290552671,0.9978050397522342,1.0111928019049574,Brighton,38
Ármin,Pécsi,Pécsi,Goalkeeper,LIV,6.57811180725483,8.2793955682968,,,,3.8,0.9,0.0,0.0,0,0,0.0,0.0,0.0,0.0,0.0,,0.0,0.0,0.0,0.0,0.0,0,0,0,0,0,0.0,0.0,0.0,0.0,0.0,0.0,1.0254882171026345,1.6109667183038912,1.2108416853971764,1.388241489270126,1.342573697181002,1.7012837610419715,CRY(A),CHE(A),MUN(H),BRE(A),AVL(H),MCI(A),0.0,0.0,1.0111928019049574,0.9523055174497719,0.9334535843879661,1.0179566082209277,0.971548547839499,0.8968475614707909,Liverpool,38
Sam,Johnstone,Johnstone,Goalkeeper,WOL,5.804950332077159,8.264966089228308,0.0,0.0,Shoulder injury - Expected back 25 May,4.4,0.1,0.0,4.8,21,0,1.8,0.0,0.0,0.0,0.0,,308.0,0.1,0.0,30.8,0.0,0,0,0,24,12,0.0,0.0,0.0,0.0,0.0,0.0,0.4047171215124678,0.7418577050448092,1.4803188200525037,1.3741893899366584,1.8038672955307202,2.460015757151148,TOT(A),BHA(H),SUN(A),BUR(H),FUL(A),CHE(A),0.0,0.0,1.0111928019049574,0.9780471761839342,1.052460363008469,1.1325472438885735,1.0385206957960817,0.9523055174497719,Wolves,38
Emil,Krafth,Krafth,Defender,NEW,5.949296111726501,8.26329081874472,0.0,0.0,Knee injury - Unknown return date,4.3,0.0,0.0,0.0,0,0,0.0,0.0,0.0,0.0,0.0,,1.4,1.2,0.0,0.3,0.0,0,0,0,2,1,0.0,0.0,0.0,0.0,0.0,0.0,0.3795133181912915,0.7963322973783635,1.3817556730979828,1.6331070785961712,1.758587744462692,2.313994707018218,ARS(H),NFO(H),BHA(A),FUL(H),WHU(A),BRE(A),0.0,0.0,0.9210901427022543,1.045472873888674,0.9780419586939864,1.0111981962423193,1.0247656572203843,1.0179566082209277,Newcastle,38
Hamed,Traorè,H.Traorè,Midfielder,BOU,5.785180083741488,8.261616387085942,0.0,0.0,has joined Marseille on loan for the rest of the season.,4.5,0.3,0.0,0.9,4,0,4.0,0.0,0.0,0.0,0.0,,21.2,10.0,0.0,3.1,0.0,0,1,0,2,0,0.0,0.0,0.0,0.0,0.0,0.0,0.4169408020887898,0.7408012908064251,1.3934680455759683,1.5641215364793013,1.669848408791004,2.4764363033444545,LEE(A),FUL(H),CRY(A),NFO(H),MCI(A),AVL(A),0.0,0.0,1.045467296709635,1.0111981962423193,1.0111928019049574,1.045472873888674,0.8968475614707909,0.9977997168619978,Bournemouth,38
Alfie,Pond,Pond,Defender,WOL,5.972398102739676,8.249578891438212,0.0,0.0,has joined Crewe Alexandra on loan for the rest of the season.,3.9,0.9,0.0,0.0,0,0,0.0,0.0,0.0,0.0,0.0,,0.0,0.0,0.0,0.0,0.0,0,0,0,0,0,0.0,0.0,0.0,0.0,0.0,0.0,0.43932264009652555,0.6721680768237113,1.3592334751812605,1.8491211217923063,1.652552788845873,2.277180788698535,TOT(A),BHA(H),SUN(A),BUR(H),FUL(A),CHE(A),0.0,0.0,1.0111928019049574,0.9780471761839342,1.052460363008469,1.1325472438885735,1.0385206957960817,0.9523055174497719,Wolves,38
Naouirou,Ahamada,Ahamada,Midfielder,CRY,6.05965915115092,8.23297224668021,0.0,0.0,has joined AJ Auxerre permanently.,4.3,0.0,0.0,0.0,0,0,0.0,0.0,0.0,0.0,0.0,,0.0,0.0,0.0,0.0,0.0,0,0,0,0,0,0.0,0.0,0.0,0.0,0.0,0.0,0.39359453688354046,0.6613392036074425,1.1792905084971108,1.3290163005479092,2.4964186016149172,2.17331309552929,LIV(H),EVE(A),BOU(H),ARS(A),BRE(H),BHA(H),0.0,0.0,0.9210901427022543,1.0179566082209277,0.9911751304069054,0.9334486047869694,0.9780471761839342,0.9780471761839342,Crystal Palace,38
Oluwaseun,Adewumi,Adewumi,Midfielder,BUR,5.54075130304941,8.231720517080143,0.0,0.0,Has joined Cercle Brugge on loan for the rest of the season.,4.5,0.0,0.0,0.0,0,0,0.0,0.0,0.0,0.0,0.0,,0.0,0.0,0.0,0.0,0.0,0,0,0,0,0,0.0,0.0,0.0,0.0,0.0,0.0,0.3780563679490448,0.6233172932403437,1.1424329532468493,1.5721476428450138,1.8247970457681588,2.6909692140307335,MCI(A),AVL(A),LEE(H),WOL(A),ARS(H),WHU(A),0.0,0.0,0.8968475614707909,0.9977997168619978,0.9978050397522342,1.1175408772327884,0.9210901427022543,1.0247656572203843,Burnley,38
Jarrad,Branthwaite,Branthwaite,Defender,EVE,5.598902479708888,8.223640148921987,0.0,0.0,Hamstring injury - Expected back 01 Jun,5.3,0.3,0.0,6.0,32,0,3.2,0.0,0.05,0.01,0.06,,175.0,42.8,75.0,29.3,0.0,1,1,1,9,7,0.0,0.0,0.0,0.0,0.0,0.0,0.43747181515691186,0.917449386887599,1.150296706870254,1.4291827845278537,1.6645017862662697,2.6247376692130997,WHU(H),CRY(H),MCI(A),TOT(H),SUN(A),FUL(H),0.0,0.0,1.0316257548390524,1.0385262359175895,0.8968475614707909,1.0247711239638793,1.052460363008469,1.0111981962423193,Everton,38
John,Ruddy,Ruddy,Goalkeeper,NEW,6.330608560664473,8.221536599794666,,,,4.0,0.0,0.0,0.0,0,0,0.0,0.0,0.0,0.0,0.0,,0.0,0.0,0.0,0.0,0.0,0,0,0,0,0,0.0,0.0,0.0,0.0,0.0,0.0,0.9081553777318776,1.6254015634882866,1.3699202769107242,1.1387803383959372,1.2883510041376476,1.8909280391301937,ARS(H),NFO(H),BHA(A),FUL(H),WHU(A),BRE(A),0.0,0.0,0.9210901427022543,1.045472873888674,0.9780419586939864,1.0111981962423193,1.0247656572203843,1.0179566082209277,Newcastle,38
Maldini,Kacurri,Kacurri,Defender,ARS,5.753642781689899,8.220507986087812,0.0,0.0,has joined Morecambe on loan for the rest of the season.,3.9,0.1,0.0,0.0,0,0,0.0,0.0,0.0,0.0,0.0,,0.0,0.0,0.0,0.0,0.0,0,0,0,0,0,0.0,0.0,0.0,0.0,0.0,0.0,0.4259868347891534,0.7015357619957148,1.3711846589500731,1.5432027653217812,1.7117327606331765,2.466865204397913,NEW(A),WHU(H),FUL(A),CRY(H),BUR(A),SUN(A),0.0,0.0,1.0385206957960817,1.0316257548390524,1.0385206957960817,1.0385262359175895,1.0881336264811785,1.052460363008469,Arsenal,38
Jaydon,Banel,Banel,Midfielder,BUR,5.54584319412688,8.217645322088362,0.0,0.0,has joined Derby County on loan for the rest of the season.,4.5,0.0,0.0,0.2,1,0,1.0,0.0,0.0,0.0,0.0,,0.0,0.5,0.0,0.0,0.0,0,0,0,0,0,0.0,0.0,0.0,0.0,0.0,0.0,0.36128921631269,0.633032854389252,1.1232111097788604,1.5428514908161812,1.8854585228298963,2.671802127961482,MCI(A),AVL(A),LEE(H),WOL(A),ARS(H),WHU(A),0.0,0.0,0.8968475614707909,0.9977997168619978,0.9978050397522342,1.1175408772327884,0.9210901427022543,1.0247656572203843,Burnley,38
Patrick,Bamford,Bamford,Forward,LEE,5.7884810867248575,8.212972156183245,0.0,0.0,has departed the club as a free agent.,4.9,0.3,0.0,0.0,0,0,0.0,0.0,0.0,0.0,0.0,,0.0,0.0,0.0,0.0,0.0,0,0,0,0,0,0.0,0.0,0.0,0.0,0.0,0.0,0.4334546116468868,0.7198172498154748,1.5420775476712727,1.5677350705197208,1.5253966070715024,2.4244910694583863,BOU(H),TOT(H),BUR(A),WHU(H),BHA(A),NFO(A),0.0,0.0,0.9911751304069054,1.0247711239638793,1.0881336264811785,1.0316257548390524,0.9780419586939864,1.0111928019049574,Leeds,38
Mark,Gillespie,Gillespie,Goalkeeper,NEW,6.328961615010319,8.205780780387803,,,,3.9,0.1,0.0,0.0,0,0,0.0,0.0,0.0,0.0,0.0,,0.0,0.0,0.0,0.0,0.0,0,0,0,0,0,0.0,0.0,0.0,0.0,0.0,0.0,0.8958259708630507,1.60360287371633,1.3775191771742625,1.117755876416621,1.3342577168400551,1.876819165377485,ARS(H),NFO(H),BHA(A),FUL(H),WHU(A),BRE(A),0.0,0.0,0.9210901427022543,1.045472873888674,0.9780419586939864,1.0111981962423193,1.0247656572203843,1.0179566082209277,Newcastle,38
João Pedro,Ferreira da Silva,Jota,Midfielder,NFO,5.251718458789149,8.204832822316316,0.0,0.0,has joined Besiktas on loan for the rest of the season.,5.4,0.0,0.0,0.2,1,0,1.0,0.0,0.0,0.0,0.0,,5.0,0.5,4.0,1.0,0.0,0,0,0,0,0,0.0,0.0,0.0,0.0,0.0,0.0,0.4599730181502401,0.6566177509499854,0.9831230493371871,1.4264709237475102,1.725533716604227,2.9531143635271677,SUN(H),NEW(A),CHE(H),BOU(A),MUN(H),LEE(H),0.0,0.0,1.0737272005708411,1.0385206957960817,0.9650930995904489,0.9586754303501859,0.9334535843879661,0.9978050397522342,Nott'm Forest,38
Jack,Grealish,Grealish,Midfielder,EVE,6.692814928083841,8.165328454414324,0.0,0.0,Foot injury - Expected back 01 Jun,6.3,5.6,0.0,12.5,79,0,4.0,0.0,0.11,0.19,0.3,,374.2,520.5,397.0,129.2,0.0,2,6,7,23,18,0.0,0.0,0.0,0.0,0.0,0.0,0.3545261219310139,1.38454161359408,1.1403903919067035,1.6710497182691086,2.142307082382935,1.4725135263304823,WHU(H),CRY(H),MCI(A),TOT(H),SUN(A),FUL(H),0.0,0.0,1.0316257548390524,1.0385262359175895,0.8968475614707909,1.0247711239638793,1.052460363008469,1.0111981962423193,Everton,38
Darwin,Núñez Ribeiro,Darwin,Forward,LIV,5.78708628427916,8.164574804610995,0.0,0.0,Has joined Al-Hilal permanently.,6.5,0.1,0.0,0.0,0,0,0.0,0.0,0.0,0.0,0.0,,0.0,0.0,0.0,0.0,0.0,0,0,0,0,0,0.0,0.0,0.0,0.0,0.0,0.0,0.45988317958327235,0.6346109651939245,1.3365415199905133,1.794074458772418,1.5619761607390314,2.377488520331835,CRY(A),CHE(A),MUN(H),BRE(A),AVL(H),MCI(A),0.0,0.0,1.0111928019049574,0.9523055174497719,0.9334535843879661,1.0179566082209277,0.971548547839499,0.8968475614707909,Liverpool,38
Dermot,Mee,Mee,Goalkeeper,MUN,6.300517393000989,8.157698082844474,,,,3.9,0.1,0.0,0.0,0,0,0.0,0.0,0.0,0.0,0.0,,0.0,0.0,0.0,0.0,0.0,0,0,0,0,0,0.0,0.0,0.0,0.0,0.0,0.0,0.9900355291835422,1.6469408890719228,1.2886788122615294,1.0582764732109866,1.316585689273008,1.8571806898434848,BRE(A),SUN(H),LIV(A),BHA(H),NFO(A),TOT(A),0.0,0.0,1.0179566082209277,1.0737272005708411,0.9149650840122292,0.9780471761839342,1.0111928019049574,1.0111928019049574,Man Utd,38
Alfie,Brooks,Brooks,Goalkeeper,WOL,6.490926266816112,8.155155857050207,,,,4.0,0.0,0.0,0.0,0,0,0.0,0.0,0.0,0.0,0.0,,0.0,0.0,0.0,0.0,0.0,0,0,0,0,0,0.0,0.0,0.0,0.0,0.0,0.0,1.016292410851474,1.507999730330906,1.3729627818530425,1.2620103868803234,1.331660956900366,1.6642295902340951,TOT(A),BHA(H),SUN(A),BUR(H),FUL(A),CHE(A),0.0,0.0,1.0111928019049574,0.9780471761839342,1.052460363008469,1.1325472438885735,1.0385206957960817,0.9523055174497719,Wolves,38
Ronnie,Hollingshead,Hollingshead,Goalkeeper,AVL,6.398698689585755,8.152675179988211,,,,4.0,0.0,0.0,0.0,0,0,0.0,0.0,0.0,0.0,0.0,,0.0,0.0,0.0,0.0,0.0,0,0,0,0,0,0.0,0.0,0.0,0.0,0.0,0.0,0.9845316568373579,1.7446943462906597,1.4302735154642534,0.8775418276191326,1.3616573433743524,1.753976490402457,FUL(H),BUR(H),TOT(A),MCI(H),LIV(A),BOU(H),0.0,0.0,1.0111981962423193,1.1325472438885735,1.0111928019049574,0.8968523458188399,0.9149650840122292,0.9911751304069054,Aston Villa,38
Manor,Solomon,Solomon,Midfielder,TOT,5.3458976095054,8.151063171795478,0.0,0.0,has joined Fiorentina on loan for the rest of the season.,5.4,0.0,0.0,0.0,0,0,0.0,0.0,0.0,0.0,0.0,,0.0,0.0,0.0,0.0,0.0,0,0,0,0,0,0.0,0.0,0.0,0.0,0.0,0.0,0.47556385581362376,0.6523937900695477,0.9616412452374197,1.5067002741346702,1.749598444250139,2.8051655622900773,WOL(H),LEE(A),AVL(H),EVE(A),CHE(H),MUN(H),0.0,0.0,1.110121305916802,1.045467296709635,0.971548547839499,1.0179566082209277,0.9650930995904489,0.9334535843879661,Spurs,38
Tom,McGill,McGill,Goalkeeper,BHA,6.384115594234293,8.139357557145171,,,,3.9,0.3,0.0,0.0,0,0,0.0,0.0,0.0,0.0,0.0,,0.0,0.0,0.0,0.0,0.0,0,0,0,0,0,0.0,0.0,0.0,0.0,0.0,0.0,0.9064008660657675,1.8167110012223944,1.1732174663205415,0.8556375214401644,1.6321487391854252,1.7552419629108786,CHE(A),WOL(A),NEW(H),MUN(A),LEE(H),CRY(A),0.0,0.0,0.9523055174497719,1.1175408772327884,0.9586805445269106,0.9210852290552671,0.9978050397522342,1.0111928019049574,Brighton,38
Manuel,Akanji,Akanji,Defender,MCI,5.620811872970046,8.117749486095526,0.0,0.0,has joined Inter Milan on loan for the rest of the season.,5.4,0.3,0.0,0.0,0,0,0.0,0.0,0.0,0.0,0.0,,0.0,0.0,0.0,0.0,0.0,0,0,0,0,0,0.0,0.0,0.0,0.0,0.0,0.0,0.5006973717059262,0.6670889423876628,1.2446934184956198,1.5024413787781732,1.7058907616026644,2.49693761312548,BUR(H),BRE(A),EVE(H),AVL(A),BOU(H),LIV(H),0.0,0.0,1.1325472438885735,1.0179566082209277,1.0524659774929148,0.9977997168619978,0.9911751304069054,0.9210901427022543,Man City,38
Nayef,Aguerd,N.Aguerd,Defender,WHU,5.33962624386129,8.065225596312349,0.0,0.0,has joined Marseille permanently.,4.4,0.0,0.0,0.7,3,0,1.5,0.0,0.05,0.02,0.07,,39.0,3.9,8.0,5.1,0.0,0,0,0,8,2,0.0,0.0,0.0,0.0,0.0,0.0,0.4443650121297964,0.6580773190918493,1.1720283143027739,1.4423705546295036,1.622785043707367,2.7255993524510576,EVE(A),ARS(A),BRE(H),LEE(A),NEW(H),BUR(H),0.0,0.0,1.0179566082209277,0.9334486047869694,0.9780471761839342,1.045467296709635,0.9586805445269106,1.1325472438885735,West Ham,38
Lewis,Orford,Orford,Midfielder,WHU,5.16168558261656,8.05165353763051,0.0,0.0,has joined Stevenage on loan for the rest of the season.,4.4,0.1,0.0,0.0,0,0,0.0,0.0,0.0,0.0,0.0,,0.0,0.0,0.0,0.0,0.0,0,0,0,0,0,0.0,0.0,0.0,0.0,0.0,0.0,0.4345982568435476,0.6084399215041517,1.1147609538124186,1.4722533239952103,1.5316331264612306,2.8899679550139514,EVE(A),ARS(A),BRE(H),LEE(A),NEW(H),BUR(H),0.0,0.0,1.0179566082209277,0.9334486047869694,0.9780471761839342,1.045467296709635,0.9586805445269106,1.1325472438885735,West Ham,38
Martial,Godo,Godo,Midfielder,FUL,5.408683191327855,8.04454581552055,0.0,0.0,has joined Strasbourg permanently.,4.5,0.0,0.0,0.0,0,0,0.0,0.0,0.0,0.0,0.0,,0.0,0.0,0.0,0.0,0.0,0,0,0,0,0,0.0,0.0,0.0,0.0,0.0,0.0,0.4252262220928907,0.6166753648115919,1.0706260460463055,1.4651354297022459,1.8310201286748207,2.635862624192696,AVL(A),BOU(A),ARS(H),NEW(A),WOL(H),EVE(A),0.0,0.0,0.9977997168619978,0.9586754303501859,0.9210901427022543,1.0385206957960817,1.110121305916802,1.0179566082209277,Fulham,38
Luke,Harris,Harris,Midfielder,FUL,5.408683191327855,8.04454581552055,0.0,0.0,Has joined Oxford United on loan for the rest of the season.,4.5,0.0,0.0,0.0,0,0,0.0,0.0,0.0,0.0,0.0,,0.0,0.0,0.0,0.0,0.0,0,0,0,0,0,0.0,0.0,0.0,0.0,0.0,0.0,0.4252262220928907,0.6166753648115919,1.0706260460463055,1.4651354297022459,1.8310201286748207,2.635862624192696,AVL(A),BOU(A),ARS(H),NEW(A),WOL(H),EVE(A),0.0,0.0,0.9977997168619978,0.9586754303501859,0.9210901427022543,1.0385206957960817,1.110121305916802,1.0179566082209277,Fulham,38
Kalvin,Phillips,Phillips,Midfielder,MCI,5.433074165610734,8.032363464167414,0.0,0.0,has joined Sheffield United on loan for the rest of the season.,4.7,0.1,0.0,0.0,0,0,0.0,0.0,0.0,0.0,0.0,,0.0,0.0,0.0,0.0,0.0,0,0,0,0,0,0.0,0.0,0.0,0.0,0.0,0.0,0.46977480295620166,0.6269328157551131,1.0702707819831836,1.440701744577862,1.8253940203383736,2.5992892985566796,BUR(H),BRE(A),EVE(H),AVL(A),BOU(H),LIV(H),0.0,0.0,1.1325472438885735,1.0179566082209277,1.0524659774929148,0.9977997168619978,0.9911751304069054,0.9210901427022543,Man City,38
Julián,Araujo Zúñiga,J.Araujo,Defender,BOU,5.580649749907289,8.024268184322093,0.0,0.0,has joined Celtic on loan for the rest of the season.,3.8,0.5,0.0,0.0,0,0,0.0,0.0,0.0,0.0,0.0,,0.0,0.0,0.0,0.0,0.0,0,0,0,0,0,0.0,0.0,0.0,0.0,0.0,0.0,0.4379374083526629,0.6808193934069381,1.3471437613090467,1.6946993883053094,1.4200497985333325,2.4436184344148035,LEE(A),FUL(H),CRY(A),NFO(H),MCI(A),AVL(A),0.0,0.0,1.045467296709635,1.0111981962423193,1.0111928019049574,1.045472873888674,0.8968475614707909,0.9977997168619978,Bournemouth,38
Mikey,Moore,Moore,Midfielder,TOT,5.386384080946667,8.011905813685482,0.0,0.0,Has joined Rangers on loan for the rest of the season.,5.0,0.0,0.0,0.0,0,0,0.0,0.0,0.0,0.0,0.0,,0.0,0.0,0.0,0.0,0.0,0,0,0,0,0,0.0,0.0,0.0,0.0,0.0,0.0,0.4604726386106113,0.6538912611715337,1.0173057295516321,1.4731467530134144,1.7815676985994753,2.6255217327388154,WOL(H),LEE(A),AVL(H),EVE(A),CHE(H),MUN(H),0.0,0.0,1.110121305916802,1.045467296709635,0.971548547839499,1.0179566082209277,0.9650930995904489,0.9334535843879661,Spurs,38
Vitor,de Oliveira Nunes dos Reis,Vitor Reis,Defender,MCI,5.685446094867088,7.998975012025271,0.0,0.0,Has joined Girona on loan for the rest of the season.,5.0,0.0,0.0,0.0,0,0,0.0,0.0,0.0,0.0,0.0,,0.0,0.0,0.0,0.0,0.0,0,0,0,0,0,0.0,0.0,0.0,0.0,0.0,0.0,0.494959626037842,0.6825519419070879,1.4396935404531725,1.4206549612871238,1.6475860251818621,2.313528917158183,BUR(H),BRE(A),EVE(H),AVL(A),BOU(H),LIV(H),0.0,0.0,1.1325472438885735,1.0179566082209277,1.0524659774929148,0.9977997168619978,0.9911751304069054,0.9210901427022543,Man City,38
Angus,Gunn,Gunn,Goalkeeper,NFO,6.022911745117389,7.970069081928435,100.0,100.0,,4.0,1.1,0.0,0.2,1,0,1.0,0.0,0.0,0.0,0.0,,1.2,0.0,0.0,0.1,0.0,0,0,0,0,0,0.0,0.0,0.0,0.0,0.0,0.0,1.0143725289990844,1.1857980224828117,1.2369461071188605,1.2421654874499217,1.3436295990667109,1.9471573368110462,SUN(H),NEW(A),CHE(H),BOU(A),MUN(H),LEE(H),0.0,0.0,1.0737272005708411,1.0385206957960817,0.9650930995904489,0.9586754303501859,0.9334535843879661,0.9978050397522342,Nott'm Forest,38
Bryan,Gil Salvatierra,Bryan,Midfielder,TOT,5.397817402701929,7.955484259350031,0.0,0.0,has joined Girona permanently.,4.9,0.0,0.0,0.0,0,0,0.0,0.0,0.0,0.0,0.0,,0.0,0.0,0.0,0.0,0.0,0,0,0,0,0,0.0,0.0,0.0,0.0,0.0,0.0,0.4604726386106113,0.6538912611715337,1.0272825762495623,1.4735018589651392,1.7826690677050827,2.557666856648102,WOL(H),LEE(A),AVL(H),EVE(A),CHE(H),MUN(H),0.0,0.0,1.110121305916802,1.045467296709635,0.971548547839499,1.0179566082209277,0.9650930995904489,0.9334535843879661,Spurs,38
Lewis,O'Brien,O'Brien,Midfielder,NFO,5.238396378494647,7.941171994743302,0.0,0.0,Has joined Wrexham permanently.,5.0,0.0,0.0,0.0,0,0,0.0,0.0,0.0,0.0,0.0,,0.0,0.0,0.0,0.0,0.0,0,0,0,0,0,0.0,0.0,0.0,0.0,0.0,0.0,0.44537654989561537,0.649711229623185,1.0918648527215413,1.3872472389271029,1.6641965073272023,2.7027756162486543,SUN(H),NEW(A),CHE(H),BOU(A),MUN(H),LEE(H),0.0,0.0,1.0737272005708411,1.0385206957960817,0.9650930995904489,0.9586754303501859,0.9334535843879661,0.9978050397522342,Nott'm Forest,38
Bastien,Meupiyou Menadjou,Meupiyou,Defender,WOL,5.668532104184488,7.903384680920167,0.0,0.0,On loan to FC Alverca,4.0,0.0,0.0,0.0,0,0,0.0,0.0,0.0,0.0,0.0,,0.0,0.0,0.0,0.0,0.0,0,0,0,0,0,0.0,0.0,0.0,0.0,0.0,0.0,0.42732807425352287,0.7098137503771179,1.2807905554509942,1.6396051752718108,1.6109945488310415,2.2348525767356793,TOT(A),BHA(H),SUN(A),BUR(H),FUL(A),CHE(A),0.0,0.0,1.0111928019049574,0.9780471761839342,1.052460363008469,1.1325472438885735,1.0385206957960817,0.9523055174497719,Wolves,38
Stefanos,Tzimas,Tzimas,Forward,BHA,6.042695184687887,7.896843608309249,0.0,0.0,Knee injury - Expected back 01 Jun,5.2,0.1,0.0,3.1,16,0,1.8,0.0,0.3,0.08,0.38,,66.6,65.7,44.0,17.7,0.0,1,1,0,2,1,0.0,0.0,0.0,0.0,0.0,0.0,0.448521789584254,0.8575327350524771,1.2347316093528364,1.0346218598134194,2.4672871908849006,1.854148423621361,CHE(A),WOL(A),NEW(H),MUN(A),LEE(H),CRY(A),0.0,0.0,0.9523055174497719,1.1175408772327884,0.9586805445269106,0.9210852290552671,0.9978050397522342,1.0111928019049574,Brighton,38
Owen,Dodgson,Dodgson,Defender,BUR,5.550512566717091,7.893625518296031,0.0,0.0,Has joined Stockport County on loan for the rest of the season.,4.0,0.0,0.0,0.0,0,0,0.0,0.0,0.0,0.0,0.0,,0.0,0.0,0.0,0.0,0.0,0,0,0,0,0,0.0,0.0,0.0,0.0,0.0,0.0,0.38900913143017596,0.6546609122257857,1.1588306276662947,1.9381081904908888,1.4099037049039467,2.3431129515789397,MCI(A),AVL(A),LEE(H),WOL(A),ARS(H),WHU(A),0.0,0.0,0.8968475614707909,0.9977997168619978,0.9978050397522342,1.1175408772327884,0.9210901427022543,1.0247656572203843,Burnley,38
Shurandy,Sambo,Sambo,Defender,BUR,5.550512566717091,7.893625518296031,0.0,0.0,has joined Sparta Rotterdam on loan for the rest of the season.,4.0,0.0,0.0,0.0,0,0,0.0,0.0,0.0,0.0,0.0,,0.0,0.0,0.0,0.0,0.0,0,0,0,0,0,0.0,0.0,0.0,0.0,0.0,0.0,0.38900913143017596,0.6546609122257857,1.1588306276662947,1.9381081904908888,1.4099037049039467,2.3431129515789397,MCI(A),AVL(A),LEE(H),WOL(A),ARS(H),WHU(A),0.0,0.0,0.8968475614707909,0.9977997168619978,0.9978050397522342,1.1175408772327884,0.9210901427022543,1.0247656572203843,Burnley,38
Jamie,Bynoe-Gittens,Gittens,Midfielder,CHE,6.350202658321574,7.876858460003596,25.0,25.0,Hamstring injury - 25% chance of playing,6.0,0.1,0.0,4.2,25,0,1.6,0.0,0.15,0.17,0.32,,93.0,130.4,91.0,31.3,0.0,0,2,1,7,5,0.0,0.0,0.0,0.0,0.0,0.0,0.6077515091218879,1.3383927844685544,1.2274145598325155,1.275350167543676,1.9012936373549392,1.5266558016820218,BHA(H),LIV(H),NFO(A),SUN(H),TOT(A),WOL(H),0.0,0.0,0.9780471761839342,0.9210901427022543,1.0111928019049574,1.0737272005708411,1.0111928019049574,1.110121305916802,Chelsea,38
Yang,Min-hyeok,Min-hyeok,Midfielder,TOT,5.397058029579615,7.851566900620978,0.0,0.0,has joined Coventry City on loan for the rest of the season.,4.5,0.0,0.0,0.0,0,0,0.0,0.0,0.0,0.0,0.0,,0.0,0.0,0.0,0.0,0.0,0,0,0,0,0,0.0,0.0,0.0,0.0,0.0,0.0,0.47309362891422413,0.6564686703071451,1.1345686668324098,1.4485746338367844,1.6843524296890509,2.454508871041363,WOL(H),LEE(A),AVL(H),EVE(A),CHE(H),MUN(H),0.0,0.0,1.110121305916802,1.045467296709635,0.971548547839499,1.0179566082209277,0.9650930995904489,0.9334535843879661,Spurs,38
Yusuf,Akhamrich,Akhamrich,Midfielder,TOT,5.397058029579615,7.851566900620978,0.0,0.0,has joined Bristol Rovers on loan for the rest of the season.,4.5,0.0,0.0,0.0,0,0,0.0,0.0,0.0,0.0,0.0,,0.0,0.0,0.0,0.0,0.0,0,0,0,0,0,0.0,0.0,0.0,0.0,0.0,0.0,0.47309362891422413,0.6564686703071451,1.1345686668324098,1.4485746338367844,1.6843524296890509,2.454508871041363,WOL(H),LEE(A),AVL(H),EVE(A),CHE(H),MUN(H),0.0,0.0,1.110121305916802,1.045467296709635,0.971548547839499,1.0179566082209277,0.9650930995904489,0.9334535843879661,Spurs,38
Saša,Kalajdžić,Kalajdžić,Forward,WOL,5.769723250527356,7.850464692810334,0.0,0.0,has joined LASK on loan for the rest of the season.,4.9,0.0,0.0,0.2,1,0,1.0,0.0,0.0,0.06,0.06,,1.0,4.3,2.0,0.7,0.0,0,0,0,0,0,0.0,0.0,0.0,0.0,0.0,0.0,0.4725705983170526,0.7607925553536952,1.4240176005849976,1.4772551017789677,1.635087394492643,2.0807414422829775,TOT(A),BHA(H),SUN(A),BUR(H),FUL(A),CHE(A),0.0,0.0,1.0111928019049574,0.9780471761839342,1.052460363008469,1.1325472438885735,1.0385206957960817,0.9523055174497719,Wolves,38
Fábio,Soares Silva,Fábio Silva,Forward,WOL,5.642525244650471,7.845488880121932,0.0,0.0,has joined Borussia Dortmund permanently.,4.9,0.2,0.0,0.0,0,0,0.0,0.0,0.0,0.0,0.0,,0.0,0.0,0.0,0.0,0.0,0,0,0,0,0,0.0,0.0,0.0,0.0,0.0,0.0,0.4538865295259314,0.6870831949031353,1.365315202492181,1.5949786988928676,1.541261618836355,2.2029636354714612,TOT(A),BHA(H),SUN(A),BUR(H),FUL(A),CHE(A),0.0,0.0,1.0111928019049574,0.9780471761839342,1.052460363008469,1.1325472438885735,1.0385206957960817,0.9523055174497719,Wolves,38
Harry,Gray,Gray,Forward,LEE,5.484068051561008,7.8447771950980645,0.0,0.0,has joined Rotherham United on loan for the rest of the season.,4.5,0.1,0.0,0.0,0,0,0.0,0.0,0.0,0.0,0.0,,0.0,0.0,0.0,0.0,0.0,0,0,0,0,0,0.0,0.0,0.0,0.0,0.0,0.0,0.41505476155545,0.6957013358082751,1.5063629508963168,1.4222159186129977,1.4447330846879682,2.3607091435370573,BOU(H),TOT(H),BUR(A),WHU(H),BHA(A),NFO(A),0.0,0.0,0.9911751304069054,1.0247711239638793,1.0881336264811785,1.0316257548390524,0.9780419586939864,1.0111928019049574,Leeds,38
Triston,Rowe,Rowe,Defender,AVL,5.650985329402282,7.832167166908671,0.0,0.0,has joined Annecy on loan for the rest of the season.,4.0,0.1,0.0,0.0,0,0,0.0,0.0,0.0,0.0,0.0,,0.0,0.0,0.0,0.0,0.0,0,0,0,0,0,0.0,0.0,0.0,0.0,0.0,0.0,0.4168969559035569,0.7830900104127054,1.3103629199359268,1.164810651947021,1.975824791203072,2.181181837506389,FUL(H),BUR(H),TOT(A),MCI(H),LIV(A),BOU(H),0.0,0.0,1.0111981962423193,1.1325472438885735,1.0111928019049574,0.8968523458188399,0.9149650840122292,0.9911751304069054,Aston Villa,38
Yasin,Özcan,Yasin,Defender,AVL,5.650985329402282,7.832167166908671,0.0,0.0,has joined Anderlecht on loan for the rest of the season.,4.0,0.1,0.0,0.0,0,0,0.0,0.0,0.0,0.0,0.0,,0.0,0.0,0.0,0.0,0.0,0,0,0,0,0,0.0,0.0,0.0,0.0,0.0,0.0,0.4168969559035569,0.7830900104127054,1.3103629199359268,1.164810651947021,1.975824791203072,2.181181837506389,FUL(H),BUR(H),TOT(A),MCI(H),LIV(A),BOU(H),0.0,0.0,1.0111981962423193,1.1325472438885735,1.0111928019049574,0.8968523458188399,0.9149650840122292,0.9911751304069054,Aston Villa,38
Odsonne,Édouard,Édouard,Forward,CRY,5.84277452054967,7.831231575791249,0.0,0.0,has joined RC Lens permanently.,5.0,0.2,0.0,0.2,1,0,1.0,0.0,0.0,0.0,0.0,,2.0,0.0,0.0,0.2,0.0,0,0,0,0,0,0.0,0.0,0.0,0.0,0.0,0.0,0.3915821743410887,0.6378656104506726,1.261216128166252,1.562512452838892,1.9895981547527646,1.988457055241579,LIV(H),EVE(A),BOU(H),ARS(A),BRE(H),BHA(H),0.0,0.0,0.9210901427022543,1.0179566082209277,0.9911751304069054,0.9334486047869694,0.9780471761839342,0.9780471761839342,Crystal Palace,38
Matt,Targett,Targett,Defender,NEW,5.424840715650793,7.7886100528004665,0.0,0.0,has joined Middlesbrough on loan for the rest of the season.,4.0,0.1,0.0,0.0,0,0,0.0,0.0,0.0,0.0,0.0,,0.0,0.0,0.0,0.0,0.0,0,0,0,0,0,0.0,0.0,0.0,0.0,0.0,0.0,0.3771109532037837,0.7107579869096726,1.2913330807939927,1.4589923141324561,1.5866463806108881,2.3637693371496735,ARS(H),NFO(H),BHA(A),FUL(H),WHU(A),BRE(A),0.0,0.0,0.9210901427022543,1.045472873888674,0.9780419586939864,1.0111981962423193,1.0247656572203843,1.0179566082209277,Newcastle,38
Brandon,Austin,Austin,Goalkeeper,TOT,6.150862321382774,7.767496411324037,,,,3.9,0.3,0.0,0.0,0,0,0.0,0.0,0.0,0.0,0.0,,0.0,0.0,0.0,0.0,0.0,0,0,0,0,0,0.0,0.0,0.0,0.0,0.0,0.0,1.1174039012235581,1.6734692299256742,1.0704591231671927,1.064325590418702,1.225204476647647,1.6166340899412626,WOL(H),LEE(A),AVL(H),EVE(A),CHE(H),MUN(H),0.0,0.0,1.110121305916802,1.045467296709635,0.971548547839499,1.0179566082209277,0.9650930995904489,0.9334535843879661,Spurs,38
Simon,Adingra,Adingra,Midfielder,SUN,5.662763067556892,7.756827418121855,0.0,0.0,has joined AS Monaco on loan for the rest of the season.,4.9,0.3,0.0,6.9,34,0,2.4,0.0,0.05,0.09,0.14,,81.4,116.8,75.0,27.0,0.0,1,1,4,8,9,0.0,0.0,0.0,0.0,0.0,0.0,0.3960458108188367,0.6224691790143548,1.2962200106170838,1.1824916429558165,2.1655364241508,2.0940643505649628,NFO(A),MUN(A),WOL(H),CHE(A),EVE(H),ARS(H),0.0,0.0,1.0111928019049574,0.9210852290552671,1.110121305916802,0.9523055174497719,1.0524659774929148,0.9210901427022543,Sunderland,38
Stephen,Mfuni,Mfuni,Defender,MCI,5.588317193091363,7.748180742429908,0.0,0.0,has joined Watford on loan for the rest of the season.,3.9,0.0,0.0,0.0,0,0,0.0,0.0,0.0,0.0,0.0,,0.0,0.0,0.0,0.0,0.0,0,0,0,0,0,0.0,0.0,0.0,0.0,0.0,0.0,0.4836060521298914,0.6682535962998534,1.2103118334506835,1.8007492907600327,1.4253964204509026,2.159863549338545,BUR(H),BRE(A),EVE(H),AVL(A),BOU(H),LIV(H),0.0,0.0,1.1325472438885735,1.0179566082209277,1.0524659774929148,0.9977997168619978,0.9911751304069054,0.9210901427022543,Man City,38
Ellery,Balcombe,Balcombe,Goalkeeper,BRE,6.0759959953569105,7.746970225306907,,,,3.9,0.2,0.0,0.0,0,0,0.0,0.0,0.0,0.0,0.0,,0.0,0.0,0.0,0.0,0.0,0,0,0,0,0,0.0,0.0,0.0,0.0,0.0,0.0,0.9023030029049679,1.3707206573845399,1.4782019208893737,0.8633415800815721,1.4614288340964565,1.6709742299499966,MUN(H),MCI(H),WHU(A),LIV(H),CRY(A),NEW(H),0.0,0.0,0.9334535843879661,0.8968523458188399,1.0247656572203843,0.9210901427022543,1.0111928019049574,0.9586805445269106,Brentford,38
Harrison,Ashby,Ashby,Defender,NEW,5.375814471012294,7.727743973141825,0.0,0.0,has joined Bradford City on loan for the rest of the season.,3.9,0.1,0.0,0.0,0,0,0.0,0.0,0.0,0.0,0.0,,0.0,0.0,0.0,0.0,0.0,0,0,0,0,0,0.0,0.0,0.0,0.0,0.0,0.0,0.3752824739579517,0.7107579869096726,1.2972195418028922,1.4251554199041938,1.5673990484375833,2.3519295021295314,ARS(H),NFO(H),BHA(A),FUL(H),WHU(A),BRE(A),0.0,0.0,0.9210901427022543,1.045472873888674,0.9780419586939864,1.0111981962423193,1.0247656572203843,1.0179566082209277,Newcastle,38
Marko,Stamenić,Stamenic,Midfielder,NFO,5.139510032537885,7.723192862703485,0.0,0.0,Has joined Swansea City permanently.,4.5,0.0,0.0,0.0,0,0,0.0,0.0,0.0,0.0,0.0,,0.0,0.0,0.0,0.0,0.0,0,0,0,0,0,0.0,0.0,0.0,0.0,0.0,0.0,0.457583774921297,0.6680364476541346,1.1217727357821683,1.3524904648283511,1.5396266093519335,2.5836828301656,SUN(H),NEW(A),CHE(H),BOU(A),MUN(H),LEE(H),0.0,0.0,1.0737272005708411,1.0385206957960817,0.9650930995904489,0.9586754303501859,0.9334535843879661,0.9978050397522342,Nott'm Forest,38
Julian,Eyestone,Eyestone,Goalkeeper,BRE,6.0151702010519426,7.6842114176153204,,,,3.9,0.1,0.0,0.0,0,0,0.0,0.0,0.0,0.0,0.0,,0.0,0.0,0.0,0.0,0.0,0,0,0,0,0,0.0,0.0,0.0,0.0,0.0,0.0,0.8977511511810257,1.360453848149962,1.4630983854375834,0.8628829193584399,1.4309838969249316,1.6690412165633781,MUN(H),MCI(H),WHU(A),LIV(H),CRY(A),NEW(H),0.0,0.0,0.9334535843879661,0.8968523458188399,1.0247656572203843,0.9210901427022543,1.0111928019049574,0.9586805445269106,Brentford,38
Finlay,Herrick,Herrick,Goalkeeper,WHU,5.761250211166738,7.67324450032679,,,,4.0,0.0,0.0,0.0,0,0,0.0,0.0,0.0,0.0,0.0,,0.0,0.0,0.0,0.0,0.0,0,0,0,0,0,0.0,0.0,0.0,0.0,0.0,0.0,1.0191119684525214,1.4893151104013012,1.0727087523680856,1.0737601125940028,1.1063542673508275,1.9119942891600523,EVE(A),ARS(A),BRE(H),LEE(A),NEW(H),BUR(H),0.0,0.0,1.0179566082209277,0.9334486047869694,0.9780471761839342,1.045467296709635,0.9586805445269106,1.1325472438885735,West Ham,38
David,Mota Veiga Teixeira do Carmo,David Carmo,Defender,NFO,5.340178715581747,7.671357226510517,0.0,0.0,has joined Real Oviedo on loan for the rest of the season.,4.5,0.0,0.0,0.0,0,0,0.0,0.0,0.0,0.0,0.0,,0.0,0.0,0.0,0.0,0.0,0,0,0,0,0,0.0,0.0,0.0,0.0,0.0,0.0,0.45063713859106475,0.6817532144228092,1.1077552134719737,1.730140901123276,1.369892247972623,2.3311785109287713,SUN(H),NEW(A),CHE(H),BOU(A),MUN(H),LEE(H),0.0,0.0,1.0737272005708411,1.0385206957960817,0.9650930995904489,0.9586754303501859,0.9334535843879661,0.9978050397522342,Nott'm Forest,38
Omar,Richards,O.Richards,Defender,NFO,5.340178715581747,7.671357226510517,0.0,0.0,has joined Rio Ave on loan for the rest of the season.,4.5,0.0,0.0,0.0,0,0,0.0,0.0,0.0,0.0,0.0,,0.0,0.0,0.0,0.0,0.0,0,0,0,0,0,0.0,0.0,0.0,0.0,0.0,0.0,0.45063713859106475,0.6817532144228092,1.1077552134719737,1.730140901123276,1.369892247972623,2.3311785109287713,SUN(H),NEW(A),CHE(H),BOU(A),MUN(H),LEE(H),0.0,0.0,1.0737272005708411,1.0385206957960817,0.9650930995904489,0.9586754303501859,0.9334535843879661,0.9978050397522342,Nott'm Forest,38
Luis Eduardo,Soares da Silva,Cuiabano,Defender,NFO,5.340178715581747,7.671357226510517,0.0,0.0,has joined Vasco de Gama on loan for the rest of the season.,4.5,0.0,0.0,0.0,0,0,0.0,0.0,0.0,0.0,0.0,,0.0,0.0,0.0,0.0,0.0,0,0,0,0,0,0.0,0.0,0.0,0.0,0.0,0.0,0.45063713859106475,0.6817532144228092,1.1077552134719737,1.730140901123276,1.369892247972623,2.3311785109287713,SUN(H),NEW(A),CHE(H),BOU(A),MUN(H),LEE(H),0.0,0.0,1.0737272005708411,1.0385206957960817,0.9650930995904489,0.9586754303501859,0.9334535843879661,0.9978050397522342,Nott'm Forest,38
Harry,Amass,Amass,Defender,MUN,5.320890303885433,7.668953590459874,0.0,0.0,has joined Norwich City on loan for the rest of the season.,4.0,0.1,0.0,0.0,0,0,0.0,0.0,0.0,0.0,0.0,,0.0,0.0,0.0,0.0,0.0,0,0,0,0,0,0.0,0.0,0.0,0.0,0.0,0.0,0.4147490637498711,0.7299665085802632,1.2129841618856485,1.3975590636391517,1.5656315060304982,2.3480632865744413,BRE(A),SUN(H),LIV(A),BHA(H),NFO(A),TOT(A),0.0,0.0,1.0179566082209277,1.0737272005708411,0.9149650840122292,0.9780471761839342,1.0111928019049574,1.0111928019049574,Man Utd,38
Alfie,McNally,McNally,Goalkeeper,FUL,5.906677480730382,7.633862322062613,,,,4.0,0.0,0.0,0.0,0,0,0.0,0.0,0.0,0.0,0.0,,0.0,0.0,0.0,0.0,0.0,0,0,0,0,0,0.0,0.0,0.0,0.0,0.0,0.0,1.0004694335903048,1.5295644527926056,1.0102390578456715,1.0709558181999417,1.295448718301857,1.727184841332231,AVL(A),BOU(A),ARS(H),NEW(A),WOL(H),EVE(A),0.0,0.0,0.9977997168619978,0.9586754303501859,0.9210901427022543,1.0385206957960817,1.110121305916802,1.0179566082209277,Fulham,38
Václav,Hladký,Hladký,Goalkeeper,BUR,5.917412868724842,7.602735932339632,,,,3.9,0.1,0.0,0.0,0,0,0.0,0.0,0.0,0.0,0.0,,0.0,0.0,0.0,0.0,0.0,0,0,0,0,0,0.0,0.0,0.0,0.0,0.0,0.0,0.9145331931382678,1.5480659334320859,1.0844915707710043,1.128090896528429,1.2422312748550548,1.6853230636147907,MCI(A),AVL(A),LEE(H),WOL(A),ARS(H),WHU(A),0.0,0.0,0.8968475614707909,0.9977997168619978,0.9978050397522342,1.1175408772327884,0.9210901427022543,1.0247656572203843,Burnley,38
Rico,Henry,Henry,Defender,BRE,5.551863500038429,7.596713260426672,0.0,0.0,Hamstring injury - Expected back 01 Jun,4.3,0.1,0.0,12.1,52,0,2.1,0.0,0.01,0.04,0.05,,151.6,82.0,35.0,26.9,0.0,0,2,4,22,14,0.0,0.0,0.0,0.0,0.0,0.0,0.36952172693431923,0.7158276101966575,1.3768078714178906,1.3592194506675421,1.7304868408220202,2.0448497603882427,MUN(H),MCI(H),WHU(A),LIV(H),CRY(A),NEW(H),0.0,0.0,0.9334535843879661,0.8968523458188399,1.0247656572203843,0.9210901427022543,1.0111928019049574,0.9586805445269106,Brentford,38
Aji,Alese,Alese,Defender,SUN,5.621427219059191,7.588798216983475,0.0,0.0,has joined Portsmouth on loan for the rest of the season.,4.0,0.0,0.0,0.0,0,0,0.0,0.0,0.0,0.0,0.0,,0.0,0.0,0.0,0.0,0.0,0,0,0,0,0,0.0,0.0,0.0,0.0,0.0,0.0,0.4112879523618872,0.5706310294987864,1.3279005150312184,0.9655787727707822,2.3460289493965165,1.9673709979242848,NFO(A),MUN(A),WOL(H),CHE(A),EVE(H),ARS(H),0.0,0.0,1.0111928019049574,0.9210852290552671,1.110121305916802,0.9523055174497719,1.0524659774929148,0.9210901427022543,Sunderland,38
Leo Fuhr,Hjelde,Hjelde,Defender,SUN,5.621427219059191,7.588798216983475,0.0,0.0,has joined Sheffield United on loan for the rest of the season.,4.0,0.0,0.0,0.0,0,0,0.0,0.0,0.0,0.0,0.0,,0.0,0.0,0.0,0.0,0.0,0,0,0,0,0,0.0,0.0,0.0,0.0,0.0,0.0,0.4112879523618872,0.5706310294987864,1.3279005150312184,0.9655787727707822,2.3460289493965165,1.9673709979242848,NFO(A),MUN(A),WOL(H),CHE(A),EVE(H),ARS(H),0.0,0.0,1.0111928019049574,0.9210852290552671,1.110121305916802,0.9523055174497719,1.0524659774929148,0.9210901427022543,Sunderland,38
Walter,Benítez,Benitez,Goalkeeper,CRY,5.976296603752438,7.585344492564522,100.0,100.0,,3.9,0.3,0.0,1.8,7,0,7.0,0.0,0.0,0.0,0.0,,22.8,0.0,0.0,2.3,0.0,0,0,1,0,1,0.0,0.0,0.0,0.0,0.0,0.0,0.918974809957335,1.3533262883063866,1.2027069388366893,0.8782821179664418,1.623006448685585,1.6090478888120836,LIV(H),EVE(A),BOU(H),ARS(A),BRE(H),BHA(H),0.0,0.0,0.9210901427022543,1.0179566082209277,0.9911751304069054,0.9334486047869694,0.9780471761839342,0.9780471761839342,Crystal Palace,38
Niall,Huggins,Huggins,Defender,SUN,5.600427158152473,7.569244533472655,0.0,0.0,has joined Wycombe Wanderers on loan for the rest of the season.,4.0,0.1,0.0,0.0,0,0,0.0,0.0,0.0,0.0,0.0,,0.0,0.0,0.0,0.0,0.0,0,0,0,0,0,0.0,0.0,0.0,0.0,0.0,0.0,0.4112879523618872,0.5617657730438025,1.3175339491613245,0.9635190020456377,2.3463204815398213,1.9688173753201814,NFO(A),MUN(A),WOL(H),CHE(A),EVE(H),ARS(H),0.0,0.0,1.0111928019049574,0.9210852290552671,1.110121305916802,0.9523055174497719,1.0524659774929148,0.9210901427022543,Sunderland,38
Arnaud,Kalimuendo,Kalimuendo,Forward,NFO,5.688297821697171,7.552583268758409,0.0,0.0,has joined Eintracht Frankfurt on loan for the rest of the season.,6.0,0.1,0.0,1.5,9,0,1.0,0.0,0.44,0.02,0.46,,6.8,17.7,39.0,6.3,0.0,0,0,0,3,0,0.0,0.0,0.0,0.0,0.0,0.0,0.4969529583097415,0.8459504400830729,1.338031851284836,1.5532699688387899,1.4540926031807315,1.8642854470612373,SUN(H),NEW(A),CHE(H),BOU(A),MUN(H),LEE(H),0.0,0.0,1.0737272005708411,1.0385206957960817,0.9650930995904489,0.9586754303501859,0.9334535843879661,0.9978050397522342,Nott'm Forest,38
Ederson,Santana de Moraes,Ederson M.,Goalkeeper,MCI,5.274178861806974,7.546161195373771,0.0,0.0,has joined Fenerbache permanently.,5.3,0.8,0.0,0.0,0,0,0.0,0.0,0.0,0.0,0.0,,0.0,0.0,0.0,0.0,0.0,0,0,0,0,0,0.0,0.0,0.0,0.0,0.0,0.0,0.5035908451877739,0.6822290711656243,1.3075679972421337,1.341763455421265,1.4390274927901776,2.271982333566797,BUR(H),BRE(A),EVE(H),AVL(A),BOU(H),LIV(H),0.0,0.0,1.1325472438885735,1.0179566082209277,1.0524659774929148,0.9977997168619978,0.9911751304069054,0.9210901427022543,Man City,38
Joël,Piroe,Piroe,Forward,LEE,6.546896016735339,7.521094207000244,100.0,100.0,,4.9,0.3,0.0,3.5,17,1,1.1,0.0,0.33,0.05,0.38,,13.6,38.1,120.0,16.5,12.0,0,0,1,9,2,1.0,7.5,1.0,0.0,0.0,0.0,1.5002644871486588,1.5263158989372134,1.146862458576649,1.1848191503382612,1.1886340217345563,0.9741981902649055,BOU(H),TOT(H),BUR(A),WHU(H),BHA(A),NFO(A),1.0,7.5,0.9911751304069054,1.0247711239638793,1.0881336264811785,1.0316257548390524,0.9780419586939864,1.0111928019049574,Leeds,38
Timothée,Pembélé,Pembele,Defender,SUN,5.521257419243383,7.5120429921995235,0.0,0.0,has joined Le Havre AC on loan for the rest of the season.,3.9,0.3,0.0,0.0,0,0,0.0,0.0,0.0,0.0,0.0,,0.0,0.0,0.0,0.0,0.0,0,0,0,0,0,0.0,0.0,0.0,0.0,0.0,0.0,0.413304088617777,0.5617657730438025,1.3232629391766773,0.9417924710191542,2.2811321473859723,1.9907855729561401,NFO(A),MUN(A),WOL(H),CHE(A),EVE(H),ARS(H),0.0,0.0,1.0111928019049574,0.9210852290552671,1.110121305916802,0.9523055174497719,1.0524659774929148,0.9210901427022543,Sunderland,38
Emmanuel,Agbadou,Agbadou,Defender,WOL,5.468919884573396,7.45341378673039,0.0,0.0,has joined Besiktas permanently.,4.2,0.1,0.0,5.5,23,0,1.6,0.0,0.05,0.03,0.08,,312.2,76.0,75.0,46.4,0.0,0,0,0,29,12,0.0,0.0,0.0,0.0,0.0,0.0,0.4243672499769672,0.9005401813724933,1.1934189167110372,1.2152571321798307,1.735336404333068,1.984493902156993,TOT(A),BHA(H),SUN(A),BUR(H),FUL(A),CHE(A),0.0,0.0,1.0111928019049574,0.9780471761839342,1.052460363008469,1.1325472438885735,1.0385206957960817,0.9523055174497719,Wolves,38
Konstantinos,Tsimikas,Tsimikas,Defender,LIV,5.333013931852044,7.450526742895109,0.0,0.0,has joined AS Roma on loan for the rest of the season.,4.8,0.0,0.0,0.0,0,0,0.0,0.0,0.0,0.0,0.0,,0.0,0.0,0.0,0.0,0.0,0,0,0,0,0,0.0,0.0,0.0,0.0,0.0,0.0,0.43452882903450857,0.6355110132654854,1.0856329457065077,1.7040681893251532,1.4732729545203884,2.1175128110430648,CRY(A),CHE(A),MUN(H),BRE(A),AVL(H),MCI(A),0.0,0.0,1.0111928019049574,0.9523055174497719,0.9334535843879661,1.0179566082209277,0.971548547839499,0.8968475614707909,Liverpool,38
Stefan,Bajčetić Maquieira,Bajcetic,Midfielder,LIV,5.180150036352097,7.439051463323843,0.0,0.0,Hamstring injury - Unknown return date,4.2,0.2,0.0,0.0,0,0,0.0,0.0,0.0,0.0,0.0,,0.0,0.0,0.0,0.0,0.0,0,0,0,0,0,0.0,0.0,0.0,0.0,0.0,0.0,0.4337267077002676,0.6286502649387852,1.067909582419401,1.5284121084958708,1.5214513727977719,2.2589014269717467,CRY(A),CHE(A),MUN(H),BRE(A),AVL(H),MCI(A),0.0,0.0,1.0111928019049574,0.9523055174497719,0.9334535843879661,1.0179566082209277,0.971548547839499,0.8968475614707909,Liverpool,38
Tyler,Morton,Morton,Midfielder,LIV,5.137864601453346,7.438460917435963,0.0,0.0,Has joined Lyon permanently.,4.5,0.0,0.0,0.0,0,0,0.0,0.0,0.0,0.0,0.0,,0.0,0.0,0.0,0.0,0.0,0,0,0,0,0,0.0,0.0,0.0,0.0,0.0,0.0,0.43171057144437774,0.6275844699640954,1.0841034789638042,1.439184201725174,1.5552818793558953,2.300596315982616,CRY(A),CHE(A),MUN(H),BRE(A),AVL(H),MCI(A),0.0,0.0,1.0111928019049574,0.9523055174497719,0.9334535843879661,1.0179566082209277,0.971548547839499,0.8968475614707909,Liverpool,38
Ben,Davies,Davies,Defender,TOT,5.213627155054528,7.429883416110441,0.0,0.0,Ankle injury - Unknown return date,4.3,0.1,0.0,2.3,10,0,3.3,0.0,0.32,0.05,0.37,,67.4,22.2,52.0,14.2,0.0,1,0,0,3,2,0.0,0.0,0.0,0.0,0.0,0.0,0.47472946552916456,0.7425310761984314,1.121514309699299,1.341458254191193,1.5333940494364398,2.216256261055912,WOL(H),LEE(A),AVL(H),EVE(A),CHE(H),MUN(H),0.0,0.0,1.110121305916802,1.045467296709635,0.971548547839499,1.0179566082209277,0.9650930995904489,0.9334535843879661,Spurs,38
Youssef,Ramalho Chermiti,Y.Chermiti,Forward,EVE,5.389702083117833,7.4196636232613615,0.0,0.0,has joined Rangers permanently.,4.9,0.1,0.0,0.0,0,0,0.0,0.0,0.0,0.0,0.0,,0.0,0.0,0.0,0.0,0.0,0,0,0,0,0,0.0,0.0,0.0,0.0,0.0,0.0,0.43199346770676494,0.7054827132382262,1.2531856283522202,1.418456115589398,1.5805841582312243,2.0299615401435283,WHU(H),CRY(H),MCI(A),TOT(H),SUN(A),FUL(H),0.0,0.0,1.0316257548390524,1.0385262359175895,0.8968475614707909,1.0247711239638793,1.052460363008469,1.0111981962423193,Everton,38
James,McConnell,McConnell,Midfielder,LIV,5.135797806682031,7.416539879773833,0.0,0.0,has joined Ajax on loan for the rest of the season.,4.4,0.0,0.0,0.0,0,0,0.0,0.0,0.0,0.0,0.0,,0.0,0.0,0.0,0.0,0.0,0,0,0,0,0,0.0,0.0,0.0,0.0,0.0,0.0,0.43171057144437774,0.6315439908113332,1.0926909097419184,1.4338002931880165,1.5460520414963848,2.2807420730918015,CRY(A),CHE(A),MUN(H),BRE(A),AVL(H),MCI(A),0.0,0.0,1.0111928019049574,0.9523055174497719,0.9334535843879661,1.0179566082209277,0.971548547839499,0.8968475614707909,Liverpool,38
Jayden,Meghoma,Meghoma,Defender,BRE,5.625685086852665,7.391158765400422,0.0,0.0,Has joined Rangers on loan for the rest of the season.,4.0,0.0,0.0,0.0,0,0,0.0,0.0,0.0,0.0,0.0,,0.0,0.0,0.0,0.0,0.0,0,0,0,0,0,0.0,0.0,0.0,0.0,0.0,0.0,0.3829913725280272,0.6472781769121798,1.3550732686722038,1.1450295219075022,2.0953127468327524,1.765473678547757,MUN(H),MCI(H),WHU(A),LIV(H),CRY(A),NEW(H),0.0,0.0,0.9334535843879661,0.8968523458188399,1.0247656572203843,0.9210901427022543,1.0111928019049574,0.9586805445269106,Brentford,38
Emerson,Palmieri dos Santos,Emerson,Defender,WHU,4.724603777390717,7.35680553041555,0.0,0.0,has joined Marseille permanently.,4.4,0.0,0.0,0.0,0,0,0.0,0.0,0.0,0.0,0.0,,0.0,0.0,0.0,0.0,0.0,0,0,0,0,0,0.0,0.0,0.0,0.0,0.0,0.0,0.4272305413280614,0.6105301367175007,1.1025370267884593,1.2004871256921226,1.3838189468645736,2.632201753024833,EVE(A),ARS(A),BRE(H),LEE(A),NEW(H),BUR(H),0.0,0.0,1.0179566082209277,0.9334486047869694,0.9780471761839342,1.045467296709635,0.9586805445269106,1.1325472438885735,West Ham,38
Giovanni,Leoni,Leoni,Defender,LIV,5.1981439597197205,7.3494589842341345,0.0,0.0,Knee injury - Expected back 01 Sep,4.9,0.0,0.0,0.0,0,0,0.0,0.0,0.0,0.0,0.0,,0.0,0.0,0.0,0.0,0.0,0,0,0,0,0,0.0,0.0,0.0,0.0,0.0,0.0,0.43452882903450857,0.6455707725352006,1.086618018612017,1.5472082937214091,1.484218045816586,2.1513150245144144,CRY(A),CHE(A),MUN(H),BRE(A),AVL(H),MCI(A),0.0,0.0,1.0111928019049574,0.9523055174497719,0.9334535843879661,1.0179566082209277,0.971548547839499,0.8968475614707909,Liverpool,38
Lino,da Cruz Sousa,Sousa,Defender,AVL,5.488472071042638,7.324202010019167,0.0,0.0,has joined Rotherham on loan for the rest of the season.,3.8,0.2,0.0,0.0,0,0,0.0,0.0,0.0,0.0,0.0,,0.0,0.0,0.0,0.0,0.0,0,0,0,0,0,0.0,0.0,0.0,0.0,0.0,0.0,0.41690574790192086,0.7830900104127054,1.3203005685654594,1.1067274837958876,1.861448260366665,1.835729938976529,FUL(H),BUR(H),TOT(A),MCI(H),LIV(A),BOU(H),0.0,0.0,1.0111981962423193,1.1325472438885735,1.0111928019049574,0.8968523458188399,0.9149650840122292,0.9911751304069054,Aston Villa,38
Benjamin,Fredrick,Fredrick,Defender,BRE,5.5482706626410945,7.317935462341265,0.0,0.0,has joined Dender on loan for the rest of the season.,4.0,0.1,0.0,0.0,0,0,0.0,0.0,0.0,0.0,0.0,,0.0,0.0,0.0,0.0,0.0,0,0,0,0,0,0.0,0.0,0.0,0.0,0.0,0.0,0.3829913725280272,0.6189305852800646,1.3316906024104203,1.1378675722341067,2.0767905301884753,1.7696647997001704,MUN(H),MCI(H),WHU(A),LIV(H),CRY(A),NEW(H),0.0,0.0,0.9334535843879661,0.8968523458188399,1.0247656572203843,0.9210901427022543,1.0111928019049574,0.9586805445269106,Brentford,38
Elijah,Campbell,Campbell,Defender,EVE,5.312949885349074,7.315849863370241,0.0,0.0,has joined Port Vale on loan for the rest of the season.,3.9,0.1,0.0,0.0,0,0,0.0,0.0,0.0,0.0,0.0,,0.0,0.0,0.0,0.0,0.0,0,0,0,0,0,0.0,0.0,0.0,0.0,0.0,0.0,0.4203183244790048,0.7060353599114669,1.188172159459728,1.4101675796878521,1.588256461811022,2.002899978021168,WHU(H),CRY(H),MCI(A),TOT(H),SUN(A),FUL(H),0.0,0.0,1.0316257548390524,1.0385262359175895,0.8968475614707909,1.0247711239638793,1.052460363008469,1.0111981962423193,Everton,38
Joelinton Cássio,Apolinário de Lira,Joelinton,Midfielder,NEW,5.014365892861061,7.291399558343,0.0,0.0,Thigh injury - Expected back 01 Jun,5.9,0.3,0.0,12.4,73,0,2.7,0.0,0.11,0.06,0.17,,324.4,296.3,329.0,95.0,0.0,2,1,5,27,23,0.0,0.0,0.0,0.0,0.0,0.0,0.28655787913379577,0.7514861048445156,1.3653385941412266,1.0172730585094787,1.5937102562320449,2.2770336654819383,ARS(H),NFO(H),BHA(A),FUL(H),WHU(A),BRE(A),0.0,0.0,0.9210901427022543,1.045472873888674,0.9780419586939864,1.0111981962423193,1.0247656572203843,1.0179566082209277,Newcastle,38
Benjamin,White,White,Defender,ARS,5.495943771657852,7.27446579839262,0.0,0.0,Knee injury - Expected back 24 May,5.1,0.5,0.0,8.8,45,0,3.8,0.0,0.06,0.09,0.15,,154.8,133.4,54.0,34.3,0.0,0,1,5,6,9,0.0,0.0,0.0,0.0,0.0,0.0,0.5278729421426329,0.8210329745261857,1.3544735328635369,1.3545277789140318,1.4380365432114648,1.778522026734768,NEW(A),WHU(H),FUL(A),CRY(H),BUR(A),SUN(A),0.0,0.0,1.0385206957960817,1.0316257548390524,1.0385206957960817,1.0385262359175895,1.0881336264811785,1.052460363008469,Arsenal,38
Eddie,Nketiah,Nketiah,Forward,CRY,5.580859239058251,7.272785813875336,0.0,0.0,Hamstring injury - Expected back 01 Jun,5.4,0.3,0.0,4.3,23,0,1.9,0.0,0.38,0.1,0.48,,120.0,84.6,173.0,37.8,0.0,2,0,0,12,2,0.0,0.0,0.0,0.0,0.0,0.0,0.42072359689095434,0.7729257197791276,1.1995346286360058,1.2429269009791797,1.9447483927729838,1.6919265748170853,LIV(H),EVE(A),BOU(H),ARS(A),BRE(H),BHA(H),0.0,0.0,0.9210901427022543,1.0179566082209277,0.9911751304069054,0.9334486047869694,0.9780471761839342,0.9780471761839342,Crystal Palace,38
Kim,Ji-soo,Ji-soo,Defender,BRE,5.504987360194447,7.269776154309499,0.0,0.0,has joined Kaiserslautern on loan for the rest of the season.,3.9,0.1,0.0,0.0,0,0,0.0,0.0,0.0,0.0,0.0,,0.0,0.0,0.0,0.0,0.0,0,0,0,0,0,0.0,0.0,0.0,0.0,0.0,0.0,0.3829913725280272,0.6176531609469329,1.3351113958809824,1.1051621104047753,2.0640693204337293,1.764788794115052,MUN(H),MCI(H),WHU(A),LIV(H),CRY(A),NEW(H),0.0,0.0,0.9334535843879661,0.8968523458188399,1.0247656572203843,0.9210901427022543,1.0111928019049574,0.9586805445269106,Brentford,38
Roman,Dixon,Dixon,Defender,EVE,5.2704715236806425,7.262169595298532,0.0,0.0,has joined Stockport County on loan for the rest of the season.,3.8,0.2,0.0,0.0,0,0,0.0,0.0,0.0,0.0,0.0,,0.0,0.0,0.0,0.0,0.0,0,0,0,0,0,0.0,0.0,0.0,0.0,0.0,0.0,0.4223752003615492,0.7046571193301534,1.193713631879887,1.3724118605294002,1.577313711579652,1.9916980716178896,WHU(H),CRY(H),MCI(A),TOT(H),SUN(A),FUL(H),0.0,0.0,1.0316257548390524,1.0385262359175895,0.8968475614707909,1.0247711239638793,1.052460363008469,1.0111981962423193,Everton,38
Divine,Mukasa,Mukasa,Midfielder,MCI,5.68698541605413,7.24734991974841,0.0,0.0,has joined Leicester City on loan for the rest of the season.,4.4,0.0,0.0,0.5,2,0,1.0,0.0,0.0,0.76,0.76,,4.2,28.3,4.0,3.7,0.0,0,0,0,0,0,0.0,0.0,0.0,0.0,0.0,0.0,0.4897931466206605,1.1675400100608173,1.3826475915685974,1.0219899025216745,1.6250147652823796,1.5603645036942797,BUR(H),BRE(A),EVE(H),AVL(A),BOU(H),LIV(H),0.0,0.0,1.1325472438885735,1.0179566082209277,1.0524659774929148,0.9977997168619978,0.9911751304069054,0.9210901427022543,Man City,38
Remi,Matthews,Matthews,Goalkeeper,CRY,5.659374936564709,7.24545722830557,,,,3.9,0.1,0.0,0.0,0,0,0.0,0.0,0.0,0.0,0.0,,0.0,0.0,0.0,0.0,0.0,0,0,0,0,0,0.0,0.0,0.0,0.0,0.0,0.0,0.8902183313531422,1.6083847276592387,1.126174862607845,0.7855124832261727,1.24908453171831,1.5860822917408606,LIV(H),EVE(A),BOU(H),ARS(A),BRE(H),BHA(H),0.0,0.0,0.9210901427022543,1.0179566082209277,0.9911751304069054,0.9334486047869694,0.9780471761839342,0.9780471761839342,Crystal Palace,38
Tom,Edozie,Edozie,Midfielder,WOL,6.417935305560242,7.227296707906307,,,,4.3,0.4,0.0,1.9,8,0,2.7,0.0,1.72,0.0,1.72,,34.4,0.4,23.0,5.8,0.0,1,0,0,0,0,0.0,0.0,0.0,0.0,0.0,0.0,0.9981360296607621,1.54865379635529,1.413801163889367,1.2408772873641223,1.2164670282907006,0.8093614023460645,TOT(A),BHA(H),SUN(A),BUR(H),FUL(A),CHE(A),0.0,0.0,1.0111928019049574,0.9780471761839342,1.052460363008469,1.1325472438885735,1.0385206957960817,0.9523055174497719,Wolves,38
Martin,Sherif,Sherif,Forward,EVE,5.209323984919308,7.214464724798783,0.0,0.0,has joined Port Vale on loan for the rest of the season.,4.4,0.1,0.0,0.0,0,0,0.0,0.0,0.0,0.0,0.0,,0.0,0.0,0.0,0.0,0.0,0,0,0,0,0,0.0,0.0,0.0,0.0,0.0,0.0,0.4291531668740322,0.6993432173090984,1.227615848517851,1.326432271282341,1.526779480935986,2.005140739879475,WHU(H),CRY(H),MCI(A),TOT(H),SUN(A),FUL(H),0.0,0.0,1.0316257548390524,1.0385262359175895,0.8968475614707909,1.0247711239638793,1.052460363008469,1.0111981962423193,Everton,38
Daniel,Adu-Adjei,Adu-Adjei,Forward,BOU,5.207264530096659,7.2102776980384515,0.0,0.0,has joined HNK Rijeka permanently.,4.4,0.1,0.0,0.0,0,0,0.0,0.0,0.0,0.0,0.0,,0.0,0.0,0.0,0.0,0.0,0,0,0,0,0,0.0,0.0,0.0,0.0,0.0,0.0,0.4369865895338491,0.6864868841849766,1.3804433482301315,1.3938541312763388,1.3094935768713631,2.0030131679417926,LEE(A),FUL(H),CRY(A),NFO(H),MCI(A),AVL(A),0.0,0.0,1.045467296709635,1.0111981962423193,1.0111928019049574,1.045472873888674,0.8968475614707909,0.9977997168619978,Bournemouth,38
Benjamin,Arthur,Arthur,Defender,BRE,5.441068105421847,7.2032482940247196,0.0,0.0,has joined Celtic on loan for the rest of the season.,3.8,0.2,0.0,0.0,0,0,0.0,0.0,0.0,0.0,0.0,,0.0,0.0,0.0,0.0,0.0,0,0,0,0,0,0.0,0.0,0.0,0.0,0.0,0.0,0.380436870616205,0.6176531609469329,1.3414432530109721,1.0829206826820479,2.018614138165689,1.7621801886028732,MUN(H),MCI(H),WHU(A),LIV(H),CRY(A),NEW(H),0.0,0.0,0.9334535843879661,0.8968523458188399,1.0247656572203843,0.9210901427022543,1.0111928019049574,0.9586805445269106,Brentford,38
Ethan,Wheatley,Wheatley,Forward,MUN,5.176267093437727,7.188523116430844,0.0,0.0,has joined Bradford City on loan for the rest of the season.,4.5,0.1,0.0,0.0,0,0,0.0,0.0,0.0,0.0,0.0,,0.0,0.0,0.0,0.0,0.0,0,0,0,0,0,0.0,0.0,0.0,0.0,0.0,0.0,0.4234668435808057,0.7230475350447385,1.2524153336959944,1.2971710285211597,1.480166352595029,2.012256022993116,BRE(A),SUN(H),LIV(A),BHA(H),NFO(A),TOT(A),0.0,0.0,1.0179566082209277,1.0737272005708411,0.9149650840122292,0.9780471761839342,1.0111928019049574,1.0111928019049574,Man Utd,38
Jordan,Beyer,Jordan,Defender,BUR,4.8310194540264195,7.168470716529634,0.0,0.0,Hamstring injury - Expected back 01 Jun,3.9,0.1,0.0,0.0,0,0,0.0,0.0,0.0,0.0,0.0,,0.0,0.0,0.0,0.0,0.0,0,0,0,0,0,0.0,0.0,0.0,0.0,0.0,0.0,0.3831392286009618,0.6499032403482248,1.139897874616211,1.2498885931422115,1.4081905173188098,2.3374512625032144,MCI(A),AVL(A),LEE(H),WOL(A),ARS(H),WHU(A),0.0,0.0,0.8968475614707909,0.9977997168619978,0.9978050397522342,1.1175408772327884,0.9210901427022543,1.0247656572203843,Burnley,38
Josh,Dasilva,Dasilva,Midfielder,BRE,5.989808983863909,7.168431045359359,100.0,100.0,,4.9,0.0,0.0,0.4,2,0,1.0,0.0,3.6,0.0,3.6,,0.4,11.3,4.0,1.6,0.0,0,0,0,0,0,0.0,0.0,0.0,0.0,0.0,0.0,1.1481788545432987,1.0215415779181403,1.4385336747666024,0.9937301399117939,1.3878247367240732,1.1786220614954506,MUN(H),MCI(H),WHU(A),LIV(H),CRY(A),NEW(H),0.0,0.0,0.9334535843879661,0.8968523458188399,1.0247656572203843,0.9210901427022543,1.0111928019049574,0.9586805445269106,Brentford,38
Zépiqueno,Redmond,Redmond,Forward,AVL,5.2842779755613645,7.1515484104583065,0.0,0.0,has joined Huddersfield Town on loan for the rest of the season.,4.5,0.3,0.0,0.0,0,0,0.0,0.0,0.0,0.0,0.0,,0.0,0.0,0.0,0.0,0.0,0,0,0,0,0,0.0,0.0,0.0,0.0,0.0,0.0,0.425565648696401,0.7628817236373543,1.3715832430805837,1.091003355438847,1.6332440047081787,1.8672704348969418,FUL(H),BUR(H),TOT(A),MCI(H),LIV(A),BOU(H),0.0,0.0,1.0111981962423193,1.1325472438885735,1.0111928019049574,0.8968523458188399,0.9149650840122292,0.9911751304069054,Aston Villa,38
Joe,Anderson,Anderson,Defender,SUN,5.445917633589539,7.129978152406724,0.0,0.0,has joined Barrow FC permanently.,3.8,0.3,0.0,0.0,0,0,0.0,0.0,0.0,0.0,0.0,,0.0,0.0,0.0,0.0,0.0,0,0,0,0,0,0.0,0.0,0.0,0.0,0.0,0.0,0.413304088617777,0.5580256177558115,1.3289916894010365,0.9198152572769112,2.2257809805380027,1.6840605188171855,NFO(A),MUN(A),WOL(H),CHE(A),EVE(H),ARS(H),0.0,0.0,1.0111928019049574,0.9210852290552671,1.110121305916802,0.9523055174497719,1.0524659774929148,0.9210901427022543,Sunderland,38
Tino,Livramento,Livramento,Defender,NEW,5.1163022320835,7.1114642189194,0.0,0.0,Thigh injury - Expected back 01 Jun,4.9,1.8,0.0,12.0,59,0,3.5,0.0,0.01,0.06,0.07,,219.4,199.7,42.0,46.1,0.0,0,1,6,14,14,0.0,0.0,0.0,0.0,0.0,0.0,0.35616039401000543,0.8426889275276832,1.1795418074672412,1.3505926273604072,1.3873184757181636,1.9951619868358994,ARS(H),NFO(H),BHA(A),FUL(H),WHU(A),BRE(A),0.0,0.0,0.9210901427022543,1.045472873888674,0.9780419586939864,1.0111981962423193,1.0247656572203843,1.0179566082209277,Newcastle,38
Lucas,Tolentino Coelho de Lima,L.Paquetá,Midfielder,WHU,5.4023836019611,7.094419593187544,0.0,0.0,has joined Flamengo permanently.,5.9,1.0,0.0,11.7,69,0,3.8,0.0,0.17,0.12,0.29,,374.6,397.2,186.0,95.7,0.0,4,2,3,33,18,0.0,0.0,0.0,0.0,0.0,0.0,0.39103462604734507,1.0435020643910051,1.3180555933965121,1.1941530965741678,1.4556382215520698,1.6920359912264433,EVE(A),ARS(A),BRE(H),LEE(A),NEW(H),BUR(H),0.0,0.0,1.0179566082209277,0.9334486047869694,0.9780471761839342,1.045467296709635,0.9586805445269106,1.1325472438885735,West Ham,38
Hannes,Delcroix,Delcroix,Defender,BUR,4.760077773048316,7.090327301286827,0.0,0.0,has joined Lugano permanently.,3.8,0.2,0.0,0.0,0,0,0.0,0.0,0.0,0.0,0.0,,0.0,0.0,0.0,0.0,0.0,0,0,0,0,0,0.0,0.0,0.0,0.0,0.0,0.0,0.38492738104951696,0.6499032403482248,1.1219456226741171,1.212620842844226,1.3906806861322318,2.3302495282385105,MCI(A),AVL(A),LEE(H),WOL(A),ARS(H),WHU(A),0.0,0.0,0.8968475614707909,0.9977997168619978,0.9978050397522342,1.1175408772327884,0.9210901427022543,1.0247656572203843,Burnley,38
Zak,Johnson,Johnson,Defender,SUN,5.433414466619111,7.08228004365414,0.0,0.0,has joined York City on loan for the rest of the season.,3.8,0.2,0.0,0.0,0,0,0.0,0.0,0.0,0.0,0.0,,0.0,0.0,0.0,0.0,0.0,0,0,0,0,0,0.0,0.0,0.0,0.0,0.0,0.0,0.413304088617777,0.5580256177558115,1.3269751033671855,0.9186857101359718,2.2164239467423656,1.6488655770350285,NFO(A),MUN(A),WOL(H),CHE(A),EVE(H),ARS(H),0.0,0.0,1.0111928019049574,0.9210852290552671,1.110121305916802,0.9523055174497719,1.0524659774929148,0.9210901427022543,Sunderland,38
Josh,Cullen,Cullen,Midfielder,BUR,5.420782516938642,7.050698925167189,0.0,0.0,Knee injury - Expected back 30 Sep,4.9,0.8,0.0,14.3,70,0,3.9,0.0,0.06,0.08,0.14,,342.0,218.1,98.0,66.0,0.0,2,2,3,29,18,0.0,0.0,0.0,0.0,0.0,0.0,0.367428759657975,0.8666324309345986,1.0759934295975413,1.319109296272174,1.7916186004763528,1.6299164082285467,MCI(A),AVL(A),LEE(H),WOL(A),ARS(H),WHU(A),0.0,0.0,0.8968475614707909,0.9977997168619978,0.9978050397522342,1.1175408772327884,0.9210901427022543,1.0247656572203843,Burnley,38
Iwan,Morgan,Morgan,Forward,BRE,5.2406672259920875,7.034094642474909,0.0,0.0,has joined Shrewsbury on loan for the rest of the season.,4.4,0.3,0.0,0.0,0,0,0.0,0.0,0.0,0.0,0.0,,0.0,0.0,0.0,0.0,0.0,0,0,0,0,0,0.0,0.0,0.0,0.0,0.0,0.0,0.3928466067722802,0.6041180772974412,1.3890870250863052,1.0718609119352303,1.7827546049008305,1.7934274164828217,MUN(H),MCI(H),WHU(A),LIV(H),CRY(A),NEW(H),0.0,0.0,0.9334535843879661,0.8968523458188399,1.0247656572203843,0.9210901427022543,1.0111928019049574,0.9586805445269106,Brentford,38
Oliver,Sonne,Sonne,Defender,BUR,4.747380611257773,7.032344510080051,0.0,0.0,has joined Sparta Prague on loan for the rest of the season.,3.8,0.2,0.0,3.4,13,0,1.9,0.0,0.3,0.04,0.34,,44.8,18.1,30.0,9.2,0.0,1,0,0,4,1,0.0,0.0,0.0,0.0,0.0,0.0,0.38675075066819214,0.6832785038319823,0.9650822902804032,1.1441775749778058,1.5680914914993893,2.284963898822278,MCI(A),AVL(A),LEE(H),WOL(A),ARS(H),WHU(A),0.0,0.0,0.8968475614707909,0.9977997168619978,0.9978050397522342,1.1175408772327884,0.9210901427022543,1.0247656572203843,Burnley,38
Dane,Scarlett,Scarlett,Forward,TOT,5.322119539523521,7.0119651262922265,0.0,0.0,has joined Hibernian on loan for the rest of the season.,4.3,0.5,0.0,0.5,2,0,1.0,0.0,0.0,0.13,0.13,,1.0,4.1,2.0,0.7,0.0,0,0,0,0,0,0.0,0.0,0.0,0.0,0.0,0.0,0.5713136828863884,0.7795642223534601,1.240467514558494,1.2637861127883774,1.4669880069368013,1.6898455867687052,WOL(H),LEE(A),AVL(H),EVE(A),CHE(H),MUN(H),0.0,0.0,1.110121305916802,1.045467296709635,0.971548547839499,1.0179566082209277,0.9650930995904489,0.9334535843879661,Spurs,38
Callum,Marshall,Marshall,Forward,WHU,5.172207254143135,6.95694776000232,0.0,0.0,has joined VfL Bochum 1848 on loan for the rest of the season.,4.3,0.5,0.0,0.5,2,0,1.0,0.0,0.2,0.0,0.2,,1.2,0.1,7.0,0.8,0.0,0,0,0,2,0,0.0,0.0,0.0,0.0,0.0,0.0,0.4566230408455932,0.683015906572327,1.2925024688871776,1.4272542372341703,1.3128116006038675,1.7847405058591848,EVE(A),ARS(A),BRE(H),LEE(A),NEW(H),BUR(H),0.0,0.0,1.0179566082209277,0.9334486047869694,0.9780471761839342,1.045467296709635,0.9586805445269106,1.1325472438885735,West Ham,38
Lukasz,Fabianski,Fabianski,Goalkeeper,WHU,4.9619719966565325,6.947234074950307,100.0,100.0,,4.5,0.0,0.0,0.0,0,0,0.0,0.0,0.0,0.0,0.0,,0.0,0.0,0.0,0.0,0.0,0,0,0,0,0,0.0,0.0,0.0,0.0,0.0,0.0,0.947858199361148,0.9668385944597956,0.9582191030603558,0.9010602369203279,1.187995862854905,1.9852620782937749,EVE(A),ARS(A),BRE(H),LEE(A),NEW(H),BUR(H),0.0,0.0,1.0179566082209277,0.9334486047869694,0.9780471761839342,1.045467296709635,0.9586805445269106,1.1325472438885735,West Ham,38
Mark,Travers,Travers,Goalkeeper,EVE,5.042156717967844,6.942769156205163,100.0,100.0,,4.2,0.1,0.0,0.0,0,0,0.0,0.0,0.0,0.0,0.0,,0.0,0.0,0.0,0.0,0.0,0,0,0,0,0,0.0,0.0,0.0,0.0,0.0,0.0,0.8862201773086462,1.0934636082053755,0.8986091341852048,0.9054125793044855,1.2584512189641321,1.9006124382373186,WHU(H),CRY(H),MCI(A),TOT(H),SUN(A),FUL(H),0.0,0.0,1.0316257548390524,1.0385262359175895,0.8968475614707909,1.0247711239638793,1.052460363008469,1.0111981962423193,Everton,38
Gabriel,Gudmundsson,Gudmundsson,Defender,LEE,5.408036779330612,6.936047941215182,0.0,0.0,Hamstring injury - Expected back 01 Jun,3.8,2.5,0.0,17.9,68,0,2.1,0.0,0.04,0.1,0.14,,442.6,363.7,158.0,96.4,0.0,0,0,5,45,31,0.0,0.0,0.0,0.0,0.0,0.0,0.39711165246496216,0.9772365887759107,1.2539011514655405,0.9848292342351126,1.7949581523890856,1.52801116188457,BOU(H),TOT(H),BUR(A),WHU(H),BHA(A),NFO(A),0.0,0.0,0.9911751304069054,1.0247711239638793,1.0881336264811785,1.0316257548390524,0.9780419586939864,1.0111928019049574,Leeds,38
Romaine,Mundle,Mundle,Midfielder,SUN,5.473456187066093,6.917521421315714,0.0,0.0,Hamstring injury - Expected back 01 Jun,4.9,0.0,0.0,2.9,14,0,1.0,0.0,0.2,0.11,0.31,,29.4,33.6,69.0,12.7,0.0,0,0,0,11,2,0.0,0.0,0.0,0.0,0.0,0.0,0.41607784302368644,0.6276139336849801,1.348615100755383,1.044090010741631,2.0370592988604126,1.444065234249621,NFO(A),MUN(A),WOL(H),CHE(A),EVE(H),ARS(H),0.0,0.0,1.0111928019049574,0.9210852290552671,1.110121305916802,0.9523055174497719,1.0524659774929148,0.9210901427022543,Sunderland,38
Luka,Vušković,Vuskovic,Defender,TOT,4.72691782142833,6.89298561700489,0.0,0.0,has joined Hamburger SV on loan for the rest of the season.,3.9,0.3,0.0,0.0,0,0,0.0,0.0,0.0,0.0,0.0,,0.0,0.0,0.0,0.0,0.0,0,0,0,0,0,0.0,0.0,0.0,0.0,0.0,0.0,0.4659211876556521,0.6804896615361882,1.1024170325939096,1.1237688675803696,1.3543210720622108,2.16606779557656,WOL(H),LEE(A),AVL(H),EVE(A),CHE(H),MUN(H),0.0,0.0,1.110121305916802,1.045467296709635,0.971548547839499,1.0179566082209277,0.9650930995904489,0.9334535843879661,Spurs,38
Takai,Kōta,Takai,Defender,TOT,4.729890232639247,6.879428438284812,0.0,0.0,has joined Borussia Mönchengladbach on loan for the rest of the season.,4.0,0.0,0.0,0.0,0,0,0.0,0.0,0.0,0.0,0.0,,0.0,0.0,0.0,0.0,0.0,0,0,0,0,0,0.0,0.0,0.0,0.0,0.0,0.0,0.4637078057871516,0.685474620213174,1.1004493416085022,1.134026440997803,1.3462320240326155,2.1495382056455647,WOL(H),LEE(A),AVL(H),EVE(A),CHE(H),MUN(H),0.0,0.0,1.110121305916802,1.045467296709635,0.971548547839499,1.0179566082209277,0.9650930995904489,0.9334535843879661,Spurs,38
Ashley,Phillips,Phillips,Defender,TOT,4.729890232639247,6.879428438284812,0.0,0.0,Has joined Stoke City on loan for the rest of the season.,4.0,0.0,0.0,0.0,0,0,0.0,0.0,0.0,0.0,0.0,,0.0,0.0,0.0,0.0,0.0,0,0,0,0,0,0.0,0.0,0.0,0.0,0.0,0.0,0.4637078057871516,0.685474620213174,1.1004493416085022,1.134026440997803,1.3462320240326155,2.1495382056455647,WOL(H),LEE(A),AVL(H),EVE(A),CHE(H),MUN(H),0.0,0.0,1.110121305916802,1.045467296709635,0.971548547839499,1.0179566082209277,0.9650930995904489,0.9334535843879661,Spurs,38
Ilia,Gruev,Gruev,Midfielder,LEE,5.313655849554692,6.811522152591029,0.0,0.0,Knee injury - Expected back 01 Jun,4.7,0.1,0.0,11.9,56,0,2.4,0.0,0.03,0.06,0.09,,199.4,171.0,64.0,43.2,0.0,0,4,5,23,15,0.0,0.0,0.0,0.0,0.0,0.0,0.3700169107624698,0.8791511524907858,1.4368911031021299,1.2726416811964159,1.3549550020028902,1.4978663030363368,BOU(H),TOT(H),BUR(A),WHU(H),BHA(A),NFO(A),0.0,0.0,0.9911751304069054,1.0247711239638793,1.0881336264811785,1.0316257548390524,0.9780419586939864,1.0111928019049574,Leeds,38
Will,Dennis,Dennis,Goalkeeper,BOU,4.775213936214422,6.8055727806319135,0.0,0.0,has joined Leyton Orient on loan for the rest of the season.,4.0,0.7,0.0,0.0,0,0,0.0,0.0,0.0,0.0,0.0,,0.0,0.0,0.0,0.0,0.0,0,0,0,0,0,0.0,0.0,0.0,0.0,0.0,0.0,0.42484293981287147,0.674669628230853,1.1365441698692516,1.307011593019173,1.2321456052822741,2.030358844417491,LEE(A),FUL(H),CRY(A),NFO(H),MCI(A),AVL(A),0.0,0.0,1.045467296709635,1.0111981962423193,1.0111928019049574,1.045472873888674,0.8968475614707909,0.9977997168619978,Bournemouth,38
Trey,Nyoni,Nyoni,Midfielder,LIV,5.978957873162575,6.803708816472545,,,,4.3,0.3,0.0,1.4,6,1,1.0,0.0,1.59,0.09,1.68,,4.2,13.4,4.0,2.1,7.0,0,0,0,1,0,3.0,38.57142857142857,1.0,0.0,2.0,0.0,1.1616027248890595,1.3821494781855612,1.041352711045575,1.2167974812189917,1.177055477823388,0.8247509433099698,CRY(A),CHE(A),MUN(H),BRE(A),AVL(H),MCI(A),3.0,38.57142857142857,1.0111928019049574,0.9523055174497719,0.9334535843879661,1.0179566082209277,0.971548547839499,0.8968475614707909,Liverpool,38
Nazarii,Rusyn,Rusyn,Forward,SUN,5.167185826250078,6.7946175956836266,0.0,0.0,has joined Arka on loan for the rest of the season.,4.4,0.1,0.0,0.0,0,0,0.0,0.0,0.0,0.0,0.0,,0.0,0.0,0.0,0.0,0.0,0,0,0,0,0,0.0,0.0,0.0,0.0,0.0,0.0,0.41594112653193394,0.5522682063073557,1.4037448331383349,0.8993502212493034,1.8958814390231498,1.6274317694335485,NFO(A),MUN(A),WOL(H),CHE(A),EVE(H),ARS(H),0.0,0.0,1.0111928019049574,0.9210852290552671,1.110121305916802,0.9523055174497719,1.0524659774929148,0.9210901427022543,Sunderland,38
Luís Hemir,Silva Semedo,Luís Hemir,Forward,SUN,5.167185826250078,6.7946175956836266,0.0,0.0,has joined Moreirense on loan for the rest of the season.,4.4,0.1,0.0,0.0,0,0,0.0,0.0,0.0,0.0,0.0,,0.0,0.0,0.0,0.0,0.0,0,0,0,0,0,0.0,0.0,0.0,0.0,0.0,0.0,0.41594112653193394,0.5522682063073557,1.4037448331383349,0.8993502212493034,1.8958814390231498,1.6274317694335485,NFO(A),MUN(A),WOL(H),CHE(A),EVE(H),ARS(H),0.0,0.0,1.0111928019049574,0.9210852290552671,1.110121305916802,0.9523055174497719,1.0524659774929148,0.9210901427022543,Sunderland,38
Niclas,Füllkrug,Füllkrug,Forward,WHU,5.3339905443992555,6.78874441498441,0.0,0.0,has joined AC Milan on loan for the rest of the season.,5.6,0.6,0.0,2.1,12,0,1.5,0.0,0.21,0.05,0.26,,26.0,85.1,130.0,23.8,0.0,0,0,1,11,5,0.0,0.0,0.0,0.0,0.0,0.0,0.5157157449610933,0.7006135390247378,1.1260644814661462,1.487496897308213,1.5040998816390652,1.4547538705851542,EVE(A),ARS(A),BRE(H),LEE(A),NEW(H),BUR(H),0.0,0.0,1.0179566082209277,0.9334486047869694,0.9780471761839342,1.045467296709635,0.9586805445269106,1.1325472438885735,West Ham,38
Kaelan,Casey,Casey,Defender,WHU,4.573035379532196,6.768795692688533,0.0,0.0,has joined Leyton Orient on loan for the rest of the season.,4.0,0.1,0.0,0.0,0,0,0.0,0.0,0.0,0.0,0.0,,0.0,0.0,0.0,0.0,0.0,0,0,0,0,0,0.0,0.0,0.0,0.0,0.0,0.0,0.425209770021326,0.6047264368971075,1.1005384919273333,1.106682231025921,1.335878449660508,2.1957603131563377,EVE(A),ARS(A),BRE(H),LEE(A),NEW(H),BUR(H),0.0,0.0,1.0179566082209277,0.9334486047869694,0.9780471761839342,1.045467296709635,0.9586805445269106,1.1325472438885735,West Ham,38
Cristian,Romero,Romero,Defender,TOT,5.11535753034619,6.76285846901621,0.0,0.0,Knee injury - Expected back 01 Jun,5.0,2.9,0.0,18.2,91,0,4.0,0.0,0.07,0.06,0.13,,574.8,133.6,223.0,93.2,0.0,4,1,5,33,22,0.0,0.0,0.0,0.0,0.0,0.0,0.46862828928459443,0.9005779113572968,1.236361990563134,0.9541083724577141,1.55568096668345,1.647500938670021,WOL(H),LEE(A),AVL(H),EVE(A),CHE(H),MUN(H),0.0,0.0,1.110121305916802,1.045467296709635,0.971548547839499,1.0179566082209277,0.9650930995904489,0.9334535843879661,Spurs,38
Michael,Obafemi,Obafemi,Forward,BUR,4.837465165924328,6.73323916287076,0.0,0.0,has joined Blackpool on loan for the rest of the season.,4.4,0.1,0.0,0.0,0,0,0.0,0.0,0.0,0.0,0.0,,0.0,0.0,0.0,0.0,0.0,0,0,0,0,0,0.0,0.0,0.0,0.0,0.0,0.0,0.4126899352793415,0.6615522714045574,1.247973410009125,1.220499112008216,1.294750437223088,1.8957739969464318,MCI(A),AVL(A),LEE(H),WOL(A),ARS(H),WHU(A),0.0,0.0,0.8968475614707909,0.9977997168619978,0.9978050397522342,1.1175408772327884,0.9210901427022543,1.0247656572203843,Burnley,38
Boubacar,Kamara,Kamara,Midfielder,AVL,5.316728233837387,6.704430260430259,0.0,0.0,Knee injury - Expected back 01 Jun,4.9,0.2,0.0,12.4,61,0,3.4,0.0,0.03,0.05,0.08,,325.0,241.3,75.0,64.2,0.0,1,3,5,15,17,0.0,0.0,0.0,0.0,0.0,0.0,0.368830349583175,0.945966198706278,1.2497129454344902,1.072099678120978,1.6801190619924657,1.3877020265928723,FUL(H),BUR(H),TOT(A),MCI(H),LIV(A),BOU(H),0.0,0.0,1.0111981962423193,1.1325472438885735,1.0111928019049574,0.8968523458188399,0.9149650840122292,0.9911751304069054,Aston Villa,38
Marcus,Bettinelli,Bettinelli,Goalkeeper,MCI,5.059402643645384,6.704136524888229,100.0,100.0,,3.8,0.4,0.0,0.0,0,0,0.0,0.0,0.0,0.0,0.0,,0.0,0.0,0.0,0.0,0.0,0,0,0,0,0,0.0,0.0,0.0,0.0,0.0,0.0,1.0072741356437942,0.9364215113088746,1.0151649637546565,0.8527687322990373,1.2477733006390215,1.6447338812428456,BUR(H),BRE(A),EVE(H),AVL(A),BOU(H),LIV(H),0.0,0.0,1.1325472438885735,1.0179566082209277,1.0524659774929148,0.9977997168619978,0.9911751304069054,0.9210901427022543,Man City,38
Chemsdine,Talbi,Talbi,Midfielder,SUN,4.784952236895206,6.70091766238,0.0,0.0,Muscle injury - Expected back 01 Jun,4.9,0.2,0.0,16.9,83,0,3.0,0.0,0.12,0.07,0.19,,238.8,211.5,245.0,69.1,0.0,4,2,7,14,16,0.0,0.0,0.0,0.0,0.0,0.0,0.34300140669463913,0.5619645816720659,1.3775126325547802,0.9348343773488299,1.5676392386248912,1.9159654254847938,NFO(A),MUN(A),WOL(H),CHE(A),EVE(H),ARS(H),0.0,0.0,1.0111928019049574,0.9210852290552671,1.110121305916802,0.9523055174497719,1.0524659774929148,0.9210901427022543,Sunderland,38
Karl,Hein,Hein,Goalkeeper,ARS,4.654735098483264,6.68674412869838,0.0,0.0,Has joined Werder Bremen on loan for the rest of the season.,4.0,0.2,0.0,0.0,0,0,0.0,0.0,0.0,0.0,0.0,,0.0,0.0,0.0,0.0,0.0,0,0,0,0,0,0.0,0.0,0.0,0.0,0.0,0.0,0.41097428229803745,0.6970362540275706,1.099037924343564,1.0936714210938492,1.3540152167202426,2.032009030215116,NEW(A),WHU(H),FUL(A),CRY(H),BUR(A),SUN(A),0.0,0.0,1.0385206957960817,1.0316257548390524,1.0385206957960817,1.0385262359175895,1.0881336264811785,1.052460363008469,Arsenal,38
Mike,Penders,Penders,Goalkeeper,CHE,4.525100746237538,6.680354454321383,0.0,0.0,Has joined RC Strasbourg on loan for the rest of the season.,4.0,0.0,0.0,0.0,0,0,0.0,0.0,0.0,0.0,0.0,,0.0,0.0,0.0,0.0,0.0,0,0,0,0,0,0.0,0.0,0.0,0.0,0.0,0.0,0.385093018153081,0.6477409785119069,1.0768664346496364,1.1594212699612751,1.2559790449616381,2.155253708083845,BHA(H),LIV(H),NFO(A),SUN(H),TOT(A),WOL(H),0.0,0.0,0.9780471761839342,0.9210901427022543,1.0111928019049574,1.0737272005708411,1.0111928019049574,1.110121305916802,Chelsea,38
Murillo,Costa dos Santos,Murillo,Defender,NFO,4.732777323956787,6.679371468472904,0.0,0.0,Muscle injury - Expected back 01 Jun,5.2,1.8,0.0,16.0,83,0,3.3,0.0,0.03,0.02,0.05,,542.2,115.5,82.0,74.0,0.0,1,0,6,29,25,0.0,0.0,0.0,0.0,0.0,0.0,0.47115500865299303,0.7177672593390644,1.1352595615689078,1.0911362834452631,1.3174592109505587,1.9465941445161168,SUN(H),NEW(A),CHE(H),BOU(A),MUN(H),LEE(H),0.0,0.0,1.0737272005708411,1.0385206957960817,0.9650930995904489,0.9586754303501859,0.9334535843879661,0.9978050397522342,Nott'm Forest,38
André,Onana,Onana,Goalkeeper,MUN,4.645912835955405,6.649335596134524,0.0,0.0,has joined Trabzonspor on loan for the rest of the season.,4.9,0.1,0.0,0.0,0,0,0.0,0.0,0.0,0.0,0.0,,0.0,0.0,0.0,0.0,0.0,0,0,0,0,0,0.0,0.0,0.0,0.0,0.0,0.0,0.405907279302551,0.723006094215283,1.0399386309988419,1.0944492720479386,1.3826115593907913,2.003422760179118,BRE(A),SUN(H),LIV(A),BHA(H),NFO(A),TOT(A),0.0,0.0,1.0179566082209277,1.0737272005708411,0.9149650840122292,0.9780471761839342,1.0111928019049574,1.0111928019049574,Man Utd,38
Will,Lankshear,Lankshear,Forward,TOT,4.886901566396269,6.648121420309796,0.0,0.0,has joined Oxford United on loan for the rest of the season.,4.5,0.0,0.0,0.0,0,0,0.0,0.0,0.0,0.0,0.0,,0.0,0.0,0.0,0.0,0.0,0,0,0,0,0,0.0,0.0,0.0,0.0,0.0,0.0,0.5011384695609564,0.6833630063191918,1.2266267890350178,1.1588184368745416,1.3169548646065619,1.761219853913526,WOL(H),LEE(A),AVL(H),EVE(A),CHE(H),MUN(H),0.0,0.0,1.110121305916802,1.045467296709635,0.971548547839499,1.0179566082209277,0.9650930995904489,0.9334535843879661,Spurs,38
Danny,Imray,Imray,Defender,CRY,4.934481565970722,6.622199903464893,0.0,0.0,has joined West Brom on loan for the rest of the season.,4.0,0.0,0.0,0.0,0,0,0.0,0.0,0.0,0.0,0.0,,0.0,0.0,0.0,0.0,0.0,0,0,0,0,0,0.0,0.0,0.0,0.0,0.0,0.0,0.37426904988792836,0.6331278075055664,1.079910390477975,0.9082364989326722,1.9389378191665796,1.6877183374941718,LIV(H),EVE(A),BOU(H),ARS(A),BRE(H),BHA(H),0.0,0.0,0.9210901427022543,1.0179566082209277,0.9911751304069054,0.9334486047869694,0.9780471761839342,0.9780471761839342,Crystal Palace,38
Rob,Holding,Holding,Defender,CRY,4.934481565970722,6.622199903464893,0.0,0.0,Has joined Colorado Rapids permanently.,4.0,0.0,0.0,0.0,0,0,0.0,0.0,0.0,0.0,0.0,,0.0,0.0,0.0,0.0,0.0,0,0,0,0,0,0.0,0.0,0.0,0.0,0.0,0.0,0.37426904988792836,0.6331278075055664,1.079910390477975,0.9082364989326722,1.9389378191665796,1.6877183374941718,LIV(H),EVE(A),BOU(H),ARS(A),BRE(H),BHA(H),0.0,0.0,0.9210901427022543,1.0179566082209277,0.9911751304069054,0.9334486047869694,0.9780471761839342,0.9780471761839342,Crystal Palace,38
Norberto,Murara Neto,Neto,Goalkeeper,BOU,4.649400028877501,6.619328359107044,0.0,0.0,Has joined Botafogo permanently.,4.5,0.1,0.0,0.0,0,0,0.0,0.0,0.0,0.0,0.0,,0.0,0.0,0.0,0.0,0.0,0,0,0,0,0,0.0,0.0,0.0,0.0,0.0,0.0,0.416877087471199,0.6846743033582722,1.1522502971180488,1.1714444736797494,1.2241538672502321,1.969928330229543,LEE(A),FUL(H),CRY(A),NFO(H),MCI(A),AVL(A),0.0,0.0,1.045467296709635,1.0111981962423193,1.0111928019049574,1.045472873888674,0.8968475614707909,0.9977997168619978,Bournemouth,38
Chris,Richards,Richards,Defender,CRY,4.653091714847532,6.591647778397372,0.0,0.0,Ankle injury - Expected back 01 Jun,4.4,2.2,0.0,29.1,128,0,3.9,0.0,0.08,0.05,0.13,,727.2,159.6,185.0,107.6,0.0,1,0,11,42,31,0.0,0.0,0.0,0.0,0.0,0.0,0.43164149570792537,0.8369033900724391,1.0156268576158114,0.7563441025955997,1.6125758688557565,1.9385560635498402,LIV(H),EVE(A),BOU(H),ARS(A),BRE(H),BHA(H),0.0,0.0,0.9210901427022543,1.0179566082209277,0.9911751304069054,0.9334486047869694,0.9780471761839342,0.9780471761839342,Crystal Palace,38
Joachim,Andersen,Andersen,Defender,FUL,4.7864852514223974,6.544146700464644,0.0,0.0,Suspended until 29 Aug,4.4,2.8,0.0,28.0,123,0,3.7,0.0,0.04,0.06,0.1,,790.6,131.0,148.0,107.0,0.0,0,1,8,45,33,0.0,0.0,0.0,0.0,0.0,0.0,0.4251536023071539,0.6048659406975948,0.8981200914009414,1.2369557988790003,1.6213898181377073,1.7576614490422466,AVL(A),BOU(A),ARS(H),NEW(A),WOL(H),EVE(A),0.0,0.0,0.9977997168619978,0.9586754303501859,0.9210901427022543,1.0385206957960817,1.110121305916802,1.0179566082209277,Fulham,38
Marshall,Munetsi,Munetsi,Midfielder,WOL,5.216379243841551,6.480694934702147,0.0,0.0,has joined Paris FC on loan for the rest of the season.,5.3,0.0,0.0,7.2,38,0,2.9,0.0,0.17,0.04,0.21,,163.6,61.8,196.0,42.1,0.0,1,2,0,19,9,0.0,0.0,0.0,0.0,0.0,0.0,0.40163543827118237,0.8752713629277069,1.0795482975799418,1.3427120955924512,1.5172120494702697,1.2643156908605964,TOT(A),BHA(H),SUN(A),BUR(H),FUL(A),CHE(A),0.0,0.0,1.0111928019049574,0.9780471761839342,1.052460363008469,1.1325472438885735,1.0385206957960817,0.9523055174497719,Wolves,38
Lewis,Miley,L.Miley,Midfielder,NEW,4.658437485531295,6.452076254043572,0.0,0.0,Leg injury - Expected back 01 Jul,4.4,1.7,0.0,16.4,72,0,3.1,0.0,0.08,0.13,0.21,,342.6,251.4,136.0,73.0,0.0,1,4,2,22,15,0.0,0.0,0.0,0.0,0.0,0.0,0.33968705112942277,0.684928118749963,1.0647263367167623,1.0675301217367352,1.501565857198412,1.7936387685122763,ARS(H),NFO(H),BHA(A),FUL(H),WHU(A),BRE(A),0.0,0.0,0.9210901427022543,1.045472873888674,0.9780419586939864,1.0111981962423193,1.0247656572203843,1.0179566082209277,Newcastle,38
Willy,Boly,Boly,Defender,NFO,4.504603681252466,6.442610427746027,0.0,0.0,Knee injury - Unknown return date,3.8,0.3,0.0,0.0,0,0,0.0,0.0,0.0,0.0,0.0,,0.0,0.0,0.0,0.0,0.0,0,0,0,0,0,0.0,0.0,0.0,0.0,0.0,0.0,0.44132027666982315,0.6713172548490947,1.0950920295164956,1.015657938806888,1.2812161814101648,1.9380067464935609,SUN(H),NEW(A),CHE(H),BOU(A),MUN(H),LEE(H),0.0,0.0,1.0737272005708411,1.0385206957960817,0.9650930995904489,0.9586754303501859,0.9334535843879661,0.9978050397522342,Nott'm Forest,38
Conor,Bradley,Bradley,Defender,LIV,4.751969997944289,6.43371917313457,0.0,0.0,Knee injury - Expected back 01 Jun,4.9,0.1,0.0,8.6,42,0,2.8,0.0,0.02,0.08,0.1,,157.4,105.2,62.0,32.3,0.0,0,2,4,13,12,0.0,0.0,0.0,0.0,0.0,0.0,0.42876878044627686,0.7154798351415396,0.938406333028314,1.3293155067171893,1.3399995426109692,1.6817491751902813,CRY(A),CHE(A),MUN(H),BRE(A),AVL(H),MCI(A),0.0,0.0,1.0111928019049574,0.9523055174497719,0.9334535843879661,1.0179566082209277,0.971548547839499,0.8968475614707909,Liverpool,38
Jayden,Danns,Danns,Forward,LIV,4.709230428901385,6.382289047590389,0.0,0.0,Hamstring injury - Unknown return date,4.3,0.1,0.0,0.0,0,0,0.0,0.0,0.0,0.0,0.0,,0.0,0.0,0.0,0.0,0.0,0,0,0,0,0,0.0,0.0,0.0,0.0,0.0,0.0,0.4418531946842307,0.6240808443945803,1.1816916476590498,1.1491200255678573,1.3124847165956675,1.6730586186890033,CRY(A),CHE(A),MUN(H),BRE(A),AVL(H),MCI(A),0.0,0.0,1.0111928019049574,0.9523055174497719,0.9334535843879661,1.0179566082209277,0.971548547839499,0.8968475614707909,Liverpool,38
Alex,Paulsen,Paulsen,Goalkeeper,BOU,4.407191496335698,6.344693780682315,0.0,0.0,Has joined Lechia Gdansk on loan for the rest of the season.,4.0,0.1,0.0,0.0,0,0,0.0,0.0,0.0,0.0,0.0,,0.0,0.0,0.0,0.0,0.0,0,0,0,0,0,0.0,0.0,0.0,0.0,0.0,0.0,0.41163879051427427,0.6832340114445353,1.0633295136368397,1.1149880733330562,1.134001107406992,1.9375022843466165,LEE(A),FUL(H),CRY(A),NFO(H),MCI(A),AVL(A),0.0,0.0,1.045467296709635,1.0111981962423193,1.0111928019049574,1.045472873888674,0.8968475614707909,0.9977997168619978,Bournemouth,38
Odysseas,Vlachodimos,Odysseas,Goalkeeper,NEW,4.320407586778819,6.242363983751608,0.0,0.0,Has joined Sevilla on loan for the rest of the season.,4.0,0.0,0.0,0.0,0,0,0.0,0.0,0.0,0.0,0.0,,0.0,0.0,0.0,0.0,0.0,0,0,0,0,0,0.0,0.0,0.0,0.0,0.0,0.0,0.36266694662748694,0.7315932736680784,1.0324629186397865,1.0430321142479109,1.150652333595556,1.9219563969727893,ARS(H),NFO(H),BHA(A),FUL(H),WHU(A),BRE(A),0.0,0.0,0.9210901427022543,1.045472873888674,0.9780419586939864,1.0111981962423193,1.0247656572203843,1.0179566082209277,Newcastle,38
Carl,Rushworth,Rushworth,Goalkeeper,BHA,4.44418851767444,6.211646753661563,0.0,0.0,Has joined Coventry City on loan for the rest of the season.,4.0,0.0,0.0,0.0,0,0,0.0,0.0,0.0,0.0,0.0,,0.0,0.0,0.0,0.0,0.0,0,0,0,0,0,0.0,0.0,0.0,0.0,0.0,0.0,0.3742933441434343,0.6852892607187624,0.9913405267523765,0.7789078264417022,1.6143575596181643,1.7674582359871238,CHE(A),WOL(A),NEW(H),MUN(A),LEE(H),CRY(A),0.0,0.0,0.9523055174497719,1.1175408772327884,0.9586805445269106,0.9210852290552671,0.9978050397522342,1.0111928019049574,Brighton,38
Kjell,Scherpen,Scherpen,Goalkeeper,BHA,4.44418851767444,6.211646753661563,0.0,0.0,Has joined Union SG permanently,4.0,0.0,0.0,0.0,0,0,0.0,0.0,0.0,0.0,0.0,,0.0,0.0,0.0,0.0,0.0,0,0,0,0,0,0.0,0.0,0.0,0.0,0.0,0.0,0.3742933441434343,0.6852892607187624,0.9913405267523765,0.7789078264417022,1.6143575596181643,1.7674582359871238,CHE(A),WOL(A),NEW(H),MUN(A),LEE(H),CRY(A),0.0,0.0,0.9523055174497719,1.1175408772327884,0.9586805445269106,0.9210852290552671,0.9978050397522342,1.0111928019049574,Brighton,38
Elyh,Harrison,Harrison,Goalkeeper,MUN,4.265142868716397,6.1743288384314035,0.0,0.0,On loan to Shrewsbury Town,4.0,0.0,0.0,0.0,0,0,0.0,0.0,0.0,0.0,0.0,,0.0,0.0,0.0,0.0,0.0,0,0,0,0,0,0.0,0.0,0.0,0.0,0.0,0.0,0.40080682420471336,0.751364877378664,0.9658762721736511,1.006311835886098,1.14078305907327,1.909185969715007,BRE(A),SUN(H),LIV(A),BHA(H),NFO(A),TOT(A),0.0,0.0,1.0179566082209277,1.0737272005708411,0.9149650840122292,0.9780471761839342,1.0111928019049574,1.0111928019049574,Man Utd,38
Etienne,Green,Green,Goalkeeper,BUR,4.256818145785496,6.122571959387731,0.0,0.0,has joined FC Fredericia permanently.,4.0,0.2,0.0,0.0,0,0,0.0,0.0,0.0,0.0,0.0,,0.0,0.0,0.0,0.0,0.0,0,0,0,0,0,0.0,0.0,0.0,0.0,0.0,0.0,0.37017466164759094,0.6446341524799404,1.0256856749507315,1.0356023537443961,1.1807213029628363,1.8657538136022354,MCI(A),AVL(A),LEE(H),WOL(A),ARS(H),WHU(A),0.0,0.0,0.8968475614707909,0.9977997168619978,0.9978050397522342,1.1175408772327884,0.9210901427022543,1.0247656572203843,Burnley,38
Steven,Benda,Benda,Goalkeeper,FUL,4.194235083031931,6.047197948541186,0.0,0.0,has joined Feyenoord on loan for the rest of the season.,4.0,0.0,0.0,0.0,0,0,0.0,0.0,0.0,0.0,0.0,,0.0,0.0,0.0,0.0,0.0,0,0,0,0,0,0.0,0.0,0.0,0.0,0.0,0.0,0.4023574750603025,0.6261060215924776,0.9461343075567474,0.9902276737373896,1.229409605085014,1.8529628655092554,AVL(A),BOU(A),ARS(H),NEW(A),WOL(H),EVE(A),0.0,0.0,0.9977997168619978,0.9586754303501859,0.9210901427022543,1.0385206957960817,1.110121305916802,1.0179566082209277,Fulham,38
Harry,Tyrer,Tyrer,Goalkeeper,EVE,4.1491055553022225,6.039210847748292,0.0,0.0,has joined Cardiff City permanently.,3.9,0.1,0.0,0.0,0,0,0.0,0.0,0.0,0.0,0.0,,0.0,0.0,0.0,0.0,0.0,0,0,0,0,0,0.0,0.0,0.0,0.0,0.0,0.0,0.40618886819495204,0.6981049793874905,0.829673660861011,1.0221448830228055,1.1929931638359637,1.8901052924460697,WHU(H),CRY(H),MCI(A),TOT(H),SUN(A),FUL(H),0.0,0.0,1.0316257548390524,1.0385262359175895,0.8968475614707909,1.0247711239638793,1.052460363008469,1.0111981962423193,Everton,38
Anthony,Patterson,Patterson,Goalkeeper,SUN,4.43989289852986,6.033452368316306,0.0,0.0,has joined Millwall on loan for the rest of the season.,4.2,0.1,0.0,0.0,0,0,0.0,0.0,0.0,0.0,0.0,,0.0,0.0,0.0,0.0,0.0,0,0,0,0,0,0.0,0.0,0.0,0.0,0.0,0.0,0.39743835194017807,0.5559550812504549,1.1331173049961552,0.7967915265022665,1.5565906338408049,1.5935594697864466,NFO(A),MUN(A),WOL(H),CHE(A),EVE(H),ARS(H),0.0,0.0,1.0111928019049574,0.9210852290552671,1.110121305916802,0.9523055174497719,1.0524659774929148,0.9210901427022543,Sunderland,38
Filip,Marschall,Marschall,Goalkeeper,AVL,4.290876713460475,6.032895770550107,0.0,0.0,Has joined Stevenage permanently.,4.0,0.0,0.0,0.0,0,0,0.0,0.0,0.0,0.0,0.0,,0.0,0.0,0.0,0.0,0.0,0,0,0,0,0,0.0,0.0,0.0,0.0,0.0,0.0,0.40503960280995627,0.8125449952438627,1.053747383091186,0.8076787350458181,1.2118659972696513,1.7420190570896326,FUL(H),BUR(H),TOT(A),MCI(H),LIV(A),BOU(H),0.0,0.0,1.0111981962423193,1.1325472438885735,1.0111928019049574,0.8968523458188399,0.9149650840122292,0.9911751304069054,Aston Villa,38
Wes,Foderingham,Foderingham,Goalkeeper,WHU,3.965079943747542,5.999369441917472,0.0,0.0,has joined Aris Limassol permanently.,4.0,0.2,0.0,0.0,0,0,0.0,0.0,0.0,0.0,0.0,,0.0,0.0,0.0,0.0,0.0,0,0,0,0,0,0.0,0.0,0.0,0.0,0.0,0.0,0.4125152572933215,0.605179675534841,0.9117226816274392,0.9764089515571583,1.0592533777347826,2.03428949816993,EVE(A),ARS(A),BRE(H),LEE(A),NEW(H),BUR(H),0.0,0.0,1.0179566082209277,0.9334486047869694,0.9780471761839342,1.045467296709635,0.9586805445269106,1.1325472438885735,West Ham,38
Joe,Gauci,Gauci,Goalkeeper,AVL,4.241984154704257,5.9980348636615055,0.0,0.0,Has joined Port Vale on loan for the rest of the season.,4.0,0.1,0.0,0.0,0,0,0.0,0.0,0.0,0.0,0.0,,0.0,0.0,0.0,0.0,0.0,0,0,0,0,0,0.0,0.0,0.0,0.0,0.0,0.0,0.40503960280995627,0.7767475901040918,1.040695183321866,0.7983422833583887,1.221159495109954,1.7560507089572481,FUL(H),BUR(H),TOT(A),MCI(H),LIV(A),BOU(H),0.0,0.0,1.0111981962423193,1.1325472438885735,1.0111928019049574,0.8968523458188399,0.9149650840122292,0.9911751304069054,Aston Villa,38
Krisztián,Hegyi,Hegyi,Goalkeeper,WHU,3.939992384442513,5.962070920218803,0.0,0.0,has joined MTK Budapest on loan for the rest of the season.,3.9,0.2,0.0,0.0,0,0,0.0,0.0,0.0,0.0,0.0,,0.0,0.0,0.0,0.0,0.0,0,0,0,0,0,0.0,0.0,0.0,0.0,0.0,0.0,0.4125152572933215,0.5918012417937789,0.9106470914916543,0.9751056996993865,1.049923094164372,2.0220785357762905,EVE(A),ARS(A),BRE(H),LEE(A),NEW(H),BUR(H),0.0,0.0,1.0179566082209277,0.9334486047869694,0.9780471761839342,1.045467296709635,0.9586805445269106,1.1325472438885735,West Ham,38
Blondy,Nna Noukeu,Nna Noukeu,Goalkeeper,SUN,4.314000023424096,5.868633242494878,0.0,0.0,has joined US Boulogne CO permanently.,3.9,0.1,0.0,0.0,0,0,0.0,0.0,0.0,0.0,0.0,,0.0,0.0,0.0,0.0,0.0,0,0,0,0,0,0.0,0.0,0.0,0.0,0.0,0.0,0.39743835194017807,0.5584728533211256,1.1336494482024753,0.7583401382775157,1.4660992316828014,1.554633219070783,NFO(A),MUN(A),WOL(H),CHE(A),EVE(H),ARS(H),0.0,0.0,1.0111928019049574,0.9210852290552671,1.110121305916802,0.9523055174497719,1.0524659774929148,0.9210901427022543,Sunderland,38
Brajan,Gruda,Gruda,Midfielder,BHA,4.47613705137433,5.727655458478055,0.0,0.0,has joined Leipzig on loan for the rest of the season.,5.4,0.0,0.0,6.5,35,0,1.9,0.0,0.24,0.11,0.35,,134.4,217.1,152.0,50.0,0.0,1,1,2,11,8,0.0,0.0,0.0,0.0,0.0,0.0,0.3244889621728817,0.7199442981689498,0.9775355776530144,1.026503506693465,1.4276647066860195,1.251518407103725,CHE(A),WOL(A),NEW(H),MUN(A),LEE(H),CRY(A),0.0,0.0,0.9523055174497719,1.1175408772327884,0.9586805445269106,0.9210852290552671,0.9978050397522342,1.0111928019049574,Brighton,38
Carlos Miguel,dos Santos Pereira,C.Miguel,Goalkeeper,NFO,3.9125086775562954,5.70634010230169,0.0,0.0,Has joined Palmeiras permanently.,4.0,0.1,0.0,0.0,0,0,0.0,0.0,0.0,0.0,0.0,,0.0,0.0,0.0,0.0,0.0,0,0,0,0,0,0.0,0.0,0.0,0.0,0.0,0.0,0.43297483254848645,0.6733007200343115,0.8965844419489633,0.8846080418925144,1.02504064113202,1.7938314247453948,SUN(H),NEW(A),CHE(H),BOU(A),MUN(H),LEE(H),0.0,0.0,1.0737272005708411,1.0385206957960817,0.9650930995904489,0.9586754303501859,0.9334535843879661,0.9978050397522342,Nott'm Forest,38
Matt,Turner,Turner,Goalkeeper,NFO,3.9125086775562954,5.70634010230169,0.0,0.0,Has joined Lyon permanently.,4.0,0.1,0.0,0.0,0,0,0.0,0.0,0.0,0.0,0.0,,0.0,0.0,0.0,0.0,0.0,0,0,0,0,0,0.0,0.0,0.0,0.0,0.0,0.0,0.43297483254848645,0.6733007200343115,0.8965844419489633,0.8846080418925144,1.02504064113202,1.7938314247453948,SUN(H),NEW(A),CHE(H),BOU(A),MUN(H),LEE(H),0.0,0.0,1.0737272005708411,1.0385206957960817,0.9650930995904489,0.9586754303501859,0.9334535843879661,0.9978050397522342,Nott'm Forest,38
Matthijs,de Ligt,De Ligt,Defender,MUN,4.306390210508027,5.568566867102219,0.0,0.0,Back injury - Expected back 01 Jun,4.9,1.8,0.0,8.8,43,0,3.3,0.0,0.11,0.06,0.17,,276.6,60.2,122.0,45.7,0.0,1,0,1,20,13,0.0,0.0,0.0,0.0,0.0,0.0,0.3663860239211387,0.9017815969141911,0.8152168286417292,1.0752555764425524,1.1477501845884162,1.2621766565941914,BRE(A),SUN(H),LIV(A),BHA(H),NFO(A),TOT(A),0.0,0.0,1.0179566082209277,1.0737272005708411,0.9149650840122292,0.9780471761839342,1.0111928019049574,1.0111928019049574,Man Utd,38
Matthew,Cox,Cox,Goalkeeper,BRE,3.9076773433894694,5.5619004690677905,0.0,0.0,has joined Shrewsbury Town on loan for the rest of the season.,3.9,0.1,0.0,0.0,0,0,0.0,0.0,0.0,0.0,0.0,,0.0,0.0,0.0,0.0,0.0,0,0,0,0,0,0.0,0.0,0.0,0.0,0.0,0.0,0.373898678287821,0.6132722765397769,0.9284392223267304,0.7652843502937139,1.2267828159414271,1.6542231256783213,MUN(H),MCI(H),WHU(A),LIV(H),CRY(A),NEW(H),0.0,0.0,0.9334535843879661,0.8968523458188399,1.0247656572203843,0.9210901427022543,1.0111928019049574,0.9586805445269106,Brentford,38
Ryan,Christie,Christie,Midfielder,BOU,4.199289135431895,5.556576246853769,0.0,0.0,Suspended until 29 Aug,4.9,0.1,0.0,9.6,47,0,1.8,0.0,0.17,0.07,0.24,,226.6,197.0,220.0,64.7,0.0,2,1,3,14,9,0.0,0.0,0.0,0.0,0.0,0.0,0.35852784074393784,0.7235526336313552,0.973741283541748,1.0230840045438094,1.120383372971045,1.3572871114218739,LEE(A),FUL(H),CRY(A),NFO(H),MCI(A),AVL(A),0.0,0.0,1.045467296709635,1.0111981962423193,1.0111928019049574,1.045472873888674,0.8968475614707909,0.9977997168619978,Bournemouth,38
Nicolò,Savona,Savona,Defender,NFO,4.143759074482816,5.474467256448504,0.0,0.0,Knee injury - Unknown return date,4.5,0.0,0.0,8.7,39,0,2.8,0.0,0.12,0.04,0.16,,216.6,123.2,94.0,43.5,0.0,2,0,3,18,11,0.0,0.0,0.0,0.0,0.0,0.0,0.44993687398471627,0.6637918464979511,0.8797004077473638,0.9690901209642175,1.1812398252885672,1.330708181965688,SUN(H),NEW(A),CHE(H),BOU(A),MUN(H),LEE(H),0.0,0.0,1.0737272005708411,1.0385206957960817,0.9650930995904489,0.9586754303501859,0.9334535843879661,0.9978050397522342,Nott'm Forest,38
Wilson,Odobert,Odobert,Midfielder,TOT,4.188057910461241,5.469820034224813,0.0,0.0,Knee injury - Unknown return date,5.3,0.0,0.0,8.7,46,0,1.9,0.0,0.18,0.11,0.29,,158.8,284.3,234.0,67.6,0.0,0,2,2,13,10,0.0,0.0,0.0,0.0,0.0,0.0,0.40536809674547947,0.6916865826674453,0.8617898879376776,1.125585163528427,1.1036281795822114,1.2817621237635717,WOL(H),LEE(A),AVL(H),EVE(A),CHE(H),MUN(H),0.0,0.0,1.110121305916802,1.045467296709635,0.971548547839499,1.0179566082209277,0.9650930995904489,0.9334535843879661,Spurs,38
Mohammed,Kudus,Kudus,Midfielder,TOT,4.231283299252807,5.222804382910154,0.0,0.0,Thigh injury - Expected back 01 Jun,6.4,9.1,0.0,11.7,75,0,3.9,0.0,0.11,0.14,0.25,,333.4,413.8,302.0,104.7,0.0,2,6,7,20,19,0.0,0.0,0.0,0.0,0.0,0.0,0.5597051722199354,0.6166344351961737,0.7884406706572795,1.2217890488640462,1.0447139723153718,0.9915210836573474,WOL(H),LEE(A),AVL(H),EVE(A),CHE(H),MUN(H),0.0,0.0,1.110121305916802,1.045467296709635,0.971548547839499,1.0179566082209277,0.9650930995904489,0.9334535843879661,Spurs,38
Matt,O'Riley,O'Riley,Midfielder,BHA,4.387061434163456,5.166465444328457,100.0,100.0,,5.5,0.3,0.0,2.9,16,0,2.7,0.0,0.54,0.08,0.62,,65.4,67.7,63.0,19.6,0.0,1,0,1,3,2,0.0,0.0,0.0,0.0,0.0,0.0,0.6186840585867056,0.9428699971230076,0.8216016962069118,0.9296182081689628,1.0742874740778685,0.7794040101650012,CHE(A),WOL(A),NEW(H),MUN(A),LEE(H),CRY(A),0.0,0.0,0.9523055174497719,1.1175408772327884,0.9586805445269106,0.9210852290552671,0.9978050397522342,1.0111928019049574,Brighton,38
Fabian,Schär,Schär,Defender,NEW,3.977489661622917,4.959520115128974,0.0,0.0,Ankle injury - Expected back 01 Jun,5.2,1.1,0.0,9.8,51,0,3.2,0.0,0.08,0.05,0.13,,291.2,63.6,108.0,46.4,0.0,0,0,4,13,11,0.0,0.0,0.0,0.0,0.0,0.0,0.36515548497135397,0.8177844780440177,0.8444583405048547,0.9345862486475122,1.0155051094551784,0.9820304535060568,ARS(H),NFO(H),BHA(A),FUL(H),WHU(A),BRE(A),0.0,0.0,0.9210901427022543,1.045472873888674,0.9780419586939864,1.0111981962423193,1.0247656572203843,1.0179566082209277,Newcastle,38
Fábio,Freitas Gouveia Carvalho,Carvalho,Midfielder,BRE,3.0652354927139696,3.7956129477783653,0.0,0.0,Knee injury - Expected back 01 Jun,4.6,0.1,0.0,2.8,13,0,2.2,0.0,0.63,0.03,0.66,,39.0,6.5,36.0,8.1,0.0,1,0,0,4,1,0.0,0.0,0.0,0.0,0.0,0.0,0.37840874341390346,0.46868374448569494,0.8181305311330536,0.5925173360586767,0.8074951376226405,0.7303774550643956,MUN(H),MCI(H),WHU(A),LIV(H),CRY(A),NEW(H),0.0,0.0,0.9334535843879661,0.8968523458188399,1.0247656572203843,0.9210901427022543,1.0111928019049574,0.9586805445269106,Brentford,38
