first_name,second_name,web_name,position,team,proj_points_next_5,proj_points_next_6,chance_of_playing_this_round,chance_of_playing_next_round,news,now_cost,selected_by_percent,value_form,value_season,total_points,event_points,points_per_game,form,expected_goals_per_90,expected_assists_per_90,expected_goal_involvements_per_90,expected_goals_conceded_per_90,influence,creativity,threat,ict_index,minutes,goals_scored,assists,clean_sheets,goals_conceded,starts,defensive_contribution,defensive_contribution_per_90,tackles,clearances_blocks_interceptions,recoveries,defcon_points,GW39_proj_points,GW40_proj_points,GW41_proj_points,GW42_proj_points,GW43_proj_points,GW44_proj_points,GW39_opp,GW40_opp,GW41_opp,GW42_opp,GW43_opp,GW44_opp,player_id,team_code,defcon_actions,defcon_actions_per_90,role,name,season_stats_gw
Bruno,Borges Fernandes,B.Fernandes,Midfielder,MUN,22.401754645279212,27.025762903896933,100.0,100.0,,10.4,48.0,0.0,22.6,235,14,6.7,0.0,0.32,0.36,0.68,,1258.0,1938.5,614.0,381.4,90.0,9,24,7,46,35,9.0,9.0,2.0,1.0,6.0,0.0,5.06086073765039,4.820794548387598,4.273125835183281,4.119926727632266,4.127046796425677,4.624008258617723,,,,,,,449,1,9.0,9.0,Midfielder,Man Utd,38
João Pedro,Junqueira de Jesus,João Pedro,Forward,CHE,23.121617204009286,26.442044531119752,75.0,100.0,,7.4,34.8,0.0,23.9,177,1,5.1,0.0,0.5,0.07,0.57,,758.4,456.6,909.0,212.1,90.0,15,9,10,36,31,6.0,6.0,1.0,2.0,3.0,0.0,4.495751712954934,4.964562550831629,3.753184575437691,4.960590750087899,4.947527614697133,3.320427327110465,,,,,,,249,8,6.0,6.0,Forward,Chelsea,38
Gabriel,dos Santos Magalhães,Gabriel,Defender,ARS,20.841930107952123,25.886298093646943,100.0,100.0,,7.3,45.4,0.0,28.6,209,1,6.5,0.0,0.1,0.06,0.16,,824.0,128.5,298.0,125.0,45.0,3,5,18,20,30,5.0,10.0,0.0,5.0,1.0,0.0,4.315658512296826,5.210309902445986,3.1786440551127297,4.015858735337566,4.121458902759014,5.044367985694819,,,,,,,5,3,5.0,10.0,Defender,Arsenal,38
Virgil,van Dijk,Virgil,Defender,LIV,20.673006226004826,25.394865899746925,,,,6.1,31.5,0.0,28.7,175,2,4.6,0.0,0.1,0.04,0.14,,1169.4,215.9,490.0,187.6,90.0,6,1,10,53,38,6.0,6.0,0.0,6.0,2.0,0.0,4.165570274895526,3.903316476918129,4.455478939686106,4.274806322360068,3.873834212144999,4.721859673742101,,,,,,,373,14,6.0,6.0,Defender,Liverpool,38
Igor Thiago,Nascimento Rodrigues,Thiago,Forward,BRE,20.97942978265417,25.095418192721095,100.0,100.0,,7.2,30.2,0.0,25.1,181,2,4.8,0.0,0.56,0.05,0.61,,1019.4,382.5,1170.0,256.9,90.0,22,1,10,50,37,5.0,5.0,2.0,2.0,1.0,0.0,5.515281951441637,3.9908940319418336,3.6620132793079345,3.861926972101969,3.9493135478607924,4.115988410066925,,,,,,,136,94,5.0,5.0,Forward,Brentford,38
Dominik,Szoboszlai,Szoboszlai,Midfielder,LIV,20.43307614363999,24.385936619502857,100.0,100.0,,7.1,15.1,0.0,22.5,160,2,4.4,0.0,0.13,0.19,0.32,,867.8,1324.6,417.0,260.9,90.0,6,7,9,52,36,9.0,9.0,3.0,1.0,5.0,0.0,4.049185522541816,4.609109173572928,3.7173564660233747,4.398369799917864,3.659055181584006,3.9528604758628685,,,,,,,387,14,9.0,9.0,Midfielder,Liverpool,38
Erling,Haaland,Haaland,Forward,MCI,19.747711347095677,24.0600083378589,100.0,100.0,,14.7,62.5,0.0,16.3,239,0,6.8,0.0,0.78,0.08,0.86,,1180.4,320.1,1520.0,302.3,0.0,27,8,13,32,34,0.0,0.0,0.0,0.0,0.0,0.0,2.9053161350908185,5.632407404720878,3.2565962826480814,4.026463968729706,3.9269275559061936,4.3122969907632225,,,,,,,430,43,0.0,0.0,Forward,Man City,38
Antoine,Semenyo,Semenyo,Midfielder,MCI,19.35809299765764,23.914343415858816,100.0,100.0,,8.0,46.2,0.0,25.2,202,6,5.5,0.0,0.31,0.09,0.4,,923.2,607.4,1047.0,257.7,57.0,17,6,12,52,37,2.0,3.1578947368421053,0.0,1.0,1.0,0.0,4.802308386326103,4.181695165317814,2.9092970430505782,4.289348791897971,3.1754436110651723,4.556250418201179,,,,,,,82,43,2.0,3.1578947368421053,Midfielder,Man City,38
Cole,Palmer,Palmer,Midfielder,CHE,19.540893018876815,23.604730298597644,100.0,100.0,,10.3,12.6,0.0,11.1,114,8,4.4,0.0,0.49,0.11,0.6,,536.6,393.6,547.0,147.7,90.0,10,2,3,33,24,1.0,1.0,0.0,0.0,1.0,0.0,5.107203224451761,3.5638552245699127,3.2268061429079378,3.439330381900777,4.203698045046426,4.063837279720831,,,,,,,235,8,1.0,1.0,Midfielder,Chelsea,38
Tomáš,Souček,Souček,Midfielder,WHU,20.418388797654586,23.548213005726467,100.0,100.0,,5.7,0.5,0.0,18.1,103,3,2.9,0.0,0.24,0.02,0.26,,526.6,191.9,483.0,120.4,90.0,5,2,7,43,24,8.0,8.0,0.0,5.0,3.0,0.0,4.6874208090990885,4.1263716656433775,3.3076183307836073,4.702693440367316,3.594284551761194,3.1298242080718803,,,,,,,613,21,8.0,8.0,Midfielder,West Ham,38
Dominic,Calvert-Lewin,Calvert-Lewin,Forward,LEE,19.164027219102138,23.48721106076127,100.0,100.0,,5.8,13.7,0.0,24.5,142,2,4.1,0.0,0.51,0.04,0.55,,619.6,311.1,1026.0,194.7,68.0,14,2,8,34,30,3.0,3.9705882352941178,0.0,1.0,2.0,0.0,4.711412262390204,4.4021012589177415,2.521119499969485,3.419644810212935,4.1097493876117746,4.32318384165913,,,,,,,691,2,3.0,3.9705882352941178,Forward,Leeds,38
Marc,Guéhi,Guéhi,Defender,MCI,18.889111247215762,22.828120097614885,100.0,100.0,,5.1,32.6,0.0,35.1,179,0,5.1,0.0,0.12,0.07,0.19,,901.6,304.6,402.0,160.9,0.0,3,5,14,35,35,0.0,0.0,0.0,0.0,0.0,0.0,2.9826283017528223,5.518268180175137,3.1424443935242103,4.131125913348543,3.114644458415049,3.9390088503991225,,,,,,,260,43,0.0,0.0,Defender,Man City,38
Iliman,Ndiaye,Ndiaye,Midfielder,EVE,18.749714696003792,22.779624643802133,100.0,100.0,,6.3,4.7,0.0,20.3,128,2,4.0,0.0,0.22,0.14,0.36,,605.8,479.2,578.0,166.5,90.0,6,3,8,44,32,6.0,6.0,3.0,0.0,3.0,0.0,4.213754181022765,3.7610304174805713,3.4964852650243703,3.498864288339864,3.7795805441362207,4.02990994779834,,,,,,,299,11,6.0,6.0,Midfielder,Everton,38
Ollie,Watkins,Watkins,Forward,AVL,19.0509362443968,22.533239183042877,100.0,100.0,,8.7,13.0,0.0,19.2,167,13,4.5,0.0,0.49,0.04,0.53,,720.2,330.9,1206.0,225.2,90.0,16,4,9,38,33,2.0,2.0,1.0,1.0,0.0,0.0,4.181060654620997,3.2959333331087444,3.5135080816137587,3.820608403414882,4.239825771638417,3.4823029386460744,,,,,,,64,7,2.0,2.0,Forward,Aston Villa,38
Marc,Cucurella Saseta,Cucurella,Defender,CHE,18.541841141481353,22.517554156416136,100.0,100.0,,6.1,14.6,0.0,17.0,104,1,3.1,0.0,0.08,0.11,0.19,,562.8,577.8,309.0,145.1,90.0,1,4,9,39,31,2.0,2.0,2.0,0.0,4.0,0.0,3.75951730585263,4.3232900354141,3.6880137418781276,3.5811030309478804,3.1899170273886157,3.975713014934784,,,,,,,224,8,2.0,2.0,Defender,Chelsea,38
Enzo,Fernández,Enzo,Midfielder,CHE,17.787638901198218,22.43854038522249,100.0,100.0,,6.5,12.3,0.0,24.2,157,1,4.4,0.0,0.33,0.21,0.54,,835.6,1063.2,747.0,264.6,90.0,10,5,8,46,35,7.0,7.0,1.0,2.0,4.0,0.0,4.5957389149209495,3.9029922935053767,3.244594765628581,2.7649054389435124,3.2794074881997988,4.650901484024272,,,,,,,237,8,7.0,7.0,Midfielder,Chelsea,38
Zian,Flemming,Flemming,Forward,BUR,18.971083664698263,22.324036725923374,100.0,100.0,,5.3,0.8,0.0,18.7,99,9,3.4,0.0,0.41,0.02,0.43,,466.0,159.5,533.0,114.9,84.0,11,0,3,35,21,4.0,4.285714285714286,0.0,3.0,1.0,0.0,3.6935616158306415,3.9469955046644882,3.9623234552860294,3.6695640782952594,3.6986390106218443,3.352953061225111,,,,,,,215,90,4.0,4.285714285714286,Forward,Burnley,38
Marcus,Tavernier,Tavernier,Midfielder,BOU,18.273296763459395,22.30868583948111,100.0,100.0,,5.3,4.2,0.0,25.8,137,10,4.0,0.0,0.3,0.15,0.45,,656.8,816.6,605.0,207.9,90.0,7,4,11,44,31,6.0,6.0,1.0,3.0,2.0,0.0,4.5476925754928335,2.8743840801116423,3.336266607712361,3.397496879165552,4.117456620977006,4.0353890760217155,,,,,,,84,91,6.0,6.0,Midfielder,Bournemouth,38
Enzo,Le Fée,E.Le Fée,Midfielder,SUN,18.708540636489456,22.00221754767944,100.0,100.0,,4.8,1.6,0.0,30.6,147,5,4.1,0.0,0.16,0.18,0.34,,725.8,816.4,324.0,186.9,90.0,5,6,10,43,33,11.0,11.0,4.0,3.0,4.0,0.0,3.3311429814382487,3.6346096736025544,3.6581209381820927,4.393407938919516,3.691259104347044,3.2936769111899826,,,,,,,547,56,11.0,11.0,Midfielder,Sunderland,38
Phil,Foden,Foden,Midfielder,MCI,17.417160292269166,21.939542747574837,100.0,100.0,,8.0,7.8,0.0,16.4,131,2,4.0,0.0,0.26,0.21,0.47,,583.2,918.8,520.0,201.9,90.0,7,5,11,19,23,2.0,2.0,0.0,0.0,2.0,0.0,3.569921543824093,3.058591328924551,3.4934207321413826,3.790093400688412,3.505133286690728,4.522382455305671,,,,,,,414,43,2.0,2.0,Midfielder,Man City,38
Morgan,Rogers,Rogers,Midfielder,AVL,18.407495949370727,21.930801388872354,100.0,100.0,,7.3,20.2,0.0,23.2,169,0,4.6,0.0,0.19,0.12,0.31,,746.2,706.2,871.0,232.0,0.0,10,8,9,48,37,0.0,0.0,0.0,0.0,0.0,0.0,2.7854486968795262,5.359438847040061,3.2520771339074517,3.6858001646316625,3.3247311069120267,3.5233054395016286,,,,,,,47,7,0.0,0.0,Midfielder,Aston Villa,38
Bukayo,Saka,Saka,Midfielder,ARS,18.18598763399787,21.903324538576314,100.0,100.0,,10.0,11.6,0.0,15.7,157,0,5.1,0.0,0.31,0.29,0.6,,627.0,847.6,828.0,230.6,0.0,7,10,12,16,25,0.0,0.0,0.0,0.0,0.0,0.0,2.6178933766874883,5.169714243035648,3.7044322184165464,3.3659265920332837,3.3280212038249037,3.7173369045784472,,,,,,,16,3,0.0,0.0,Midfielder,Arsenal,38
Micky,van de Ven,Van de Ven,Defender,TOT,18.162102560668544,21.896070964104403,100.0,100.0,,4.4,17.6,0.0,26.4,116,6,3.3,0.0,0.08,0.01,0.09,,683.4,95.2,218.0,99.6,90.0,4,1,9,50,35,6.0,6.0,0.0,6.0,3.0,0.0,4.074807091888039,3.9319409359579858,4.124046561800773,3.200053706448073,2.831254264573673,3.733968403435859,,,,,,,575,6,6.0,6.0,Defender,Spurs,38
Jarrod,Bowen,Bowen,Forward,WHU,18.376382371156758,21.732332537277046,,,,7.8,17.5,0.0,24.0,187,12,4.9,0.0,0.19,0.14,0.33,,881.4,694.0,813.0,238.9,90.0,9,13,8,63,38,6.0,6.0,1.0,1.0,4.0,0.0,3.926739218364882,3.876193036926179,3.8077893508786325,3.1442951908044394,3.621365574182626,3.3559501661202864,,,,,,,624,21,6.0,6.0,Forward,West Ham,38
Malick,Thiaw,Thiaw,Defender,NEW,18.46237503184412,21.703118372998183,,,,4.9,4.7,0.0,25.7,126,1,3.6,0.0,0.15,0.03,0.18,,868.0,114.3,409.0,138.9,90.0,4,0,5,52,33,6.0,6.0,1.0,5.0,6.0,0.0,3.6344709226376,4.011113510930382,3.8681654496048976,3.553002205975689,3.3956229426955518,3.2407433411540616,,,,,,,684,4,6.0,6.0,Defender,Newcastle,38
Nico,O'Reilly,O'Reilly,Defender,MCI,18.01932185672137,21.63518578927879,100.0,100.0,,5.3,19.2,0.0,30.2,160,0,4.7,0.0,0.21,0.09,0.3,,653.8,413.9,573.0,164.1,0.0,5,4,14,25,29,0.0,0.0,0.0,0.0,0.0,0.0,2.8567348356640574,5.68381455664958,3.3202589661107584,3.221998223899993,2.936515274396983,3.6158639325574202,,,,,,,411,43,0.0,0.0,Defender,Man City,38
Jordan,Pickford,Pickford,Goalkeeper,EVE,18.325345319795673,21.60485797956895,,,,5.6,13.0,0.0,24.1,135,2,3.6,0.0,0.0,0.01,0.01,,885.2,20.3,2.0,90.8,90.0,0,0,11,50,38,0.0,0.0,0.0,3.0,7.0,0.0,3.8883689010754554,3.8369533976796975,3.8566585232402697,3.6654701947209363,3.0778943030793133,3.2795126597732787,,,,,,,287,11,0.0,0.0,Goalkeeper,Everton,38
Thierno,Barry,Barry,Forward,EVE,18.072586595972837,21.585372977312396,,,,5.7,0.8,0.0,16.7,95,2,2.5,0.0,0.39,0.02,0.41,,341.0,207.7,501.0,102.5,83.0,8,0,7,34,21,4.0,4.337349397590361,0.0,2.0,2.0,0.0,3.69622698052573,3.308383202850016,3.8959594902212547,3.5224357644253823,3.649581157950456,3.5127863813395597,,,,,,,310,11,4.0,4.337349397590361,Forward,Everton,38
Dean,Henderson,Henderson,Goalkeeper,CRY,18.236859997530573,21.197565892955947,,,,5.1,9.0,0.0,25.7,131,2,3.5,0.0,0.0,0.0,0.0,,837.8,10.0,0.0,84.7,90.0,0,0,11,51,37,0.0,0.0,0.0,0.0,11.0,0.0,3.810969097647337,4.053460377658309,4.107359406983307,3.276851343232086,2.988219772009532,2.960705895425374,,,,,,,253,31,0.0,0.0,Goalkeeper,Crystal Palace,38
Anthony,Gordon,Gordon,Midfielder,NEW,18.19888495952928,21.1803542653137,100.0,100.0,,7.2,3.1,0.0,14.0,101,0,3.9,0.0,0.44,0.17,0.61,,393.8,404.2,514.0,130.9,0.0,6,4,8,30,24,0.0,0.0,0.0,0.0,0.0,0.0,3.23439122539462,3.9911198083454997,3.561931492378624,4.193312609439901,3.218129823970636,2.981469305784419,,,,,,,485,4,0.0,0.0,Midfielder,Newcastle,38
Amad,Diallo,Amad,Midfielder,MUN,17.58921667966695,21.158066379942774,100.0,100.0,,6.2,1.3,0.0,14.7,91,7,2.8,0.0,0.21,0.18,0.39,,436.6,596.1,600.0,163.5,90.0,2,5,6,33,27,10.0,10.0,1.0,2.0,7.0,0.0,3.9112732612563654,2.954550871012549,3.687848160492649,3.3362753208495732,3.6992690660558156,3.5688497002758224,,,,,,,452,1,10.0,10.0,Midfielder,Man Utd,38
Bryan,Mbeumo,Mbeumo,Midfielder,MUN,16.570554552391023,21.142338989994627,100.0,100.0,,8.3,15.0,0.0,17.8,148,9,4.5,0.0,0.41,0.17,0.58,,628.8,803.1,882.0,231.4,73.0,11,3,8,37,31,3.0,3.6986301369863015,0.0,0.0,3.0,0.0,3.215070612703529,3.008922903401871,4.079439790325321,2.851781007385954,3.4153402385743474,4.571784437603602,,,,,,,119,1,3.0,3.6986301369863015,Midfielder,Man Utd,38
Brenden,Aaronson,Aaronson,Midfielder,LEE,17.42347589586054,21.131278952070396,75.0,100.0,,5.4,0.8,0.0,23.3,126,1,3.4,0.0,0.17,0.13,0.3,,482.8,486.7,498.0,146.7,90.0,4,8,9,32,30,6.0,6.0,1.0,1.0,4.0,0.0,4.000683115528632,2.864199436993147,4.0636016061181754,3.2285385997881004,3.266453137432487,3.7078030562098565,,,,,,,350,2,6.0,6.0,Midfielder,Leeds,38
Pedro,Lomba Neto,Neto,Midfielder,CHE,18.110466345253023,21.099144264535646,100.0,100.0,,7.0,3.9,0.0,17.9,125,6,3.7,0.0,0.16,0.23,0.39,,523.0,836.2,505.0,186.7,64.0,5,7,11,33,30,2.0,2.8125,0.0,0.0,2.0,0.0,3.711416235263531,4.126922875732074,3.1902198708956604,4.073736224831143,3.008171138530612,2.9886779192826216,,,,,,,236,8,2.0,2.8125,Midfielder,Chelsea,38
Marcos,Senesi Barón,Senesi,Defender,BOU,17.60418856755751,21.05754256155044,100.0,100.0,,5.2,22.0,0.0,33.7,175,2,4.7,0.0,0.04,0.13,0.17,,1114.4,367.8,201.0,168.6,90.0,0,6,11,53,37,7.0,7.0,2.0,5.0,5.0,0.0,4.134870670551894,3.848959649559636,3.6896054121891413,3.153576444935566,2.777176390321272,3.453353993992929,,,,,,,72,91,7.0,7.0,Defender,Bournemouth,38
Nick,Woltemade,Woltemade,Forward,NEW,17.331702736113606,20.97406263566758,100.0,100.0,,6.7,6.5,0.0,16.1,108,2,3.3,0.0,0.31,0.07,0.38,,447.2,314.4,425.0,117.5,77.0,8,4,8,29,24,1.0,1.168831168831169,1.0,0.0,0.0,0.0,3.72672604765339,3.275786154236225,3.281169567135075,3.596871414053921,3.4511495530349965,3.642359899553975,,,,,,,714,4,1.0,1.168831168831169,Forward,Newcastle,38
Matheus,Santos Carneiro da Cunha,Cunha,Midfielder,MUN,17.279827269169434,20.949163398970324,100.0,100.0,,8.1,8.7,0.0,17.7,143,0,4.3,0.0,0.25,0.12,0.37,,675.8,545.4,801.0,202.5,0.0,10,4,8,35,29,0.0,0.0,0.0,0.0,0.0,0.0,2.3696090957687987,5.149762076718864,3.4759518707348476,3.093719763228094,3.190784462718829,3.669336129800889,,,,,,,450,1,0.0,0.0,Midfielder,Man Utd,38
Jan Paul,van Hecke,Van Hecke,Defender,BHA,17.709285423006417,20.84358602390253,100.0,100.0,,4.7,10.7,0.0,31.5,148,1,4.1,0.0,0.09,0.04,0.13,,980.6,240.4,295.0,152.0,90.0,3,3,10,44,36,7.0,7.0,1.0,6.0,2.0,0.0,3.529822693874555,4.387753548060317,3.634057360709131,3.0981409499796193,3.0595108703827956,3.134300600896114,,,,,,,151,36,7.0,7.0,Defender,Brighton,38
Caoimhín,Kelleher,Kelleher,Goalkeeper,BRE,17.150909877941366,20.83558218154918,100.0,100.0,,4.8,12.0,0.0,29.8,143,6,3.9,0.0,0.0,0.01,0.01,,913.8,23.0,0.0,93.8,90.0,0,0,10,49,37,0.0,0.0,0.0,3.0,10.0,0.0,3.8184493434202698,3.6028667138515305,3.704354709704815,3.3076448720578178,2.7175942389069343,3.6846723036078144,,,,,,,101,94,0.0,0.0,Goalkeeper,Brentford,38
Florian,Wirtz,Wirtz,Midfielder,LIV,17.861117723235893,20.8209347054194,100.0,100.0,,8.3,8.5,0.0,15.1,125,1,3.8,0.0,0.26,0.19,0.45,,526.4,908.2,665.0,210.0,17.0,5,4,10,32,27,6.0,31.764705882352942,1.0,1.0,4.0,0.0,4.20250444011006,3.62856188898473,2.6974639352924923,4.373644979503,2.9589424793456103,2.959816982183509,,,,,,,382,14,6.0,31.764705882352942,Midfielder,Liverpool,38
Dango,Ouattara,O.Dango,Midfielder,BRE,17.259476484807678,20.62951270146158,100.0,100.0,,5.6,1.6,0.0,24.3,136,2,4.2,0.0,0.31,0.16,0.47,,509.8,422.8,702.0,162.8,90.0,7,8,6,35,25,7.0,7.0,1.0,4.0,2.0,0.0,3.7164526728576597,3.746662273779608,3.0122232106867117,3.326939927447911,3.457198400035789,3.3700362166539026,,,,,,,83,94,7.0,7.0,Midfielder,Brentford,38
David,Raya Martín,Raya,Goalkeeper,ARS,16.831129369494185,20.589078625697077,,,,6.2,36.4,0.0,26.1,162,0,4.4,0.0,0.0,0.0,0.0,,541.6,33.5,0.0,57.5,0.0,0,0,19,26,37,0.0,0.0,0.0,0.0,0.0,0.0,1.9666628690476322,4.121564716066805,3.350262705243,4.0102682822223885,3.3823707969143593,3.7579492562028918,,,,,,,1,3,0.0,0.0,Goalkeeper,Arsenal,38
Crysencio,Summerville,Summerville,Midfielder,WHU,17.59705836704662,20.574458147410404,100.0,100.0,,5.4,1.6,0.0,20.4,110,6,3.5,0.0,0.2,0.12,0.32,,445.8,460.9,546.0,145.0,90.0,5,4,8,42,29,7.0,7.0,4.0,0.0,3.0,0.0,3.722325600616643,3.91801237259488,3.3183148636668234,3.454241714219001,3.184163815949271,2.977399780363781,,,,,,,615,21,7.0,7.0,Midfielder,West Ham,38
Declan,Rice,Rice,Midfielder,ARS,16.753840745569118,20.54670449166634,100.0,100.0,,7.2,23.3,0.0,25.6,184,0,5.1,0.0,0.09,0.21,0.3,,827.2,1027.4,298.0,215.4,0.0,4,9,18,25,35,0.0,0.0,0.0,0.0,0.0,0.0,2.7894869352059213,4.779388615435401,2.7013555178830173,3.592513858560821,2.891095818483955,3.7928637460972237,,,,,,,21,3,0.0,0.0,Midfielder,Arsenal,38
Junior,Kroupi,Kroupi.Jr,Forward,BOU,17.215320550352683,20.392054011946954,100.0,100.0,,4.7,7.6,0.0,24.0,113,2,3.4,0.0,0.45,0.08,0.53,,532.2,306.9,563.0,139.9,72.0,13,0,10,21,21,3.0,3.75,0.0,1.0,2.0,0.0,3.4591714801134876,2.808453373445343,3.244069984371074,3.8988597177363475,3.8047659946864303,3.1767334615942726,,,,,,,100,91,3.0,3.75,Forward,Bournemouth,38
James,Tarkowski,Tarkowski,Defender,EVE,16.60655938485769,20.380570856079242,100.0,100.0,,5.8,12.6,0.0,29.3,170,3,4.6,0.0,0.07,0.06,0.13,,995.6,235.6,422.0,165.7,90.0,2,3,11,48,37,10.0,10.0,1.0,9.0,2.0,2.0,3.7586792132421296,3.7179417731991062,3.1339290311219474,3.2026156553466025,2.793393711947903,3.774011471221552,,,,,,,291,11,10.0,10.0,Defender,Everton,38
Pedro,Porro Sauceda,Pedro Porro,Defender,TOT,17.066536905816257,20.356084850312936,100.0,100.0,,5.2,11.7,0.0,22.5,117,10,3.4,0.0,0.03,0.14,0.17,,690.2,881.7,202.0,177.5,90.0,1,3,9,40,32,11.0,11.0,5.0,6.0,3.0,2.0,3.871026985390946,3.454334982200214,3.3304386569834405,3.3166599743422314,3.094076306899424,3.2895479444966784,,,,,,,568,6,11.0,11.0,Defender,Spurs,38
Mohamed,Salah,M.Salah,Midfielder,LIV,16.426015961109847,20.34441735891502,100.0,100.0,,14.0,15.2,0.0,8.8,123,6,4.6,0.0,0.35,0.23,0.58,,524.8,740.7,805.0,207.1,73.0,7,7,7,35,23,8.0,9.863013698630137,1.0,0.0,7.0,0.0,3.678686267248526,3.252021368540865,3.236234377324484,3.2069562236230844,3.0521177243728874,3.918401397805172,,,,,,,381,14,8.0,9.863013698630137,Midfielder,Liverpool,38
Viktor,Gyökeres,Gyökeres,Forward,ARS,15.063074943016018,20.287418714029414,100.0,100.0,,9.1,16.4,0.0,14.1,128,1,3.6,0.0,0.5,0.08,0.58,,539.6,271.7,772.0,157.5,7.0,14,1,12,14,26,2.0,25.714285714285715,0.0,0.0,2.0,0.0,2.701683733456826,3.2272876324129984,2.6039691325487917,2.707527393756367,3.822607050841036,5.224343771013396,,,,,,,666,3,2.0,25.714285714285715,Forward,Arsenal,38
William,Osula,Osula,Forward,NEW,16.80846439311604,20.212338678543357,100.0,100.0,,5.5,2.1,0.0,13.8,76,2,3.2,0.0,0.48,0.07,0.55,,256.6,82.6,284.0,62.2,65.0,7,1,2,14,8,2.0,2.769230769230769,1.0,0.0,1.0,0.0,3.459429515118062,3.283401359083321,3.0298039072311598,3.618798668337554,3.417030943345943,3.403874285427317,,,,,,,500,4,2.0,2.769230769230769,Forward,Newcastle,38
Harry,Wilson,Wilson,Midfielder,FUL,16.63000343590076,20.206364588928402,100.0,100.0,,5.8,17.4,0.0,29.0,168,4,4.7,0.0,0.2,0.16,0.36,,707.2,661.1,601.0,196.9,18.0,10,9,9,38,32,1.0,5.0,1.0,0.0,0.0,0.0,3.1453515487297468,3.874158895942938,2.9768311472414712,3.52668049380069,3.106981350185917,3.576361153027642,,,,,,,329,54,1.0,5.0,Midfielder,Fulham,38
Robert,Lynch Sánchez,Sánchez,Goalkeeper,CHE,17.23388247397714,20.167135343849857,100.0,100.0,,4.8,10.3,0.0,23.5,113,2,3.2,0.0,0.0,0.0,0.0,,822.2,50.0,0.0,86.7,90.0,0,1,9,49,35,0.0,0.0,0.0,0.0,14.0,0.0,3.623939714048574,3.7901498906673683,3.5808185928746417,3.456765537857745,2.7822087385288135,2.933252869872717,,,,,,,220,8,0.0,0.0,Goalkeeper,Chelsea,38
Morgan,Gibbs-White,Gibbs-White,Midfielder,NFO,16.26027570313002,20.085894542624096,100.0,100.0,,7.6,9.2,0.0,24.7,188,9,5.1,0.0,0.31,0.08,0.39,,843.8,747.7,836.0,242.5,90.0,15,4,10,45,35,3.0,3.0,0.0,0.0,3.0,0.0,3.5676065207063536,2.921312432487831,3.0800556200416827,3.020961662745691,3.670339467148464,3.8256188394940747,,,,,,,515,17,3.0,3.0,Midfielder,Nott'm Forest,38
Valentín,Castellanos,Taty,Forward,WHU,17.512849086441076,20.03172969447398,,,,5.5,0.3,0.0,11.1,61,8,3.4,0.0,0.37,0.05,0.42,,280.6,175.5,595.0,103.9,87.0,6,1,9,16,17,4.0,4.137931034482759,0.0,2.0,2.0,0.0,2.9877560727085553,3.476690883738496,3.9947948076252158,3.5723711093330657,3.4812362130357424,2.5188806080329043,,,,,,,791,21,4.0,4.137931034482759,Forward,West Ham,38
Cody,Gakpo,Gakpo,Midfielder,LIV,16.169926393294762,20.004532042254294,100.0,100.0,,7.3,5.6,0.0,17.9,131,2,3.6,0.0,0.27,0.15,0.42,,540.4,714.7,831.0,208.4,90.0,7,5,10,39,32,4.0,4.0,0.0,1.0,3.0,0.0,3.9485870648297787,3.4064491466330162,2.7554340930284438,2.844235881660662,3.2152202071428624,3.8346056489595317,,,,,,,384,14,4.0,4.0,Midfielder,Liverpool,38
Lukas,Nmecha,Nmecha,Forward,LEE,16.0706482217555,19.856564346225962,100.0,100.0,,5.0,0.5,0.0,14.6,73,2,2.4,0.0,0.61,0.13,0.74,,290.4,153.5,434.0,87.8,90.0,6,1,3,23,10,5.0,5.0,1.0,0.0,4.0,0.0,3.625398265899259,3.162437180850909,2.9263957347284104,3.3530796929835995,3.00333734729332,3.7859161244704613,,,,,,,365,2,5.0,5.0,Forward,Leeds,38
Elliot,Anderson,Anderson,Midfielder,NFO,16.25929091916576,19.816382309558676,100.0,100.0,,5.7,9.4,0.0,31.6,180,2,4.7,0.0,0.08,0.13,0.21,,915.2,961.5,310.0,219.0,64.0,4,5,10,50,37,9.0,12.65625,3.0,2.0,4.0,0.0,3.5092938600845924,3.6385773024297112,3.014565530200531,3.0805976634902477,3.0162565629606783,3.5570913903929147,,,,,,,517,17,9.0,12.65625,Midfielder,Nott'm Forest,38
Mateus,Mané,Mané,Forward,WOL,17.390310865319343,19.771234171663,,,,4.2,1.4,0.0,17.6,74,2,2.7,0.0,0.1,0.19,0.29,,328.2,489.6,283.0,109.5,90.0,3,2,5,30,19,8.0,8.0,1.0,2.0,5.0,0.0,3.506557494345854,3.5691959328674954,3.1478013782579883,3.942161297199381,3.224594762648625,2.3809233063436563,,,,,,,749,39,8.0,8.0,Forward,Wolves,38
Chris,Wood,Wood,Forward,NFO,16.591790347413955,19.691305278052855,100.0,100.0,,7.1,4.7,0.0,5.8,41,2,2.7,0.0,0.43,0.03,0.46,,139.0,88.4,266.0,48.0,61.0,3,0,2,14,11,3.0,4.426229508196721,0.0,1.0,2.0,0.0,3.0741440019315727,2.6570858323149076,3.659802634012977,4.006477812522586,3.1942800666319133,3.0995149306389007,,,,,,,525,17,3.0,4.426229508196721,Forward,Nott'm Forest,38
Felipe,Rodrigues da Silva,Morato,Defender,NFO,16.84533933257204,19.650730779251536,,,,4.3,0.1,0.0,12.3,53,4,2.5,0.0,0.09,0.01,0.1,,371.2,37.6,96.0,50.5,90.0,1,0,2,23,14,12.0,12.0,1.0,11.0,1.0,2.0,3.431058651398557,3.9726455347587244,3.634634474382878,2.9873813450372513,2.819619326994629,2.805391446679498,,,,,,,511,17,12.0,12.0,Defender,Nott'm Forest,38
Bart,Verbruggen,Verbruggen,Goalkeeper,BHA,16.90108808728135,19.6481021893603,,,,4.6,9.3,0.0,28.3,130,2,3.4,0.0,0.0,0.0,0.0,,935.0,10.0,0.0,94.7,90.0,0,0,10,46,38,0.0,0.0,0.0,1.0,10.0,0.0,3.4287274603627003,3.89062152547307,3.4990424606650747,3.113417476711664,2.9692791640688427,2.7470141020789502,,,,,,,139,36,0.0,0.0,Goalkeeper,Brighton,38
Carlos Henrique,Casimiro,Casemiro,Midfielder,MUN,16.1419509820389,19.612370712848055,0.0,100.0,,5.8,3.8,0.0,28.4,165,0,4.9,0.0,0.19,0.11,0.3,,903.6,536.1,585.0,202.8,0.0,9,4,9,32,33,0.0,0.0,0.0,0.0,0.0,0.0,2.55805726609629,4.172318596096907,2.913445992829056,3.2652862366941946,3.2328428903224538,3.4704197308091533,,,,,,,457,1,0.0,0.0,Midfielder,Man Utd,38
Jørgen,Strand Larsen,Strand Larsen,Forward,CRY,16.50682489466107,19.599286057218485,100.0,100.0,,5.8,1.4,0.0,12.9,75,2,2.1,0.0,0.21,0.04,0.25,,265.2,203.1,469.0,91.5,76.0,4,1,5,41,26,3.0,3.5526315789473686,0.0,1.0,2.0,0.0,2.9680315045557872,3.2837770112954843,3.3107875058248735,3.9482057143347618,2.9960231586501616,3.0924611625574165,,,,,,,654,31,3.0,3.5526315789473686,Forward,Crystal Palace,38
Luke,O'Nien,O'Nien,Defender,SUN,16.81430115314977,19.56370736645224,100.0,100.0,,4.0,0.1,0.0,6.5,26,6,2.2,0.0,0.02,0.02,0.04,,103.0,27.6,40.0,17.1,90.0,0,1,2,7,5,4.0,4.0,1.0,3.0,1.0,0.0,4.211097757585408,3.651543272381917,3.003152652227256,2.9773696045425133,2.9711378664126764,2.749406213302468,,,,,,,539,56,4.0,4.0,Defender,Sunderland,38
Bruno,Guimarães Rodriguez Moura,Bruno G.,Midfielder,NEW,16.1316164504443,19.552742253596705,100.0,100.0,,6.9,6.5,0.0,22.3,154,1,5.3,0.0,0.2,0.18,0.38,,782.4,756.7,488.0,202.9,65.0,9,7,6,37,27,4.0,5.538461538461538,0.0,0.0,4.0,0.0,3.4786153042065937,3.654625988254626,2.607773680619024,3.1209599167530406,3.2696415606110176,3.4211258031524037,,,,,,,488,4,4.0,5.538461538461538,Midfielder,Newcastle,38
Pascal,Struijk,Struijk,Defender,LEE,16.19473766101156,19.491025350493622,75.0,100.0,,4.2,1.9,0.0,25.7,108,1,3.2,0.0,0.09,0.02,0.11,,697.4,161.5,272.0,113.1,90.0,0,1,7,48,33,6.0,6.0,2.0,4.0,2.0,0.0,3.4013845251530963,3.70313297470947,3.461595471883064,2.740461404070241,2.8881632851956853,3.296287689482064,,,,,,,343,2,6.0,6.0,Defender,Leeds,38
Eberechi,Eze,Eze,Midfielder,ARS,16.3011151723693,19.48790225611154,100.0,100.0,,7.3,8.7,0.0,15.5,113,1,3.4,0.0,0.25,0.13,0.38,,393.4,305.7,455.0,115.1,15.0,7,3,11,14,22,3.0,18.0,1.0,1.0,1.0,0.0,3.318875365275887,3.7013214924465583,2.7350775951477435,3.180970382533739,3.3648703369653705,3.186787083742238,,,,,,,266,3,3.0,18.0,Midfielder,Arsenal,38
Brian,Brobbey,Brobbey,Forward,SUN,16.718530507067896,19.48421494497906,100.0,100.0,,5.3,0.9,0.0,17.4,92,5,3.0,0.0,0.28,0.03,0.31,,333.4,200.5,552.0,106.7,60.0,7,2,6,30,22,2.0,3.0,0.0,1.0,1.0,0.0,3.0661518279665425,4.041768581050034,3.0723699087538328,3.506846657412333,3.0313935318851555,2.765684437911161,,,,,,,730,56,2.0,3.0,Forward,Sunderland,38
Richarlison,de Andrade,Richarlison,Forward,TOT,15.750935598808333,19.469328020718965,100.0,100.0,,6.5,8.7,0.0,18.3,119,2,3.7,0.0,0.4,0.07,0.47,,602.6,239.6,815.0,165.2,72.0,11,4,7,27,20,4.0,5.0,0.0,2.0,2.0,0.0,3.114098854058274,3.118319201055638,3.312193322505389,3.1012964263456535,3.1050277948433775,3.7183924219106324,,,,,,,597,6,4.0,5.0,Forward,Spurs,38
Rúben,dos Santos Gato Alves Dias,Rúben,Defender,MCI,16.929868731443797,19.41770178607881,100.0,100.0,,5.5,3.1,0.0,20.5,113,1,4.3,0.0,0.02,0.03,0.05,,560.8,152.2,96.0,81.0,90.0,2,0,12,22,24,3.0,3.0,0.0,3.0,3.0,0.0,4.344899091536163,3.682473971597057,3.534411047228188,2.5728462134321615,2.795238407650228,2.487833054635013,,,,,,,408,43,3.0,3.0,Defender,Man City,38
Kevin,Schade,Schade,Midfielder,BRE,16.61104792210332,19.40571844647567,100.0,100.0,,6.8,1.3,0.0,18.4,125,7,3.6,0.0,0.4,0.07,0.47,,536.8,380.1,821.0,172.8,90.0,8,5,11,34,32,6.0,6.0,1.0,1.0,4.0,0.0,3.6645328410750495,2.965203594151742,2.7499928873739616,3.8208907501824676,3.4104278493201,2.7946705243723486,,,,,,,120,94,6.0,6.0,Midfielder,Brentford,38
Alisson,Becker,A.Becker,Goalkeeper,LIV,16.693484166423147,19.364763544221965,75.0,100.0,,5.4,5.1,0.0,16.9,91,2,3.5,0.0,0.0,0.0,0.0,,479.8,0.1,0.0,47.8,90.0,0,0,8,31,26,0.0,0.0,0.0,0.0,8.0,0.0,3.7752247272088177,3.9211953647441926,3.4698013209898644,2.7899373665848195,2.737325386895454,2.671279377798817,,,,,,,366,14,0.0,0.0,Goalkeeper,Liverpool,38
Robin,Roefs,Roefs,Goalkeeper,SUN,15.772931030058624,19.143237485483933,100.0,100.0,,4.8,8.0,0.0,28.3,136,2,3.9,0.0,0.0,0.0,0.0,,881.6,50.0,0.0,93.1,90.0,0,0,10,46,35,0.0,0.0,0.0,0.0,6.0,0.0,3.731170023142137,3.225447922012254,3.305674803984089,2.7439101002561586,2.7667281806639834,3.370306455425308,,,,,,,670,56,0.0,0.0,Goalkeeper,Sunderland,38
Adrien,Truffert,Truffert,Defender,BOU,16.895655483803132,19.141999035368997,,,,4.8,5.3,0.0,34.4,165,6,4.3,0.0,0.04,0.08,0.12,,857.0,574.2,194.0,162.6,90.0,1,6,11,51,38,9.0,9.0,7.0,2.0,5.0,0.0,3.7859857274118873,3.477240806239234,2.99283719024481,3.6280680914177728,3.0115236684894278,2.246343551565866,,,,,,,74,91,9.0,9.0,Defender,Bournemouth,38
Francisco Evanilson,de Lima Barbosa,Evanilson,Forward,BOU,16.314269344194685,19.111691228816714,100.0,100.0,,6.6,2.4,0.0,17.4,115,2,3.2,0.0,0.35,0.05,0.4,,350.6,397.9,809.0,155.5,72.0,6,7,11,40,32,7.0,8.75,1.0,2.0,4.0,0.0,3.3384223061421237,3.194228929714374,2.816753488420298,3.3864758031680218,3.578388816749866,2.7974218846220302,,,,,,,97,91,7.0,8.75,Forward,Bournemouth,38
Bernd,Leno,Leno,Goalkeeper,FUL,15.729377412157046,19.095169065709136,,,,5.0,2.3,0.0,24.4,122,6,3.2,0.0,0.0,0.0,0.0,,816.2,0.0,0.0,81.5,90.0,0,0,9,51,38,0.0,0.0,0.0,0.0,11.0,0.0,3.0408899812516506,3.920462355142869,3.238213462313403,2.4712009580188274,3.0586106554302956,3.3657916535520886,,,,,,,314,54,0.0,0.0,Goalkeeper,Fulham,38
Mads,Hermansen,Hermansen,Goalkeeper,WHU,16.01719438593646,19.091483319733133,,,,4.2,1.0,0.0,18.1,76,7,4.2,0.0,0.0,0.0,0.0,,422.0,20.0,0.0,44.2,90.0,0,1,7,28,18,0.0,0.0,0.0,0.0,12.0,0.0,2.9361399245985838,4.0743524790737915,3.27750161469228,2.675459875739783,3.0537404918320217,3.074288933796672,,,,,,,679,21,0.0,0.0,Goalkeeper,West Ham,38
Chadi,Riad Dnanou,Chadi Riad,Defender,CRY,16.187479801063546,19.079856115081792,100.0,100.0,,4.0,0.1,0.0,5.0,20,3,2.2,0.0,0.05,0.02,0.07,,117.8,23.9,41.0,18.3,90.0,0,1,1,8,6,12.0,12.0,2.0,10.0,10.0,2.0,3.641963122638514,3.068932946244329,3.264852997577257,3.339589319038595,2.872141415564851,2.892376314018247,,,,,,,262,31,12.0,12.0,Defender,Crystal Palace,38
Axel,Disasi,Disasi,Defender,WHU,15.925410477505233,19.007875752445873,,,,4.5,0.2,0.0,10.9,49,6,3.5,0.0,0.08,0.0,0.08,,220.8,19.9,84.0,32.4,90.0,0,0,6,17,14,2.0,2.0,0.0,2.0,3.0,0.0,2.8776762029314584,3.953754478157563,3.332092407786137,2.7659978439311175,2.9958895446989575,3.082465274940639,,,,,,,815,21,2.0,2.0,Defender,West Ham,38
Mikel,Merino Zazón,Merino,Midfielder,ARS,15.683926579645968,18.965127095910745,75.0,100.0,,5.3,0.7,0.0,12.6,67,1,3.0,0.0,0.3,0.13,0.43,,304.4,191.8,244.0,73.6,28.0,4,3,4,10,10,2.0,6.428571428571429,0.0,0.0,2.0,0.0,3.469010860671554,3.651397599362229,2.9248503409646722,3.0294945883085367,2.6091731903389768,3.281200516264775,,,,,,,22,3,2.0,6.428571428571429,Midfielder,Arsenal,38
James,Hill,Hill,Defender,BOU,16.080310572782505,18.922016922831208,,,,4.2,7.4,0.0,26.2,110,3,3.8,0.0,0.04,0.05,0.09,,579.4,161.7,119.0,86.3,90.0,0,3,8,24,22,10.0,10.0,0.0,10.0,2.0,2.0,3.788898916169061,3.121544431327262,2.9839416875700353,3.357013460055634,2.8289120776605126,2.841706350048703,,,,,,,77,91,10.0,10.0,Defender,Bournemouth,38
Yéremy,Pino Santos,Yeremy,Midfielder,CRY,15.729943434341305,18.887411019500174,100.0,100.0,,5.8,0.2,0.0,13.3,77,4,2.3,0.0,0.2,0.27,0.47,,325.8,718.4,371.0,141.4,45.0,2,2,7,28,26,2.0,4.0,0.0,0.0,2.0,0.0,3.7395279131580077,3.706420114695302,2.5148823650394307,3.0211213296265518,2.74799171182201,3.1574675851588685,,,,,,,712,31,2.0,4.0,Midfielder,Crystal Palace,38
Ismaïla,Sarr,Sarr,Midfielder,CRY,15.831601997616055,18.885306367448987,100.0,100.0,,6.4,5.6,0.0,18.3,117,1,4.2,0.0,0.45,0.05,0.5,,479.8,269.4,601.0,135.1,45.0,9,2,9,29,24,3.0,6.0,0.0,1.0,2.0,0.0,3.244322889475916,3.5116127620492827,3.1628450454566592,3.1385136834841605,2.7743076171500363,3.053704369832933,,,,,,,267,31,3.0,6.0,Midfielder,Crystal Palace,38
Sepp,van den Berg,Van den Berg,Defender,BRE,15.907083787864316,18.83234525739131,100.0,100.0,,4.4,1.0,0.0,25.7,113,4,3.5,0.0,0.11,0.05,0.16,,659.0,98.0,305.0,106.3,90.0,0,3,8,41,30,10.0,10.0,3.0,7.0,2.0,2.0,3.5153524831295293,3.3185715773183198,3.4857616076915945,2.903769961091349,2.6836281586335238,2.925261469526993,,,,,,,113,94,10.0,10.0,Defender,Brentford,38
Norberto Bercique,Gomes Betuncal,Beto,Forward,EVE,15.208981990188054,18.77410922611667,100.0,100.0,,5.1,3.3,0.0,20.4,104,1,2.8,0.0,0.52,0.01,0.53,,445.8,159.8,655.0,124.5,6.0,9,1,5,19,17,0.0,0.0,0.0,0.0,0.0,0.0,2.471444182863626,3.6645312272439705,3.4190199314640237,3.1882674561304247,2.465719192486009,3.565127235928617,,,,,,,311,11,0.0,0.0,Forward,Everton,38
Alexis,Mac Allister,Mac Allister,Midfielder,LIV,15.58113249558822,18.77173518864015,100.0,100.0,,6.1,1.8,0.0,17.7,108,1,2.9,0.0,0.13,0.06,0.19,,475.4,562.2,365.0,139.9,90.0,2,5,7,41,31,4.0,4.0,3.0,1.0,0.0,0.0,4.177546784880381,3.1002660241525093,2.8157133135749364,2.6359604582085545,2.851645914771838,3.190602693051929,,,,,,,386,14,4.0,4.0,Midfielder,Liverpool,38
Adam,Smith,Smith,Defender,BOU,15.598888008367393,18.756237197582173,100.0,100.0,,4.4,0.2,0.0,13.2,58,2,2.6,0.0,0.0,0.02,0.02,,176.2,76.6,18.0,27.1,89.0,0,2,6,16,14,6.0,6.067415730337078,1.0,5.0,3.0,0.0,3.58532714092805,3.313643234092954,3.0355875166523125,2.869950150951765,2.794379965742312,3.157349189214781,,,,,,,73,91,6.0,6.067415730337078,Defender,Bournemouth,38
Trai,Hume,Hume,Defender,SUN,16.3162518487825,18.744942514868832,,,,4.5,0.3,0.0,24.4,110,8,2.9,0.0,0.07,0.06,0.13,,547.8,421.3,248.0,120.9,90.0,2,1,9,42,34,3.0,3.0,3.0,0.0,2.0,0.0,3.8958896927790456,3.7108985282885896,2.883734788109633,2.9075730200282015,2.918155819577031,2.4286906660863323,,,,,,,532,56,3.0,3.0,Defender,Sunderland,38
Sven,Botman,Botman,Defender,NEW,15.864448497038662,18.735417309419283,100.0,100.0,,4.9,0.5,0.0,18.2,89,3,3.6,0.0,0.08,0.04,0.12,,597.0,85.8,190.0,87.4,90.0,1,1,5,27,21,11.0,11.0,1.0,10.0,1.0,2.0,3.273644779011096,3.3562483506479586,2.9857848748374636,3.330598347161369,2.918172145380776,2.870968812380621,,,,,,,475,4,11.0,11.0,Defender,Newcastle,38
Calvin,Bassey,Bassey,Defender,FUL,15.481312641523276,18.73141684631189,100.0,100.0,,4.4,0.8,0.0,23.4,103,6,3.4,0.0,0.06,0.01,0.07,,574.0,152.2,115.0,84.5,90.0,1,1,7,40,28,6.0,6.0,2.0,4.0,5.0,0.0,3.629223297012033,3.1183174557866162,3.4593637209039776,2.3764546674649365,2.897953500355714,3.250104204788616,,,,,,,318,54,6.0,6.0,Defender,Fulham,38
Matz,Sels,Sels,Goalkeeper,NFO,15.38053673749764,18.681148686628326,100.0,100.0,,4.6,5.0,0.0,22.8,105,3,3.4,0.0,0.0,0.0,0.0,,730.0,10.0,0.0,74.0,90.0,0,0,7,39,30,0.0,0.0,0.0,1.0,4.0,0.0,3.4911683905608117,3.1680719812799043,3.289371200278567,2.5497545656040383,2.882170599774318,3.3006119491306882,,,,,,,502,17,0.0,0.0,Goalkeeper,Nott'm Forest,38
Axel,Tuanzebe,Tuanzebe,Defender,BUR,15.469229853019296,18.67901628520567,100.0,100.0,,3.9,0.9,0.0,8.7,34,2,2.4,0.0,0.05,0.01,0.06,,276.4,11.1,52.0,34.1,90.0,1,0,1,26,14,8.0,8.0,1.0,7.0,7.0,0.0,3.1794450289870837,3.3975633890237593,3.405456255774676,2.315348054402702,3.171417124831076,3.2097864321863723,,,,,,,198,90,8.0,8.0,Defender,Burnley,38
Florentino Ibrain,Morris Luís,Florentino,Midfielder,BUR,16.50121498733972,18.646714763276158,,,,5.0,0.0,0.0,16.8,84,4,2.7,0.0,0.03,0.02,0.05,,421.0,234.5,56.0,71.4,90.0,0,2,2,45,25,17.0,17.0,4.0,6.0,7.0,2.0,3.396191629392382,4.251063084546228,3.3110532654330176,2.752630485829049,2.790276522139041,2.145499775936438,,,,,,,722,90,17.0,17.0,Midfielder,Burnley,38
Lutsharel,Geertruida,Geertruida,Defender,SUN,16.220625597934028,18.640404021843526,,,,4.5,0.1,0.0,12.2,55,1,2.0,0.0,0.04,0.05,0.09,,274.6,135.7,102.0,51.2,90.0,0,0,3,23,17,2.0,2.0,1.0,1.0,2.0,0.0,3.36099739108274,3.995986971878371,3.696265565699548,2.5053502228129334,2.6620254464604365,2.4197784239094995,,,,,,,724,56,2.0,2.0,Defender,Sunderland,38
Tijjani,Reijnders,Reijnders,Midfielder,MCI,16.302363142038704,18.61944510426063,,,,5.0,8.9,0.0,18.4,92,5,3.3,0.0,0.26,0.13,0.39,,340.0,347.8,435.0,111.2,76.0,5,3,7,18,19,0.0,0.0,0.0,0.0,0.0,0.0,3.2168894843038136,3.7707063865072072,2.860875963464209,3.2117132517448317,3.242178056018641,2.317081962221927,,,,,,,427,43,0.0,0.0,Midfielder,Man City,38
Rio,Cardines,Cardines,Midfielder,CRY,15.109884207150149,18.586191671947752,100.0,100.0,,4.4,0.3,0.0,0.5,2,2,2.0,0.0,0.02,0.16,0.18,,15.2,30.0,4.0,4.9,90.0,0,0,0,2,1,7.0,7.0,1.0,2.0,4.0,0.0,2.7066454362117804,2.62796653586859,3.2767323821112053,3.634610172267694,2.863929680690878,3.476307464797602,,,,,,,690,31,7.0,7.0,Midfielder,Crystal Palace,38
Gabriel,Martinelli Silva,Martinelli,Midfielder,ARS,16.096556928399444,18.57901236042349,100.0,100.0,,6.8,0.9,0.0,8.4,57,7,1.9,0.0,0.35,0.11,0.46,,204.6,202.2,390.0,79.0,90.0,1,5,2,8,11,4.0,4.0,0.0,0.0,4.0,0.0,3.307604667505136,3.3073836417750067,3.277755286124113,3.2226136061782604,2.9811997268169295,2.4824554320240475,,,,,,,19,3,4.0,4.0,Midfielder,Arsenal,38
Diego,Gómez Amarilla,Gomez,Midfielder,BHA,15.435454958504305,18.55981188305726,100.0,100.0,,4.9,0.4,0.0,19.8,97,1,3.0,0.0,0.27,0.07,0.34,,438.2,319.7,432.0,119.0,58.0,5,1,8,29,26,9.0,13.96551724137931,1.0,2.0,6.0,0.0,3.4078598441556087,2.951545974311892,2.7900924360455153,3.1894438886979826,3.096512815293306,3.124356924552956,,,,,,,169,36,9.0,13.96551724137931,Midfielder,Brighton,38
João Maria,Lobo Alves Palhares Costa Palhinha Gonçalves,J.Palhinha,Midfielder,TOT,15.524087218383306,18.536619435012675,100.0,100.0,,5.5,0.9,0.0,22.9,126,12,3.8,0.0,0.11,0.03,0.14,,638.0,147.8,295.0,108.3,90.0,5,3,5,37,23,17.0,17.0,4.0,8.0,5.0,2.0,3.7360807235645894,2.94496663073359,3.2667115723006845,2.52924370388083,3.0470845879036115,3.0125322166293698,,,,,,,673,6,17.0,17.0,Midfielder,Spurs,38
David,Brooks,Brooks,Midfielder,BOU,15.42573000587506,18.52728575534654,100.0,100.0,,5.0,0.2,0.0,11.8,59,0,1.9,0.0,0.44,0.26,0.7,,236.2,384.5,434.0,104.1,0.0,1,3,5,20,13,0.0,0.0,0.0,0.0,0.0,0.0,2.677728074390462,3.7910977214493937,3.426297326529981,2.8840742877859507,2.646532595719272,3.1015557494714807,,,,,,,86,91,0.0,0.0,Midfielder,Bournemouth,38
Karl,Darlow,Darlow,Goalkeeper,LEE,15.559865086809284,18.502556313229796,,,,4.0,6.9,0.0,17.8,71,2,3.2,0.0,0.0,0.0,0.0,,531.4,0.0,0.0,53.4,90.0,0,0,5,27,22,0.0,0.0,0.0,0.0,10.0,0.0,3.408187771083067,2.8904612604207895,3.6194738089842318,2.8981064758583406,2.743635770462854,2.942691226420514,,,,,,,341,2,0.0,0.0,Goalkeeper,Leeds,38
William,Saliba,Saliba,Defender,ARS,14.714149603332267,18.48653587267907,100.0,100.0,,6.3,17.1,0.0,21.7,137,0,4.4,0.0,0.03,0.04,0.07,,552.6,201.0,90.0,84.3,0.0,1,0,15,20,30,0.0,0.0,0.0,0.0,0.0,0.0,2.2854770180122395,3.7814233834896926,2.6632772815441985,3.253014096767159,2.730957823518977,3.7723862693468018,,,,,,,6,3,0.0,0.0,Defender,Arsenal,38
Lisandro,Martínez,Martinez,Defender,MUN,15.894575910786731,18.486418975563527,100.0,100.0,,4.8,0.4,0.0,10.6,51,6,2.8,0.0,0.01,0.04,0.05,,302.8,94.9,19.0,42.0,90.0,0,0,5,15,13,4.0,4.0,1.0,3.0,3.0,0.0,3.4167725943541627,3.5033957899225556,2.9560370912219165,3.2312347309727567,2.7871357043153386,2.5918430647767954,,,,,,,437,1,4.0,4.0,Defender,Man Utd,38
Riccardo,Calafiori,Calafiori,Defender,ARS,15.774912262710643,18.47052234946466,100.0,100.0,,5.6,6.0,0.0,19.5,109,1,4.2,0.0,0.18,0.04,0.22,,283.0,182.3,313.0,77.9,45.0,1,2,13,8,22,0.0,0.0,0.0,0.0,2.0,0.0,3.2280861050494596,3.2293383078486912,3.3497608120648965,3.2008094575110446,2.7669175802365507,2.6956100867540145,,,,,,,7,3,0.0,0.0,Defender,Arsenal,38
Đorđe,Petrović,Petrović,Goalkeeper,BOU,15.56514645827503,18.35140011639996,,,,4.6,5.2,0.0,27.0,124,3,3.3,0.0,0.0,0.0,0.0,,822.6,0.0,0.0,82.4,90.0,0,0,11,54,38,0.0,0.0,0.0,2.0,8.0,0.0,3.3173717159486884,2.858391526478586,3.353247798861939,3.157481514179217,2.8786539028066,2.786253658124932,,,,,,,67,91,0.0,0.0,Goalkeeper,Bournemouth,38
Sander,Berge,Berge,Midfielder,FUL,15.585025181781655,18.344523475736345,,,,4.9,0.1,0.0,18.6,91,3,2.6,0.0,0.05,0.05,0.1,,437.8,365.1,105.0,91.0,90.0,0,3,8,45,34,6.0,6.0,1.0,2.0,3.0,0.0,3.090304640042818,3.852578405079016,2.807197671035202,3.124995088622094,2.709949377002525,2.759498293954689,,,,,,,330,54,6.0,6.0,Midfielder,Fulham,38
José,Malheiro de Sá,José Sá,Goalkeeper,WOL,15.140287016360123,18.336837341787685,100.0,100.0,,4.2,1.1,0.0,16.2,68,6,3.0,0.0,0.0,0.0,0.0,,514.2,10.0,0.0,52.8,90.0,0,0,4,37,23,0.0,0.0,1.0,2.0,15.0,0.0,3.2753064137602808,3.0360427801167282,3.3583750932831333,2.7362915289376097,2.734271200262371,3.1965503254275616,,,,,,,628,39,0.0,0.0,Goalkeeper,Wolves,38
Nathan,Collins,Collins,Defender,BRE,16.77549604477565,18.32555575140843,,,,4.9,2.4,0.0,26.3,129,3,3.7,0.0,0.07,0.05,0.12,,848.6,143.8,325.0,131.9,90.0,1,2,9,44,32,14.0,14.0,3.0,11.0,6.0,2.0,3.9058336971310093,3.600243508317036,3.57738247791498,2.8325824576456116,2.8594539037670113,1.5500597066327786,,,,,,,106,94,14.0,14.0,Defender,Brentford,38
Jaidon,Anthony,Anthony,Midfielder,BUR,15.40155064144529,18.32489759296976,100.0,100.0,,5.0,2.4,0.0,25.4,127,2,3.4,0.0,0.17,0.09,0.26,,586.8,552.2,619.0,175.8,84.0,8,4,4,59,32,5.0,5.357142857142857,0.0,1.0,4.0,0.0,3.8988077312248235,3.4653566122457473,2.653575222816631,2.4137690511910392,2.97004202396705,2.923346951524468,,,,,,,200,90,5.0,5.357142857142857,Midfielder,Burnley,38
Joe,Rodon,Rodon,Defender,LEE,15.879440910550013,18.248831181363403,100.0,100.0,,3.9,3.0,0.0,27.9,109,1,3.1,0.0,0.04,0.02,0.06,,707.2,137.3,242.0,109.1,90.0,2,0,6,53,33,8.0,8.0,2.0,6.0,5.0,0.0,4.11508804334445,3.433158263076366,3.1259715561134533,2.73130878701872,2.4739142609970237,2.3693902708133905,,,,,,,348,2,8.0,8.0,Defender,Leeds,38
Raúl,Jiménez Rodríguez,Raúl,Forward,FUL,15.07068039287941,18.235377485453455,100.0,100.0,,5.9,1.8,0.0,19.0,112,1,3.1,0.0,0.48,0.04,0.52,,479.4,331.5,729.0,153.1,18.0,9,5,9,28,27,1.0,5.0,1.0,0.0,0.0,0.0,2.7891812603994692,3.698848552674397,2.880753103951671,3.1793714465070906,2.522526029346783,3.1646970925740434,,,,,,,337,54,1.0,5.0,Forward,Fulham,38
James,Justin,Justin,Defender,LEE,15.722348317441657,18.21545078518959,100.0,100.0,,4.0,2.3,0.0,23.5,94,1,3.2,0.0,0.09,0.06,0.15,,469.8,190.9,220.0,88.3,90.0,2,1,6,26,21,8.0,8.0,3.0,5.0,4.0,0.0,4.141518985726538,3.201571084354207,2.830239201826727,3.0939146370873596,2.455104408446826,2.49310246774793,,,,,,,706,2,8.0,8.0,Defender,Leeds,38
James,Garner,Garner,Midfielder,EVE,15.458501211098715,18.208883046879027,,,,5.2,3.6,0.0,30.6,159,4,4.2,0.0,0.06,0.16,0.22,,887.0,958.0,237.0,208.4,90.0,2,7,11,50,38,13.0,13.0,4.0,2.0,7.0,2.0,3.3989634234104753,3.0191782318823455,2.7476936473872033,3.487884578738571,2.8047813296801194,2.750381835780312,,,,,,,303,11,13.0,13.0,Midfielder,Everton,38
Emiliano,Buendía Stati,Buendía,Midfielder,AVL,15.123695949587173,18.1498017481469,100.0,100.0,,5.3,0.4,0.0,19.2,102,6,2.8,0.0,0.17,0.11,0.28,,427.0,402.1,398.0,121.4,90.0,6,2,3,24,21,15.0,15.0,8.0,3.0,4.0,2.0,3.519199077538873,2.9013404893214108,2.9345698881057842,3.2032547921947536,2.5653317024263496,3.026105798559726,,,,,,,50,7,15.0,15.0,Midfielder,Aston Villa,38
Vitaly,Janelt,Janelt,Midfielder,BRE,16.498728169997833,18.113793363559115,100.0,100.0,,4.9,0.1,0.0,15.1,74,1,3.0,0.0,0.05,0.14,0.19,,350.4,351.8,97.0,79.0,90.0,1,4,5,21,15,10.0,10.0,3.0,1.0,6.0,0.0,3.5767365706616925,3.632346084029149,3.8525428803894433,3.057217462528121,2.3798851723894265,1.6150651935612805,,,,,,,125,94,10.0,10.0,Midfielder,Brentford,38
Keane,Lewis-Potter,Lewis-Potter,Defender,BRE,16.128220295177762,18.107292529227514,,,,4.8,1.5,0.0,24.0,115,5,3.2,0.0,0.14,0.12,0.26,,378.2,332.2,353.0,106.4,88.0,3,4,9,32,22,7.0,7.159090909090909,2.0,5.0,6.0,0.0,3.444939475746893,3.6707449800005305,3.4152917563449483,2.900998693268795,2.6962453898165935,1.979072234049752,,,,,,,107,94,7.0,7.159090909090909,Defender,Brentford,38
Kai,Havertz,Havertz,Forward,ARS,14.822893645409287,18.0718956271307,100.0,100.0,,7.3,0.7,0.0,4.9,36,4,3.0,0.0,0.52,0.1,0.62,,152.6,134.6,210.0,49.9,45.0,2,3,4,4,7,3.0,6.0,1.0,2.0,0.0,0.0,3.5011735154064487,3.2139751102270786,2.8753705883667195,2.500872996440309,2.731501434968732,3.2490019817214115,,,,,,,30,3,3.0,6.0,Forward,Arsenal,38
Jack,Hinshelwood,Hinshelwood,Midfielder,BHA,14.768866784840915,18.059725985550962,100.0,100.0,,5.2,1.6,0.0,17.5,91,2,3.4,0.0,0.26,0.12,0.38,,312.6,228.0,412.0,94.8,73.0,4,5,7,23,20,3.0,3.6986301369863015,1.0,0.0,2.0,0.0,3.230831906340761,3.3084068376008893,2.2129999678104433,3.231146346250206,2.7854817268386145,3.290859200710049,,,,,,,163,36,3.0,3.6986301369863015,Midfielder,Brighton,38
Issa,Diop,Diop,Defender,FUL,15.581423791886987,18.059691019605246,,,,4.3,0.1,0.0,7.2,31,15,2.4,0.0,0.09,0.01,0.1,,190.8,8.0,31.0,23.0,85.0,1,0,1,13,8,5.0,5.294117647058823,0.0,5.0,1.0,0.0,2.731099941603046,4.0606234483048596,3.192947700131111,2.7318984104921817,2.8648542913557877,2.4782672277182596,,,,,,,320,54,5.0,5.294117647058823,Defender,Fulham,38
Emile,Smith Rowe,Smith Rowe,Midfielder,FUL,14.621845862867003,18.020003795688943,100.0,100.0,,5.6,0.5,0.0,14.3,80,3,2.2,0.0,0.22,0.05,0.27,,291.6,330.0,404.0,102.6,71.0,3,1,6,27,22,4.0,5.070422535211268,2.0,1.0,1.0,0.0,3.032093320690593,3.0314228370479746,2.499601484116714,3.1265699631265447,2.932158257885176,3.398157932821939,,,,,,,325,54,4.0,5.070422535211268,Midfielder,Fulham,38
Konstantinos,Mavropanos,Mavropanos,Defender,WHU,15.064563564393502,17.993422829967354,100.0,100.0,,4.5,2.6,0.0,27.1,122,8,3.9,0.0,0.09,0.02,0.11,,777.2,66.6,294.0,113.8,90.0,3,0,6,44,27,12.0,12.0,1.0,11.0,5.0,2.0,3.565225600025167,3.1724035756565474,2.935231280599833,2.5136630018708743,2.8780401062410803,2.9288592655738515,,,,,,,606,21,12.0,12.0,Defender,West Ham,38
Nick,Pope,Pope,Goalkeeper,NEW,15.19110861020797,17.98156998437991,100.0,100.0,,5.0,4.5,0.0,19.2,96,2,3.6,0.0,0.01,0.0,0.01,,671.0,0.0,35.0,70.7,90.0,0,1,7,38,27,0.0,0.0,0.0,1.0,12.0,0.0,3.405945964430941,3.129603848474887,3.2364185193623913,2.8126758677729162,2.606464410166833,2.790461374171941,,,,,,,469,4,0.0,0.0,Goalkeeper,Newcastle,38
Michael,Kayode,Kayode,Defender,BRE,15.316572875540306,17.942669622891568,100.0,100.0,,4.6,1.0,0.0,24.6,113,2,3.1,0.0,0.04,0.08,0.12,,613.8,470.2,130.0,121.7,90.0,1,2,10,49,37,5.0,5.0,3.0,2.0,4.0,0.0,3.4943565665865375,3.494016240589817,2.93668509276468,2.833744148513036,2.5577708270862347,2.626096747351263,,,,,,,110,94,5.0,5.0,Defender,Brentford,38
Max,Weiß,Weiss,Goalkeeper,BUR,14.981854249877912,17.935256545437383,,,,4.2,0.2,0.0,1.7,7,3,2.3,0.0,0.0,0.0,0.0,,76.8,10.0,0.0,8.7,90.0,0,0,0,4,3,0.0,0.0,0.0,0.0,8.0,0.0,3.1355156159676287,3.89796620538893,2.8284916627224206,2.2936586492471713,2.826222116551762,2.95340229555947,,,,,,,183,90,0.0,0.0,Goalkeeper,Burnley,38
Cristhian,Mosquera,Mosquera,Defender,ARS,15.628450853604495,17.92154042543917,100.0,100.0,,5.3,0.3,0.0,7.5,40,4,2.0,0.0,0.01,0.06,0.07,,219.2,88.7,20.0,32.9,90.0,0,0,3,8,9,10.0,10.0,1.0,9.0,1.0,2.0,3.2367739863714746,3.1467068388219417,2.9621790101283327,3.569625251863715,2.7131657664190314,2.2930895718346758,,,,,,,662,3,10.0,10.0,Defender,Arsenal,38
Ferdi,Kadıoğlu,F.Kadıoğlu,Defender,BHA,15.701490919819035,17.908470646764734,,,,4.5,1.4,0.0,26.2,118,1,3.2,0.0,0.06,0.1,0.16,,505.0,444.8,284.0,123.7,90.0,1,2,10,41,34,4.0,4.0,1.0,3.0,3.0,0.0,3.5519467653917443,3.833372453971826,3.0288853699088096,2.748217671174725,2.53906865937193,2.206979726945699,,,,,,,148,36,4.0,4.0,Defender,Brighton,38
Kyle,Walker-Peters,Walker-Peters,Defender,WHU,15.194409664900729,17.891944736653052,,,,4.2,0.3,0.0,12.6,53,6,2.3,0.0,0.07,0.02,0.09,,267.0,124.5,106.0,49.8,90.0,1,0,4,25,15,1.0,1.0,0.0,1.0,4.0,0.0,2.8040956221636963,3.6271716686676663,3.4415562813090346,2.4559760832746003,2.8656100094857306,2.697535071752325,,,,,,,659,21,1.0,1.0,Defender,West Ham,38
Santiago,Ignacio Bueno,S.Bueno,Defender,WOL,15.535780763170543,17.877255191693138,100.0,100.0,,4.4,0.2,0.0,20.9,92,2,3.2,0.0,0.08,0.05,0.13,,611.2,131.8,259.0,100.0,90.0,3,2,4,47,28,8.0,8.0,0.0,8.0,1.0,0.0,5.008705031483469,3.176957981705026,2.4376506928740893,2.369995083645146,2.5424719734628094,2.341474428522595,,,,,,,636,39,8.0,8.0,Defender,Wolves,38
Ethan,Ampadu,Ampadu,Midfielder,LEE,15.315012427649702,17.864377890288893,100.0,100.0,,4.9,0.6,0.0,27.3,134,3,3.8,0.0,0.07,0.06,0.13,,592.2,384.8,166.0,114.7,90.0,1,4,8,49,35,13.0,13.0,2.0,4.0,7.0,2.0,3.901369076942299,3.199515033986421,3.1951047146789313,2.6769764470316817,2.3420471550103703,2.549365462639189,,,,,,,354,2,13.0,13.0,Midfielder,Leeds,38
Leandro,Trossard,Trossard,Midfielder,ARS,14.164387952874716,17.808831510003433,100.0,100.0,,6.6,1.8,0.0,18.0,119,0,3.8,0.0,0.25,0.16,0.41,,494.0,545.5,541.0,158.3,0.0,6,6,11,15,21,0.0,0.0,0.0,0.0,0.0,0.0,2.5020317059695674,3.588369036068463,2.454862134247871,2.689333859718989,2.9297912168698272,3.6444435571287164,,,,,,,20,3,0.0,0.0,Midfielder,Arsenal,38
Senne,Lammens,Lammens,Goalkeeper,MUN,14.792467775826452,17.806138968227106,,,,5.1,3.6,0.0,21.4,109,6,3.4,0.0,0.0,0.0,0.0,,635.6,0.0,2.0,63.7,90.0,0,0,8,39,32,0.0,0.0,0.0,0.0,5.0,0.0,3.2262271506728797,2.6521133109684345,3.3026692116945857,2.7238385884073875,2.8876195140831635,3.013671192400653,,,,,,,733,1,0.0,0.0,Goalkeeper,Man Utd,38
Moisés,Caicedo Corozo,Caicedo,Midfielder,CHE,15.778455108505673,17.80582924580499,100.0,100.0,,5.7,7.1,0.0,19.3,110,2,3.3,0.0,0.05,0.08,0.13,,562.4,403.1,128.0,109.2,84.0,3,1,6,47,32,6.0,6.428571428571429,0.0,3.0,3.0,0.0,4.277153900826298,3.460798673674112,2.9424148000336787,2.8369851531575394,2.261102580814045,2.0273741372993164,,,,,,,241,8,6.0,6.428571428571429,Midfielder,Chelsea,38
Jean-Philippe,Mateta,Mateta,Forward,CRY,15.742303044708244,17.732173394183295,100.0,100.0,,7.6,8.1,0.0,15.0,114,6,3.6,0.0,0.59,0.05,0.64,,567.2,160.6,786.0,150.8,13.0,12,0,8,29,25,0.0,0.0,0.0,0.0,0.0,0.0,2.7511058372664396,4.333106721180617,2.5443367647148163,3.3172558624309456,2.796497859115424,1.9898703494750514,,,,,,,283,31,0.0,0.0,Forward,Crystal Palace,38
Daniel,Muñoz Mejía,Muñoz,Defender,CRY,14.971631243920676,17.720392769270603,100.0,100.0,,5.9,9.2,0.0,23.1,136,1,4.7,0.0,0.09,0.15,0.24,,595.0,396.6,404.0,139.5,45.0,4,4,10,33,29,0.0,0.0,0.0,0.0,0.0,0.0,3.2233030809727206,3.532157770973539,2.6835689970236576,3.2102468038092287,2.3223545911415306,2.7487615253499285,,,,,,,256,31,0.0,0.0,Defender,Crystal Palace,38
Danny,Welbeck,Welbeck,Forward,BHA,14.916013512410032,17.717157719265664,100.0,100.0,,6.3,8.4,0.0,20.0,126,1,3.4,0.0,0.49,0.06,0.55,,578.8,309.7,803.0,168.2,58.0,13,1,10,28,26,1.0,1.5517241379310345,0.0,0.0,1.0,0.0,3.1510918768159417,3.0562011419561523,2.81585610346864,3.172167179613619,2.7206972105556764,2.8011442068556303,,,,,,,178,36,1.0,1.5517241379310345,Forward,Brighton,38
Noni,Madueke,Madueke,Midfielder,ARS,15.779693572852642,17.710059365267256,100.0,100.0,,6.8,0.8,0.0,10.6,72,11,2.8,0.0,0.09,0.21,0.3,,257.4,352.8,404.0,101.3,83.0,3,1,8,9,16,4.0,4.337349397590361,0.0,1.0,3.0,0.0,4.015893078976141,2.9012167416401113,2.8899760923572377,2.9221645595154593,3.050443100363692,1.930365792414615,,,,,,,18,3,4.0,4.337349397590361,Midfielder,Arsenal,38
Rayan,Cherki,Cherki,Midfielder,MCI,14.037234189479536,17.67902461825423,100.0,100.0,,6.5,17.4,0.0,20.8,135,1,4.1,0.0,0.22,0.45,0.67,,604.2,996.6,579.0,218.1,32.0,4,13,8,18,19,0.0,0.0,0.0,0.0,0.0,0.0,3.7298533633456437,3.3123398499181085,2.2478503375696457,2.2467550782424555,2.5004355604036825,3.641790428774693,,,,,,,417,43,0.0,0.0,Midfielder,Man City,38
Lucas,Pires Silva,Lucas Pires,Defender,BUR,16.001006198042067,17.623272284773833,100.0,100.0,,3.8,0.3,0.0,6.6,25,2,1.2,0.0,0.04,0.09,0.13,,247.0,294.6,117.0,65.6,90.0,0,0,1,30,15,3.0,3.0,1.0,2.0,5.0,0.0,5.386135519601268,3.2329872762851446,2.7524186720689596,2.1666333460492835,2.462831384037412,1.622266086731765,,,,,,,195,90,3.0,3.0,Defender,Burnley,38
Kyle,Walker,Walker,Defender,BUR,15.514927284503425,17.606321112286373,100.0,100.0,,4.4,1.2,0.0,15.9,70,2,1.9,0.0,0.0,0.04,0.04,,506.0,237.2,28.0,77.4,90.0,0,2,4,66,35,3.0,3.0,1.0,2.0,7.0,0.0,3.7537576768665537,3.4895966794975304,3.2513102996176766,2.325470475503754,2.69479215301791,2.091393827782948,,,,,,,187,90,3.0,3.0,Defender,Burnley,38
Kiernan,Dewsbury-Hall,Dewsbury-Hall,Midfielder,EVE,14.438706267366845,17.5948696862933,100.0,100.0,,5.3,7.9,0.0,28.5,151,2,4.9,0.0,0.15,0.18,0.33,,619.4,601.1,438.0,166.0,83.0,8,7,8,39,30,6.0,6.506024096385541,1.0,1.0,4.0,0.0,3.775520376939563,3.280679284329634,2.639263979960622,2.278714379317963,2.464528246819062,3.156163418926455,,,,,,,242,11,6.0,6.506024096385541,Midfielder,Everton,38
Martin,Dúbravka,Dúbravka,Goalkeeper,BUR,14.355326454894758,17.544634398058648,100.0,100.0,,4.0,25.7,0.0,24.0,96,0,2.7,0.0,0.0,0.0,0.0,,976.4,0.0,0.0,97.9,0.0,0,0,4,71,35,0.0,0.0,0.0,0.0,0.0,0.0,2.316757521376752,3.6872689882595737,2.896197462905452,2.66385877098521,2.7912437113677693,3.189307943163888,,,,,,,470,90,0.0,0.0,Goalkeeper,Burnley,38
Malo,Gusto,Gusto,Defender,CHE,15.838051704332816,17.531987843657205,75.0,100.0,,4.8,1.7,0.0,20.0,96,-1,2.8,0.0,0.06,0.12,0.18,,443.6,448.5,205.0,109.8,84.0,2,3,7,36,26,7.0,7.5,2.0,5.0,2.0,0.0,3.8113232138127526,3.755672805900658,2.885763606849913,2.748916122840087,2.636375954929406,1.69393613932439,,,,,,,228,8,7.0,7.5,Defender,Chelsea,38
Lewis,Dunk,Dunk,Defender,BHA,15.098618502212828,17.524706329788614,100.0,100.0,,4.5,1.0,0.0,22.2,100,1,3.0,0.0,0.06,0.02,0.08,,649.6,125.5,210.0,98.7,90.0,1,1,7,40,31,5.0,5.0,2.0,3.0,5.0,0.0,2.991113427898028,3.194829088922518,3.3960563636463195,2.824153975058463,2.692465646687498,2.4260878275757873,,,,,,,146,36,5.0,5.0,Defender,Brighton,38
Dan,Burn,Burn,Defender,NEW,15.013014847601843,17.52368819764826,100.0,100.0,,5.0,3.6,0.0,18.6,93,1,3.2,0.0,0.04,0.01,0.05,,525.8,107.3,186.0,82.1,83.0,1,3,6,36,25,5.0,5.421686746987952,2.0,3.0,4.0,0.0,3.1965661347208694,3.2829319916370276,2.769435626455391,3.0804689945599453,2.68361210022861,2.5106733500464142,,,,,,,476,4,5.0,5.421686746987952,Defender,Newcastle,38
Alejandro,Garnacho Ferreyra,Garnacho,Midfielder,CHE,14.457378181541543,17.516616790893742,100.0,100.0,,6.4,0.4,0.0,8.8,56,0,2.3,0.0,0.25,0.26,0.51,,211.4,405.3,399.0,100.5,0.0,1,4,4,20,14,0.0,0.0,0.0,0.0,0.0,0.0,2.63036159188919,2.769730293872364,2.7391202254910563,3.410518658582731,2.9076474117062023,3.059238609352199,,,,,,,453,8,0.0,0.0,Midfielder,Chelsea,38
Yerson,Mosquera Valdelamar,Mosquera,Defender,WOL,15.259748822223692,17.496585822531234,100.0,100.0,,4.3,0.1,0.0,14.2,61,3,2.3,0.0,0.11,0.03,0.14,,426.0,140.4,268.0,83.5,90.0,0,0,4,40,24,13.0,13.0,3.0,10.0,5.0,2.0,3.915351359778548,3.2810690962095967,2.579329949322639,2.6007386019774117,2.883259814935495,2.2368370003075406,,,,,,,634,39,13.0,13.0,Defender,Wolves,38
Ladislav,Krejcí,Krejčí,Defender,WOL,15.536191349077772,17.487432096734956,100.0,100.0,,4.5,0.1,0.0,15.1,68,6,2.4,0.0,0.09,0.06,0.15,,536.6,147.5,278.0,96.6,65.0,2,2,3,46,27,7.0,9.692307692307692,1.0,6.0,3.0,0.0,3.975547442244677,4.119883772879791,2.1107332624029365,2.8647627944355083,2.4652640771148597,1.951240747657185,,,,,,,709,39,7.0,9.692307692307692,Defender,Wolves,38
Igor Jesus,Maciel da Cruz,Igor Jesus,Forward,NFO,14.456157020740664,17.4664796455508,100.0,100.0,,5.9,2.4,0.0,19.3,114,2,3.1,0.0,0.25,0.05,0.3,,420.6,240.7,726.0,136.4,90.0,6,6,9,37,28,6.0,6.0,1.0,0.0,5.0,0.0,3.185838548062591,2.9091506451152105,3.0149205883604955,2.177420058650899,3.1688271805514687,3.010322624810134,,,,,,,526,17,6.0,6.0,Forward,Nott'm Forest,38
Rodrigo,Muniz Carvalho,Muniz,Forward,FUL,14.49604822840633,17.439141127811283,100.0,100.0,,5.3,0.7,0.0,6.8,36,2,1.7,0.0,0.3,0.01,0.31,,113.2,93.2,287.0,47.3,71.0,1,1,3,13,10,2.0,2.535211267605634,1.0,0.0,1.0,0.0,2.8733995993515533,2.822652978395085,2.9283797525433513,2.9044848625676467,2.967131035548694,2.943092899404951,,,,,,,338,54,2.0,2.535211267605634,Forward,Fulham,38
Mathias,Jensen,Jensen,Midfielder,BRE,14.793344390331214,17.423120556047547,,,,4.9,0.1,0.0,20.0,98,2,2.7,0.0,0.09,0.24,0.33,,435.6,632.7,201.0,126.9,82.0,3,2,9,33,26,7.0,7.682926829268292,1.0,1.0,5.0,0.0,3.3684055948374914,2.832267840557111,2.6098017962678512,3.227845999773952,2.755023158894807,2.629776165716332,,,,,,,126,94,7.0,7.682926829268292,Midfielder,Brentford,38
Benjamin,Sesko,Šeško,Forward,MUN,14.29284754109235,17.420872592546708,50.0,50.0,Shin injury - 50% chance of playing,7.2,4.6,0.0,15.4,111,0,3.7,0.0,0.51,0.02,0.53,,483.8,156.1,803.0,143.4,0.0,11,2,2,30,17,0.0,0.0,0.0,0.0,0.0,0.0,2.3843739637925783,3.5507263793330988,3.15530252161464,2.5361485163599395,2.6662961599920942,3.128025051454358,,,,,,,681,1,0.0,0.0,Forward,Man Utd,38
Jefferson,Lerma Solís,Lerma,Midfielder,CRY,15.249123526484713,17.400476800181472,100.0,100.0,,4.9,0.1,0.0,14.1,69,4,2.2,0.0,0.1,0.08,0.18,,287.6,207.2,233.0,72.5,90.0,0,5,7,25,18,13.0,13.0,2.0,9.0,2.0,2.0,3.076353039124955,3.459346649455792,3.4634501679773684,2.732386120549579,2.5175875493770175,2.1513532736967607,,,,,,,272,31,13.0,13.0,Midfielder,Crystal Palace,38
Trevoh,Chalobah,Chalobah,Defender,CHE,14.508690958243356,17.37097912934269,100.0,100.0,,5.4,8.8,0.0,25.2,136,1,4.0,0.0,0.05,0.03,0.08,,719.2,111.2,160.0,99.1,25.0,3,1,9,40,31,4.0,14.399999999999999,0.0,4.0,1.0,0.0,2.97126224917247,3.076510758137302,2.105163564333715,3.5369354325251656,2.818818954074705,2.8622881710993324,,,,,,,226,8,4.0,14.399999999999999,Defender,Chelsea,38
Andrew,Robertson,Robertson,Defender,LIV,15.22515386849217,17.35786363510214,,,,5.7,1.2,0.0,9.6,55,2,2.3,0.0,0.08,0.11,0.19,,239.8,318.8,121.0,68.2,82.0,1,0,4,16,11,4.0,4.390243902439025,0.0,4.0,2.0,0.0,3.1144256796827574,3.9513073166891473,2.6896384567993414,3.039408738752268,2.4303736765686548,2.1327097666099717,,,,,,,372,14,4.0,4.390243902439025,Defender,Liverpool,38
Rodrigo,Martins Gomes,R.Gomes,Defender,WOL,14.75112861493999,17.303481715931447,100.0,100.0,,4.4,0.1,0.0,10.9,48,2,2.2,0.0,0.2,0.04,0.24,,185.6,75.5,221.0,48.2,81.0,3,0,1,18,9,2.0,2.2222222222222223,1.0,1.0,4.0,0.0,3.403749882528733,3.272431254924042,2.669258905647665,2.8789478648457214,2.5267407069938272,2.5523531009914575,,,,,,,635,39,2.0,2.2222222222222223,Defender,Wolves,38
Daniel,Ballard,Ballard,Defender,SUN,14.603257593336732,17.29262245444342,0.0,100.0,,4.6,2.4,0.0,25.2,116,0,4.0,0.0,0.1,0.03,0.13,,662.8,181.2,370.0,121.5,0.0,2,2,6,35,24,0.0,0.0,0.0,0.0,0.0,0.0,1.7854718105451974,3.8642946857945346,2.67303390985965,2.660934423866575,3.619522763270777,2.6893648611066894,,,,,,,531,56,0.0,0.0,Defender,Sunderland,38
Kobbie,Mainoo,Mainoo,Midfielder,MUN,14.808041092161112,17.273351377142163,100.0,100.0,,4.7,1.4,0.0,15.5,73,2,2.6,0.0,0.03,0.07,0.1,,365.0,360.1,94.0,82.1,90.0,1,2,6,22,16,7.0,7.0,2.0,2.0,3.0,0.0,4.107462319537637,2.8140352830479336,2.775146426645483,2.5947204792116834,2.5166765837183753,2.46531028498105,,,,,,,458,1,7.0,7.0,Midfielder,Man Utd,38
Levi,Samuels Colwill,Colwill,Defender,CHE,14.62322419967603,17.273239020999917,100.0,100.0,,4.7,0.2,0.0,1.7,8,3,2.7,0.0,0.0,0.05,0.05,,66.0,7.6,6.0,8.0,90.0,0,0,0,4,2,13.0,13.0,1.0,12.0,5.0,2.0,3.4528743136190463,3.052950898226823,2.7326277014147555,2.7853892630412194,2.599382023374186,2.650014821323887,,,,,,,227,8,13.0,13.0,Defender,Chelsea,38
Callum,Wilson,Wilson,Forward,WHU,14.869289991719173,17.243430752348917,100.0,100.0,,5.8,0.6,0.0,13.8,80,5,2.5,0.0,0.55,0.04,0.59,,305.2,109.0,509.0,91.1,45.0,7,2,1,24,11,2.0,4.0,0.0,1.0,1.0,0.0,3.6229803911344844,3.3309238494298463,2.768249454497027,2.445989939679106,2.7011463569787098,2.3741407606297447,,,,,,,671,21,2.0,4.0,Forward,West Ham,38
Kevin,Danso,Danso,Defender,TOT,14.229839667912067,17.2393830103857,100.0,100.0,,4.2,0.2,0.0,15.0,63,8,2.6,0.0,0.04,0.02,0.06,,407.0,49.5,96.0,55.5,90.0,0,0,4,25,17,11.0,11.0,0.0,11.0,0.0,2.0,3.562135410481756,2.6149754224304047,3.051896436182294,2.168000884442603,2.8328315143750085,3.0095433424736333,,,,,,,570,6,11.0,11.0,Defender,Spurs,38
Alex,Iwobi,Iwobi,Midfielder,FUL,14.717929311932021,17.229150412146904,100.0,100.0,,6.1,1.1,0.0,16.9,103,3,3.6,0.0,0.07,0.17,0.24,,511.2,739.4,343.0,159.4,90.0,4,3,5,40,29,8.0,8.0,1.0,1.0,6.0,0.0,3.7588136976732347,2.634811929268884,2.944844770890392,2.64859755693454,2.7308613571649696,2.5112211002148834,,,,,,,324,54,8.0,8.0,Midfielder,Fulham,38
Reinildo,Mandava,Reinildo,Defender,SUN,14.643361346376103,17.21953454933252,100.0,100.0,,3.8,3.0,0.0,19.5,74,2,3.0,0.0,0.01,0.03,0.04,,376.4,130.2,39.0,54.7,90.0,0,2,6,27,23,8.0,8.0,4.0,4.0,6.0,0.0,3.3567207166633515,3.120637429675579,3.107323270903171,2.3768651598732875,2.681814769260715,2.5761732029564164,,,,,,,541,56,8.0,8.0,Defender,Sunderland,38
Hwang,Hee-chan,Hee Chan,Midfielder,WOL,15.205259341237284,17.203681389691297,100.0,100.0,,5.6,0.1,0.0,9.6,54,1,2.1,0.0,0.15,0.1,0.25,,163.4,216.5,166.0,53.4,90.0,2,2,2,29,18,11.0,11.0,1.0,1.0,9.0,0.0,3.803604061340714,3.07890102893713,2.8944906879330077,2.9673584559278154,2.4609051070986165,1.9984220484540132,,,,,,,642,39,11.0,11.0,Midfielder,Wolves,38
Noah,Sadiki,Sadiki,Midfielder,SUN,14.489358014181525,17.098445067929045,100.0,100.0,,4.9,0.1,0.0,16.3,80,1,2.4,0.0,0.04,0.05,0.09,,347.6,333.3,162.0,84.6,90.0,0,2,9,42,33,6.0,6.0,0.0,2.0,4.0,0.0,3.19969084926684,3.188545389480073,3.372024624251452,2.3985787206777927,2.330518430505366,2.6090870537475204,,,,,,,552,56,6.0,6.0,Midfielder,Sunderland,38
Harvey,Barnes,Barnes,Midfielder,NEW,13.250347064612008,17.084627332886544,,,,6.1,1.3,0.0,17.4,106,1,2.9,0.0,0.32,0.13,0.45,,404.0,387.5,682.0,147.0,45.0,7,1,5,31,19,0.0,0.0,0.0,0.0,0.0,0.0,2.7983920070821156,2.678261946398677,2.253700071237695,2.912195916684132,2.6077971232093873,3.8342802682745365,,,,,,,487,4,0.0,0.0,Midfielder,Newcastle,38
Nordi,Mukiele,Mukiele,Defender,SUN,14.581350867313057,17.051842074127357,100.0,100.0,,4.6,8.7,0.0,32.8,151,4,4.7,0.0,0.05,0.09,0.14,,733.6,353.1,242.0,132.9,90.0,3,5,9,40,32,12.0,12.0,2.0,10.0,8.0,2.0,3.4633393769844245,2.6983777882087283,2.9629541464868088,2.8112488875878343,2.645430668045263,2.470491206814298,,,,,,,694,56,12.0,12.0,Defender,Sunderland,38
Mateus Gonçalo,Espanha Fernandes,M.Fernandes,Midfielder,WHU,14.956094375049302,17.009819775746617,100.0,100.0,,5.5,0.6,0.0,24.5,135,9,3.8,0.0,0.06,0.09,0.15,,657.2,622.8,183.0,146.3,90.0,3,4,8,50,35,12.0,12.0,5.0,2.0,5.0,2.0,3.0788124730156556,3.765710389795839,2.747929202161352,2.8541478290600093,2.5094944810164463,2.0537254006973162,,,,,,,708,21,12.0,12.0,Midfielder,West Ham,38
Alex,Scott,Scott,Midfielder,BOU,14.065228224100284,17.000493902793494,100.0,100.0,,4.9,2.1,0.0,27.8,136,0,3.7,0.0,0.12,0.09,0.21,,597.2,482.0,314.0,139.0,0.0,3,2,11,41,34,0.0,0.0,0.0,0.0,0.0,0.0,2.5934513647789865,3.4464065070274064,2.5474786287737974,2.74537039687831,2.7325213266417845,2.93526567869321,,,,,,,90,91,0.0,0.0,Midfielder,Bournemouth,38
Antonín,Kinský,Kinsky,Goalkeeper,TOT,14.15394055632628,16.975150828652414,,,,3.9,1.9,0.0,5.1,20,5,2.9,0.0,0.0,0.0,0.0,,102.6,0.0,0.0,10.3,90.0,0,0,2,7,7,0.0,0.0,0.0,1.0,4.0,0.0,2.89966384049821,3.403514580812322,2.5306305516075005,2.550151146121887,2.7699804372863603,2.821210272326133,,,,,,,567,6,0.0,0.0,Goalkeeper,Spurs,38
Jurriën,Timber,J.Timber,Defender,ARS,13.829479487008186,16.966178344662296,25.0,25.0,Lack of match fitness - 25% chance of playing,6.0,15.2,0.0,24.8,149,0,5.0,0.0,0.17,0.06,0.23,,499.0,402.6,352.0,125.7,0.0,3,6,13,20,28,0.0,0.0,0.0,0.0,0.0,0.0,1.323360522489944,2.986935667615288,2.8431202891639376,3.4585423021543065,3.2175207055847093,3.1366988576541117,,,,,,,8,3,0.0,0.0,Defender,Arsenal,38
Loum,Tchaouna,Tchaouna,Midfielder,BUR,15.17625899581251,16.960710448805152,,,,4.8,0.0,0.0,12.3,59,5,2.0,0.0,0.09,0.07,0.16,,185.8,231.1,173.0,59.3,74.0,2,2,2,24,14,2.0,2.4324324324324325,0.0,0.0,2.0,0.0,2.840364158865297,4.852128048683446,2.243790580274988,2.4534681723023795,2.786508035686399,1.7844514529926416,,,,,,,210,90,2.0,2.4324324324324325,Midfielder,Burnley,38
Rico,Lewis,Lewis,Defender,MCI,15.161152455920128,16.949260560179294,100.0,100.0,,4.6,1.2,0.0,4.1,19,0,1.7,0.0,0.04,0.31,0.35,,70.8,112.5,55.0,23.8,90.0,0,1,1,7,4,0.0,0.0,0.0,0.0,5.0,0.0,4.085332410766377,2.9311253507269854,2.994470334378157,2.6009209739166854,2.5493033861319248,1.7881081042591676,,,,,,,410,43,0.0,0.0,Defender,Man City,38
Timothy,Castagne,Castagne,Defender,FUL,15.195796339284144,16.945729016599046,,,,4.3,0.2,0.0,14.2,61,8,2.0,0.0,0.07,0.07,0.14,,373.0,292.2,195.0,86.2,90.0,0,2,3,31,20,6.0,6.0,2.0,4.0,2.0,0.0,3.3174866435304984,3.866385613147491,3.010084966750362,2.4462849111438385,2.555554204711953,1.7499326773149015,,,,,,,319,54,6.0,6.0,Defender,Fulham,38
Ian,Maatsen,Maatsen,Defender,AVL,14.799779738874651,16.945480760463184,,,,4.2,0.5,0.0,12.9,54,5,1.8,0.0,0.07,0.14,0.21,,336.6,373.4,231.0,94.3,90.0,0,1,2,27,17,14.0,14.0,4.0,10.0,3.0,2.0,3.43294805579393,2.9463447345227283,2.363618522614793,3.5814054661385724,2.4754629598046263,2.1457010215885335,,,,,,,39,7,14.0,14.0,Defender,Aston Villa,38
Merlin,Röhl,Röhl,Midfielder,EVE,13.866650461037938,16.94118610982931,100.0,100.0,,5.0,0.0,0.0,7.2,36,2,2.2,0.0,0.09,0.05,0.14,,113.0,87.4,62.0,26.3,61.0,1,1,2,13,6,4.0,5.9016393442622945,2.0,1.0,1.0,0.0,3.213630301948905,3.304498438192592,2.174819696843553,2.682076460265229,2.4916255637876583,3.0745356487913726,,,,,,,728,11,4.0,5.9016393442622945,Midfielder,Everton,38
Lewis,Hall,Hall,Defender,NEW,15.272934109150528,16.900945259317865,100.0,100.0,,5.3,3.3,0.0,14.9,79,1,2.6,0.0,0.04,0.11,0.15,,550.2,433.6,196.0,118.0,90.0,1,2,4,39,24,7.0,7.0,1.0,6.0,5.0,0.0,3.6552979520409625,3.6114515626484525,2.9921371191016695,2.5798713641870474,2.4341761111723947,1.6280111501673367,,,,,,,473,4,7.0,7.0,Defender,Newcastle,38
Gianluigi,Donnarumma,Donnarumma,Goalkeeper,MCI,14.041878564085074,16.896626706671,,,,5.6,9.3,0.0,24.1,135,0,4.0,0.0,0.0,0.0,0.0,,666.6,10.3,2.0,68.0,0.0,0,0,15,29,34,0.0,0.0,0.0,0.0,0.0,0.0,1.6522878206733724,4.181927966080826,2.2689294020106097,3.0052472354618196,2.933486139858446,2.8547481425859274,,,,,,,736,43,0.0,0.0,Goalkeeper,Man City,38
Tyrone,Mings,Mings,Defender,AVL,14.718752299854025,16.887729450337723,100.0,100.0,,4.3,0.6,0.0,11.6,50,4,2.9,0.0,0.09,0.03,0.12,,282.6,80.5,105.0,46.8,90.0,0,1,3,23,15,11.0,11.0,1.0,10.0,1.0,2.0,3.406979394408804,3.1949808448079176,3.028179997185239,2.689930595520554,2.398681467931511,2.168977150483699,,,,,,,40,7,11.0,11.0,Defender,Aston Villa,38
Myles,Lewis-Skelly,Lewis-Skelly,Defender,ARS,13.816263811150616,16.87007721326794,,,,5.0,1.9,0.0,5.8,29,2,1.4,0.0,0.01,0.03,0.04,,73.2,74.6,29.0,17.6,90.0,0,0,2,8,5,1.0,1.0,0.0,1.0,5.0,0.0,2.938293697219052,2.563926237194223,2.9134332550906814,2.7303088655206045,2.6703017561260554,3.053813402117323,,,,,,,10,3,1.0,1.0,Defender,Arsenal,38
Noussair,Mazraoui,Mazraoui,Defender,MUN,13.92268840539553,16.85501169273149,100.0,100.0,,4.9,0.3,0.0,10.8,53,6,2.6,0.0,0.02,0.03,0.05,,209.0,122.4,37.0,36.8,73.0,0,0,5,10,11,5.0,6.164383561643835,1.0,4.0,4.0,0.0,3.381308013737032,2.9542788669243976,1.928855095534616,2.9033693107814065,2.7548771184180794,2.932323287335962,,,,,,,438,1,5.0,6.164383561643835,Defender,Man Utd,38
Vitalii,Mykolenko,Mykolenko,Defender,EVE,14.419905747233543,16.854154425020468,100.0,100.0,,4.9,0.7,0.0,19.4,95,2,2.9,0.0,0.01,0.07,0.08,,559.2,394.1,71.0,102.3,90.0,0,1,9,47,33,6.0,6.0,3.0,3.0,2.0,0.0,3.3279195344962225,3.2320786854252166,2.8399057704756405,2.639076987173725,2.3809247696627365,2.4342486777869254,,,,,,,292,11,6.0,6.0,Defender,Everton,38
Ibrahima,Konaté,Konaté,Defender,LIV,14.522694459604992,16.852075685871473,100.0,100.0,,5.4,3.8,0.0,23.9,129,1,3.6,0.0,0.03,0.03,0.06,,779.2,160.5,119.0,106.1,88.0,1,0,10,45,36,4.0,4.090909090909091,1.0,3.0,7.0,0.0,3.8128672801792027,2.7577797459883446,2.95898018794029,2.5167479118771405,2.4763193336200158,2.3293812262664817,,,,,,,374,14,4.0,4.090909090909091,Defender,Liverpool,38
Nikola,Milenković,Milenković,Defender,NFO,15.239639341440556,16.81752467779392,,,,5.1,3.3,0.0,23.3,119,4,3.1,0.0,0.02,0.02,0.04,,680.4,66.9,120.0,86.9,90.0,0,1,9,51,37,10.0,10.0,1.0,9.0,4.0,2.0,3.541163154767743,3.3560528652308705,2.903416472107539,2.7701857607170375,2.6688210886173653,1.5778853363533634,,,,,,,505,17,10.0,10.0,Defender,Nott'm Forest,38
Liam,Delap,Delap,Forward,CHE,13.065557293333896,16.782155431648405,100.0,100.0,,6.2,0.9,0.0,7.3,45,1,1.6,0.0,0.37,0.02,0.39,,67.8,73.7,349.0,47.3,5.0,1,2,2,18,12,1.0,18.0,0.0,0.0,1.0,0.0,2.5614421429922984,2.925886416083251,2.3629846853592054,2.720226766487543,2.4950172824115997,3.716598138314508,,,,,,,250,8,1.0,18.0,Forward,Chelsea,38
Will,Hughes,Hughes,Midfielder,CRY,14.480500716016603,16.698562700792817,100.0,100.0,,4.7,0.1,0.0,9.6,45,2,1.5,0.0,0.06,0.11,0.17,,198.0,322.9,90.0,60.9,90.0,0,1,5,18,19,5.0,5.0,2.0,2.0,1.0,0.0,3.0115307558466893,2.943954949735375,3.6704869075634288,2.675564241782654,2.1789638610884574,2.2180619847762135,,,,,,,270,31,5.0,5.0,Midfielder,Crystal Palace,38
Mathys,Tel,Tel,Midfielder,TOT,14.399043350660158,16.69813330934771,100.0,100.0,,6.2,0.5,0.0,12.6,78,3,2.5,0.0,0.17,0.16,0.33,,303.4,457.2,312.0,107.6,72.0,4,2,3,23,13,6.0,7.5,1.0,1.0,4.0,0.0,3.456611778633953,3.2305836186833825,2.849297380256248,2.4633264729390327,2.399224100147542,2.2990899586875537,,,,,,,584,6,6.0,7.5,Midfielder,Spurs,38
Destiny,Udogie,Udogie,Defender,TOT,14.415479653543066,16.6892408487649,100.0,100.0,,4.3,0.3,0.0,6.7,29,7,1.4,0.0,0.01,0.05,0.06,,207.2,187.0,103.0,49.8,89.0,0,1,1,25,14,3.0,3.033707865168539,2.0,1.0,3.0,0.0,3.4363782940924255,3.006267080140038,2.6997166317676298,2.5294052752930285,2.743712372249944,2.2737611952218337,,,,,,,574,6,3.0,3.033707865168539,Defender,Spurs,38
Matty,Cash,Cash,Defender,AVL,13.755679538048339,16.686837082697174,100.0,100.0,,4.6,7.4,0.0,25.4,117,1,3.3,0.0,0.03,0.09,0.12,,643.0,510.7,221.0,137.5,45.0,3,3,8,38,34,1.0,2.0,0.0,1.0,2.0,0.0,3.5331113868187956,3.3403022509390636,1.9141639253963383,2.550175432406725,2.4179265424874163,2.9311575446488343,,,,,,,36,7,1.0,2.0,Defender,Aston Villa,38
Bashir,Humphreys,Humphreys,Defender,BUR,14.117304987933036,16.682616632557764,100.0,100.0,,3.9,0.1,0.0,12.1,47,2,2.4,0.0,0.02,0.04,0.06,,379.0,135.6,101.0,61.4,90.0,0,2,2,33,17,3.0,3.0,0.0,3.0,5.0,0.0,2.550146999611344,2.8128516623844053,3.122805942048808,2.6959393360823833,2.9355610478060927,2.565311644624728,,,,,,,193,90,3.0,3.0,Defender,Burnley,38
Martín,Zubimendi Ibáñez,Zubimendi,Midfielder,ARS,14.17633653584258,16.645041972996815,100.0,100.0,,4.9,2.7,0.0,27.1,133,2,3.5,0.0,0.09,0.07,0.16,,603.2,385.1,271.0,126.2,90.0,5,1,16,25,34,7.0,7.0,1.0,3.0,3.0,0.0,3.3618351851154107,2.6283306471234007,3.2672342361320625,2.544587820410361,2.3743486470613453,2.4687054371542327,,,,,,,26,3,7.0,7.0,Midfielder,Arsenal,38
Luke,Shaw,Shaw,Defender,MUN,14.33459216622036,16.64186766627703,100.0,100.0,,4.5,1.1,0.0,25.1,113,6,3.0,0.0,0.02,0.06,0.08,,560.2,314.8,97.0,97.4,81.0,1,1,10,45,38,6.0,6.666666666666666,2.0,4.0,2.0,0.0,3.5489605416933916,3.1336761757369214,2.64728412955183,2.6143954063590877,2.390275912879129,2.307275500056668,,,,,,,443,1,6.0,6.666666666666666,Defender,Man Utd,38
Lesley,Ugochukwu,Ugochukwu,Midfielder,BUR,14.048191385926234,16.61123352800994,100.0,100.0,,5.0,0.1,0.0,19.4,97,2,2.8,0.0,0.1,0.02,0.12,,412.2,181.5,210.0,80.2,74.0,3,3,3,51,27,5.0,6.081081081081082,0.0,1.0,4.0,0.0,2.863471908870184,3.310103469673004,2.6319838457832785,2.3746940126540528,2.8679381489457154,2.5630421420837064,,,,,,,676,90,5.0,6.081081081081082,Midfielder,Burnley,38
Adam,Armstrong,Armstrong,Forward,WOL,14.825004223969792,16.539915048232405,,,,5.1,0.1,0.0,7.6,39,7,2.8,0.0,0.22,0.07,0.29,,145.0,85.0,191.0,41.9,73.0,2,2,3,20,14,1.0,1.2328767123287672,0.0,0.0,1.0,0.0,2.9818629879866423,3.4115812676016897,2.4760460987852797,3.000369980072752,2.9551438895234305,1.7149108242626123,,,,,,,817,39,1.0,1.2328767123287672,Forward,Wolves,38
Jake,O'Brien,O'Brien,Defender,EVE,13.657022973978307,16.52819315446516,100.0,100.0,,4.9,0.7,0.0,23.7,116,1,3.1,0.0,0.05,0.03,0.08,,582.8,282.9,206.0,107.5,61.0,1,3,10,46,35,4.0,5.9016393442622945,1.0,3.0,1.0,0.0,3.269173043027464,3.252360675351804,1.9801904661758394,2.7833146268312143,2.3719841625919846,2.8711701804868537,,,,,,,293,11,4.0,5.9016393442622945,Defender,Everton,38
Michael,Keane,Keane,Defender,EVE,14.561227709498244,16.50548715465775,100.0,100.0,,4.5,3.1,0.0,29.1,131,4,4.0,0.0,0.08,0.02,0.1,,770.4,47.4,299.0,111.7,90.0,3,1,7,42,29,11.0,11.0,2.0,9.0,2.0,2.0,3.620900676635004,2.8758517087949236,2.6762019551199563,2.6481127861709304,2.740160582777432,1.9442594451595072,,,,,,,295,11,11.0,11.0,Defender,Everton,38
Gabriel,Fernando de Jesus,G.Jesus,Forward,ARS,13.841667818550206,16.47821713705749,100.0,100.0,,6.4,0.4,0.0,3.8,24,5,1.7,0.0,0.58,0.06,0.64,,141.8,54.3,281.0,47.5,74.0,3,0,1,6,3,3.0,3.6486486486486487,0.0,2.0,1.0,0.0,3.7000800517191315,2.7738153970015205,2.528842848591303,2.4232508727162214,2.4156786485220296,2.6365493185072846,,,,,,,31,3,3.0,3.6486486486486487,Forward,Arsenal,38
Patrick,Dorgu,Dorgu,Defender,MUN,14.091330814936107,16.463615354176085,100.0,100.0,,4.1,2.4,0.0,23.2,95,18,3.7,0.0,0.15,0.12,0.27,,469.0,394.2,341.0,120.3,61.0,4,4,4,20,15,1.0,1.4754098360655736,1.0,0.0,1.0,0.0,3.4664389309877426,3.1645533497183624,2.2160788044441784,2.5663009249092417,2.677958804876581,2.3722845392399776,,,,,,,441,1,1.0,1.4754098360655736,Defender,Man Utd,38
Tyler,Adams,Adams,Midfielder,BOU,14.09450819281069,16.444525912658232,100.0,100.0,,4.9,0.3,0.0,15.7,77,4,3.1,0.0,0.03,0.03,0.06,,387.0,158.2,115.0,66.3,90.0,2,2,7,28,21,17.0,17.0,6.0,2.0,9.0,2.0,3.322796110014761,2.911055496308265,2.792774147852525,2.689987475509432,2.377894963125705,2.350017719847542,,,,,,,85,91,17.0,17.0,Midfielder,Bournemouth,38
Tyrick,Mitchell,Mitchell,Defender,CRY,13.823144891325686,16.43349376131741,,,,5.0,2.3,0.0,27.0,135,1,3.6,0.0,0.04,0.07,0.11,,649.0,467.3,241.0,136.0,45.0,1,3,12,47,36,3.0,6.0,0.0,3.0,3.0,0.0,2.8315269321320407,3.954103448952096,1.8904213001549346,2.6590674668338377,2.488025743252779,2.6103488699917254,,,,,,,258,31,3.0,6.0,Defender,Crystal Palace,38
André,Trindade da Costa Neto,André,Midfielder,WOL,14.206475070366519,16.42938868842467,100.0,100.0,,5.2,0.1,0.0,18.5,96,4,2.7,0.0,0.02,0.03,0.05,,423.0,320.6,46.0,78.9,90.0,1,0,2,53,30,13.0,13.0,4.0,3.0,6.0,2.0,3.4922786982863676,3.242107592390103,2.924617465242822,2.237166031611138,2.310305282836091,2.2229136180581506,,,,,,,643,39,13.0,13.0,Midfielder,Wolves,38
Habib,Diarra,Diarra,Midfielder,SUN,13.295310642409516,16.388013738658195,100.0,100.0,,5.3,0.1,0.0,12.3,65,0,3.2,0.0,0.21,0.05,0.26,,166.2,153.8,234.0,53.9,29.0,2,6,5,19,15,2.0,6.206896551724138,0.0,0.0,2.0,0.0,2.705114074011818,2.7512729683149475,2.6683558124475755,2.85041239663978,2.320155390995394,3.0927030962486772,,,,,,,544,56,2.0,6.206896551724138,Midfielder,Sunderland,38
Reece,James,James,Defender,CHE,14.194365356420297,16.38713118377939,100.0,100.0,,5.6,6.0,0.0,20.5,115,1,4.0,0.0,0.05,0.15,0.2,,459.0,483.7,116.0,106.1,38.0,2,6,8,20,20,0.0,0.0,0.0,0.0,2.0,0.0,3.6787775681934853,2.932608771294896,1.7414941197481824,3.1647289366702456,2.676755960513488,2.192765827359092,,,,,,,225,8,0.0,0.0,Defender,Chelsea,38
Maxim,De Cuyper,De Cuyper,Defender,BHA,14.190970437075649,16.35210114103627,100.0,100.0,,4.3,1.7,0.0,19.5,84,0,2.8,0.0,0.11,0.26,0.37,,327.8,516.6,154.0,99.9,45.0,2,3,5,23,17,1.0,2.0,1.0,0.0,0.0,0.0,3.1523632943823867,3.143370710524772,2.123758850067235,3.295349303697212,2.4761282784040435,2.161130703960623,,,,,,,145,36,1.0,2.0,Defender,Brighton,38
Joško,Gvardiol,Gvardiol,Defender,MCI,13.2139820196162,16.35206010617136,100.0,100.0,,5.8,3.2,0.0,13.6,79,1,4.4,0.0,0.15,0.05,0.2,,369.0,109.5,218.0,69.8,12.0,2,2,6,13,16,1.0,7.5,0.0,1.0,1.0,0.0,2.564604534922988,2.6580088057036173,2.3426191410159034,2.9559975449651557,2.692751993008536,3.1380780865551627,,,,,,,403,43,1.0,7.5,Defender,Man City,38
Harry,Maguire,Maguire,Defender,MUN,14.526928102820245,16.322119504608285,100.0,100.0,,4.4,1.7,0.0,20.5,90,6,3.9,0.0,0.06,0.03,0.09,,381.6,62.5,184.0,63.0,90.0,1,2,7,20,19,7.0,7.0,1.0,6.0,2.0,0.0,3.535635164778042,3.290319651745421,2.629467027173328,2.6245601606205,2.4469460985029543,1.7951914017880393,,,,,,,442,1,7.0,7.0,Defender,Man Utd,38
Jayden,Bogle,Bogle,Defender,LEE,14.58932416429839,16.310569793529154,75.0,100.0,,4.4,0.4,0.0,21.8,96,2,2.8,0.0,0.07,0.1,0.17,,436.0,346.1,218.0,100.3,77.0,1,5,6,44,32,8.0,9.350649350649352,4.0,4.0,2.0,0.0,4.009855975972549,3.5674495913735913,1.7875906804529684,2.875500669883536,2.3489272466157436,1.721245629230764,,,,,,,342,2,8.0,9.350649350649352,Defender,Leeds,38
Djed,Spence,Spence,Defender,TOT,13.992504453131165,16.308633405053328,100.0,100.0,,4.1,0.9,0.0,19.0,78,6,2.6,0.0,0.04,0.08,0.12,,291.0,209.7,207.0,70.5,90.0,0,0,9,31,23,3.0,3.0,2.0,1.0,5.0,0.0,3.1539904231785174,2.6833335023005858,3.2294041117533174,2.33092350521362,2.5948529106851255,2.3161289519221615,,,,,,,573,6,3.0,3.0,Defender,Spurs,38
Wilson,Isidor,Isidor,Forward,SUN,13.37365637700815,16.302702258405432,100.0,100.0,,5.0,1.3,0.0,14.8,74,1,2.3,0.0,0.37,0.03,0.4,,242.0,30.4,444.0,71.5,29.0,6,1,4,17,11,1.0,3.103448275862069,1.0,0.0,0.0,0.0,2.4829874111816688,2.6997399830764586,3.1021313469799607,2.579343566873675,2.509454068896387,2.929045881397282,,,,,,,560,56,1.0,3.103448275862069,Forward,Sunderland,38
Yankuba,Minteh,Minteh,Midfielder,BHA,13.299166056726635,16.269105640380587,100.0,100.0,,5.5,2.5,0.0,21.3,117,1,3.4,0.0,0.14,0.19,0.33,,491.8,691.4,617.0,180.3,45.0,3,8,11,33,26,3.0,6.0,3.0,0.0,0.0,0.0,3.6663621087244374,3.2994775449493123,2.2429915528209152,1.7080496842968413,2.3822851659351283,2.969939583653953,,,,,,,160,36,3.0,6.0,Midfielder,Brighton,38
Neco,Williams,N.Williams,Defender,NFO,14.040922626334812,16.26675893195104,100.0,100.0,,4.8,4.2,0.0,26.7,128,2,3.5,0.0,0.06,0.11,0.17,,804.0,572.3,380.0,175.6,90.0,2,3,9,48,36,8.0,8.0,2.0,6.0,6.0,0.0,3.576543698296541,2.580590129377877,3.0561287718488512,2.498753105671067,2.328906921140475,2.2258363056162285,,,,,,,508,17,8.0,8.0,Defender,Nott'm Forest,38
Hannibal,Mejbri,Hannibal,Midfielder,BUR,14.403915790915619,16.221385651083022,100.0,100.0,,4.7,0.1,0.0,12.6,59,1,2.2,0.0,0.07,0.15,0.22,,252.8,330.9,128.0,71.0,65.0,1,5,2,27,15,5.0,6.923076923076923,1.0,1.0,3.0,0.0,3.4069642230929733,3.3986791252920594,2.3633684955661,2.660638598913131,2.574265348051356,1.8174698601674024,,,,,,,207,90,5.0,6.923076923076923,Midfielder,Burnley,38
Curtis,Jones,C.Jones,Midfielder,LIV,13.634944463619346,16.178151928005096,100.0,100.0,,5.4,0.1,0.0,15.0,81,10,2.4,0.0,0.1,0.13,0.23,,407.4,412.1,227.0,104.6,90.0,1,3,3,37,18,11.0,11.0,1.0,5.0,5.0,0.0,3.6029248752146366,2.7728365313866448,2.4277818146917967,2.1251072337037185,2.7062940086225513,2.5432074643857496,,,,,,,388,14,11.0,11.0,Midfielder,Liverpool,38
Jaydee,Canvot,Canvot,Defender,CRY,13.355600672011052,16.16769850359537,100.0,100.0,,4.5,0.5,0.0,16.0,72,0,3.6,0.0,0.1,0.02,0.12,,362.4,63.8,56.0,48.1,0.0,0,0,5,23,14,0.0,0.0,0.0,0.0,0.0,0.0,2.18214085308134,3.1791114055934058,2.618253553589594,2.8204819045774494,2.5556129551692632,2.812097831584319,,,,,,,723,31,0.0,0.0,Defender,Crystal Palace,38
Ryan,Yates,Yates,Midfielder,NFO,13.10367344816991,16.13877456993086,100.0,100.0,,4.7,0.1,0.0,6.4,30,1,1.4,0.0,0.07,0.06,0.13,,139.0,79.7,55.0,27.2,25.0,0,2,0,7,2,6.0,21.599999999999998,2.0,2.0,2.0,0.0,2.516667748750999,2.742792655468079,2.525129522133814,2.752017736284195,2.5670657855328214,3.0351011217609503,,,,,,,522,17,6.0,21.599999999999998,Midfielder,Nott'm Forest,38
Ross,Barkley,Barkley,Midfielder,AVL,14.219581081944279,16.098682806153356,100.0,100.0,,4.8,0.1,0.0,11.7,56,5,2.7,0.0,0.17,0.13,0.3,,227.8,162.3,191.0,58.1,85.0,3,2,1,15,7,3.0,3.1764705882352944,2.0,0.0,1.0,0.0,2.93164064832762,3.508299959362285,2.983163925821593,2.556630969438161,2.23984557899462,1.8791017242090777,,,,,,,55,7,3.0,3.1764705882352944,Midfielder,Aston Villa,38
Nilson,Angulo,Angulo,Midfielder,SUN,13.796889185285554,16.08802603267007,100.0,100.0,,5.0,0.0,0.0,2.6,13,1,1.6,0.0,0.17,0.03,0.2,,45.4,44.3,89.0,17.8,60.0,0,0,1,6,5,10.0,15.0,2.0,5.0,3.0,0.0,3.226190740764421,3.0875466217815553,2.3795084597963827,2.299555805825221,2.8040875571179735,2.2911368473845144,,,,,,,813,56,10.0,15.0,Midfielder,Sunderland,38
El Hadji Malick,Diouf,Diouf,Defender,WHU,14.348063817746755,16.084129190059596,100.0,100.0,,4.1,2.4,0.0,25.4,104,6,3.2,0.0,0.02,0.08,0.1,,583.6,480.2,133.0,119.8,90.0,0,6,9,47,30,8.0,8.0,1.0,7.0,7.0,0.0,3.4726514848344294,3.186270736736451,2.847029832375719,2.5670235033871207,2.275088260413035,1.7360653723128394,,,,,,,603,21,8.0,8.0,Defender,West Ham,38
Rodrigo,Bentancur,Bentancur,Midfielder,TOT,13.456544132884702,16.057670709333483,100.0,100.0,,5.2,0.2,0.0,16.5,86,5,3.3,0.0,0.03,0.04,0.07,,349.0,197.8,124.0,67.4,81.0,1,1,8,25,23,14.0,15.555555555555555,3.0,4.0,7.0,2.0,3.094982333242588,3.0431940429870177,2.5449662688938917,2.241136187481276,2.53226530027993,2.60112657644878,,,,,,,585,6,14.0,15.555555555555555,Midfielder,Spurs,38
Victor,Lindelöf,Lindelöf,Defender,AVL,12.806596828405974,16.044462564466112,100.0,100.0,,4.5,0.1,0.0,6.4,29,2,1.7,0.0,0.03,0.01,0.04,,167.8,36.6,22.0,22.7,72.0,0,1,1,15,11,5.0,6.25,1.0,4.0,3.0,0.0,2.748410258315666,3.0119038395194377,1.9956728970468627,2.334228795578671,2.7163810379453377,3.237865736060137,,,,,,,719,7,5.0,6.25,Defender,Aston Villa,38
Maxence,Lacroix,Lacroix,Defender,CRY,13.569862323424863,16.03675048655882,100.0,100.0,,5.2,7.1,0.0,29.6,154,0,4.4,0.0,0.07,0.02,0.09,,822.0,106.4,316.0,124.3,0.0,1,2,11,47,35,0.0,0.0,0.0,0.0,0.0,0.0,2.1711456911229305,3.4765463368452534,2.406271405373306,2.838430394866383,2.67746849521699,2.4668881631339583,,,,,,,257,31,0.0,0.0,Defender,Crystal Palace,38
Nico,González Iglesias,N.Gonzalez,Midfielder,MCI,13.958070037920182,16.026692900483418,100.0,100.0,,5.9,0.1,0.0,10.7,63,4,2.5,0.0,0.04,0.06,0.1,,309.8,234.1,72.0,61.5,90.0,1,0,7,18,17,14.0,14.0,3.0,4.0,7.0,2.0,3.0764353834234726,3.0621112921808358,2.9096936402782823,2.5513620849663448,2.3584676370712465,2.0686228625632346,,,,,,,423,43,14.0,14.0,Midfielder,Man City,38
Jacob,Ramsey,J.Ramsey,Midfielder,NEW,13.881516619473782,15.994962016252645,100.0,100.0,,5.3,0.3,0.0,11.7,62,4,2.2,0.0,0.07,0.09,0.16,,304.4,330.3,165.0,79.9,90.0,2,3,1,31,15,14.0,14.0,5.0,3.0,6.0,2.0,3.47595781597254,2.8552744137254673,3.0403896899149667,2.2917979319275177,2.2180967679332912,2.1134453967788622,,,,,,,52,4,14.0,14.0,Midfielder,Newcastle,38
Mats,Wieffer,Wieffer,Midfielder,BHA,13.602647950123608,15.99343420446774,100.0,100.0,,4.8,0.3,0.0,19.6,94,2,3.6,0.0,0.09,0.09,0.18,,477.0,291.1,209.0,97.7,90.0,2,4,6,26,23,5.0,5.0,2.0,1.0,2.0,0.0,2.7904299958693657,2.564841660717031,3.2317489471303924,2.430618553048871,2.5850087933579484,2.3907862543441323,,,,,,,173,36,5.0,5.0,Midfielder,Brighton,38
Tolu,Arokodare,Tolu,Forward,WOL,13.272931717070259,15.963039414755311,,,,5.1,0.1,0.0,12.9,66,1,2.0,0.0,0.35,0.03,0.38,,252.4,178.4,561.0,98.2,24.0,3,2,3,28,13,2.0,7.5,0.0,2.0,0.0,0.0,2.3517415642192527,2.774684364783381,2.5132954374119043,2.777952123499211,2.8552582271565097,2.690107697685052,,,,,,,720,39,2.0,7.5,Forward,Wolves,38
Pau,Torres,Pau,Defender,AVL,13.169784090989994,15.939899121344537,100.0,100.0,,4.3,0.3,0.0,14.9,64,1,3.0,0.0,0.07,0.02,0.09,,321.8,47.1,79.0,45.1,17.0,0,2,5,19,18,3.0,15.882352941176471,0.0,3.0,0.0,0.0,2.75619561305756,2.987883389000852,2.6530091358855876,2.359096309169603,2.413599643876392,2.770115030354543,,,,,,,41,7,3.0,15.882352941176471,Defender,Aston Villa,38
Hugo,Ekitiké,Ekitiké,Forward,LIV,12.678188313097612,15.920777772774436,0.0,0.0,Achilles injury - Expected back 01 Jul,9.0,15.7,0.0,13.9,125,0,4.5,0.0,0.51,0.12,0.63,,525.8,307.2,739.0,156.2,0.0,11,4,7,25,21,0.0,0.0,0.0,0.0,0.0,0.0,0.6699046509356978,2.305364302063454,2.5065626794827307,3.701287452026608,3.495069228589122,3.2425894596768225,,,,,,,661,14,0.0,0.0,Forward,Liverpool,38
Nathan,Aké,Aké,Defender,MCI,14.154700814270079,15.895499131896141,,,,5.2,0.6,0.0,6.9,36,1,2.0,0.0,0.09,0.07,0.16,,132.4,111.7,78.0,32.4,76.0,0,0,3,9,6,1.0,1.1842105263157894,0.0,1.0,3.0,0.0,3.0889098041207457,3.9359383612224654,2.0949852000764557,2.520526243609713,2.514341205240697,1.7407983176260613,,,,,,,405,43,1.0,1.1842105263157894,Defender,Man City,38
Omari,Hutchinson,Hutchinson,Midfielder,NFO,14.03713989419063,15.891447661032922,,,,5.4,0.1,0.0,15.2,82,5,2.6,0.0,0.11,0.21,0.32,,333.6,527.1,356.0,121.6,77.0,1,7,6,24,17,6.0,7.012987012987013,3.0,0.0,3.0,0.0,3.010563973872708,3.385987766513855,2.0925122684135644,3.0974670243203457,2.4506088610701586,1.8543077668422916,,,,,,,693,17,6.0,7.012987012987013,Midfielder,Nott'm Forest,38
James,Trafford,Trafford,Goalkeeper,MCI,13.338491081919727,15.836696180232735,,,,4.5,0.9,0.0,2.9,13,2,3.2,0.0,0.0,0.0,0.0,,118.0,0.0,0.0,11.9,90.0,0,0,1,6,4,0.0,0.0,0.0,0.0,2.0,0.0,3.2357891184983303,3.5259265427895468,2.499939252242198,1.637157104674384,2.4396790637152668,2.498205098313007,,,,,,,182,43,0.0,0.0,Goalkeeper,Man City,38
Yoane,Wissa,Wissa,Forward,NEW,12.407610329821846,15.810538839517424,100.0,100.0,,7.3,0.6,0.0,3.7,27,0,1.4,0.0,0.54,0.09,0.63,,58.0,46.7,163.0,25.5,24.0,1,1,1,11,4,1.0,3.75,0.0,0.0,1.0,0.0,2.231451856662818,2.63921129823923,2.711690120625167,2.626513509892601,2.1987435444020313,3.402928509695578,,,,,,,135,4,1.0,3.75,Forward,Newcastle,38
Emiliano,Martínez Romero,Martinez,Goalkeeper,AVL,12.825026558358493,15.805167513816897,100.0,100.0,,5.0,4.4,0.0,24.0,120,0,3.8,0.0,0.0,0.0,0.0,,769.8,23.2,0.0,79.2,0.0,0,1,7,39,32,0.0,0.0,0.0,0.0,0.0,0.0,2.0959567097580756,2.5806784184857037,2.6432898405439413,2.757349677315542,2.7477519122552305,2.980140955458404,,,,,,,32,7,0.0,0.0,Goalkeeper,Aston Villa,38
Pascal,Groß,Groß,Midfielder,BHA,14.22109702829219,15.767688178440837,,,,5.6,3.0,0.0,13.9,78,2,4.1,0.0,0.08,0.22,0.3,,397.2,668.2,220.0,128.5,90.0,1,6,6,17,18,7.0,7.0,0.0,2.0,5.0,0.0,3.235125303253034,3.765796092506676,2.5235791237832936,2.28025010991395,2.4163463988352363,1.5465911501486471,,,,,,,783,36,7.0,7.0,Midfielder,Brighton,38
Jaka,Bijol,Bijol,Defender,LEE,13.448769306416374,15.717945096249352,100.0,100.0,,3.9,1.3,0.0,25.4,99,1,4.0,0.0,0.04,0.04,0.08,,531.8,84.5,243.0,86.0,69.0,1,3,5,26,21,9.0,11.739130434782608,1.0,8.0,2.0,0.0,3.349397224921081,3.3054507282839323,1.7218559305798595,2.687705456288345,2.384359966343154,2.2691757898329774,,,,,,,344,2,9.0,11.739130434782608,Defender,Leeds,38
Conor,Gallagher,Gallagher,Midfielder,TOT,13.330218582117716,15.700407825103472,100.0,100.0,,5.0,0.2,0.0,8.8,44,3,2.8,0.0,0.09,0.05,0.14,,190.6,205.9,154.0,55.1,81.0,1,1,2,23,14,8.0,8.88888888888889,2.0,1.0,5.0,0.0,3.7733623544824955,2.9390568837926163,2.229506841042768,1.9866054182897592,2.401687084510076,2.370189242985755,,,,,,,796,6,8.0,8.88888888888889,Midfielder,Spurs,38
Bernardo,Mota Veiga de Carvalho e Silva,Bernardo,Midfielder,MCI,13.53778105056475,15.669481247437048,100.0,100.0,,6.2,0.7,0.0,16.5,102,1,2.7,0.0,0.09,0.13,0.22,,514.0,809.0,353.0,167.8,58.0,2,4,13,30,34,8.0,12.413793103448276,4.0,2.0,2.0,0.0,3.5148844715541245,2.7338498491340046,2.575514993809876,2.429786583934181,2.283745152132565,2.1317001968722975,,,,,,,416,43,8.0,12.413793103448276,Midfielder,Man City,38
Amadou,Onana,Onana,Midfielder,AVL,12.54591506277163,15.645992215879003,100.0,100.0,,4.8,0.6,0.0,15.8,76,1,3.0,0.0,0.09,0.04,0.13,,413.2,152.6,178.0,74.4,17.0,2,0,6,26,21,2.0,10.588235294117647,1.0,1.0,0.0,0.0,2.4798056102191914,2.6565396073346577,2.719719726056399,2.1938459454502186,2.4960041737111647,3.100077153107373,,,,,,,59,7,2.0,10.588235294117647,Midfielder,Aston Villa,38
Granit,Xhaka,Xhaka,Midfielder,SUN,13.996942918015776,15.619423057525958,100.0,100.0,,5.1,3.2,0.0,24.3,124,1,3.6,0.0,0.03,0.12,0.15,,685.0,595.3,101.0,138.1,90.0,1,6,9,39,32,10.0,10.0,0.0,3.0,7.0,0.0,3.6911062700178046,2.914255598739598,3.124082900280084,1.9344452172836824,2.333052931694608,1.622480139510182,,,,,,,668,56,10.0,10.0,Midfielder,Sunderland,38
Mikkel,Damsgaard,Damsgaard,Midfielder,BRE,13.26618386069788,15.589391993717655,100.0,100.0,,5.6,0.8,0.0,20.2,113,1,3.4,0.0,0.11,0.24,0.35,,530.6,691.3,326.0,155.0,7.0,4,4,5,32,24,2.0,25.714285714285715,0.0,1.0,1.0,0.0,2.7083857220776424,2.7656392794369924,2.3342892576425847,2.8150062824844246,2.6428633190562376,2.323208133019774,,,,,,,121,94,2.0,25.714285714285715,Midfielder,Brentford,38
Jérémy,Doku,Doku,Midfielder,MCI,12.718223550294717,15.52441828626672,100.0,100.0,,6.5,6.6,0.0,18.5,120,1,4.0,0.0,0.15,0.3,0.45,,540.2,841.6,645.0,202.5,13.0,5,8,8,18,19,0.0,0.0,0.0,0.0,0.0,0.0,2.863130539544682,3.1379405536570815,2.043302959891419,2.157974071976569,2.5158754252249667,2.806194735972002,,,,,,,418,43,0.0,0.0,Midfielder,Man City,38
Carlos,Baleba,Baleba,Midfielder,BHA,13.31826263864643,15.523001498255256,100.0,100.0,,4.5,1.5,0.0,12.4,56,1,1.8,0.0,0.04,0.04,0.08,,166.8,156.3,44.0,36.8,31.0,0,0,7,19,23,9.0,26.129032258064516,2.0,1.0,6.0,0.0,2.8942418005072588,2.9830409281364783,2.3850626359174005,2.689267105666378,2.366650168418916,2.2047388596088258,,,,,,,167,36,9.0,26.129032258064516,Midfielder,Brighton,38
Brennan,Johnson,Johnson,Midfielder,CRY,12.97444654912811,15.511932925159247,,,,6.5,2.4,0.0,10.0,65,0,1.9,0.0,0.13,0.07,0.2,,223.4,311.1,230.0,75.8,0.0,2,1,6,24,19,0.0,0.0,0.0,0.0,0.0,0.0,1.5738529074290701,4.444612338951744,2.1090654888366425,2.025553333934252,2.8213624799764014,2.5374863760311355,,,,,,,580,31,0.0,0.0,Midfielder,Crystal Palace,38
Tim,Iroegbunam,Iroegbunam,Midfielder,EVE,13.160437936001731,15.496339728391167,100.0,100.0,,4.8,0.0,0.0,14.2,68,4,2.3,0.0,0.03,0.04,0.07,,255.0,125.2,81.0,45.9,83.0,0,3,8,18,17,13.0,14.096385542168674,3.0,5.0,5.0,2.0,3.0836044545975145,2.976276149260214,2.5668878689112047,2.3579146931666344,2.1757547700661632,2.3359017923894365,,,,,,,304,11,13.0,14.096385542168674,Midfielder,Everton,38
Ryan,Gravenberch,Gravenberch,Midfielder,LIV,13.068982302311344,15.492722825758175,100.0,100.0,,5.4,3.7,0.0,26.7,144,2,4.0,0.0,0.06,0.07,0.13,,687.0,497.2,220.0,140.1,82.0,5,5,9,42,34,7.0,7.682926829268292,3.0,2.0,2.0,0.0,3.341303368391079,2.594628687177411,2.6608627029118894,2.3365146873161864,2.1356728565147796,2.423740523446832,,,,,,,390,14,7.0,7.682926829268292,Midfielder,Liverpool,38
Guglielmo,Vicario,Vicario,Goalkeeper,TOT,12.586663666192646,15.461005058166844,100.0,100.0,,4.7,4.7,0.0,19.1,90,0,2.9,0.0,0.0,0.0,0.0,,709.2,10.1,0.0,72.2,0.0,0,0,7,50,31,0.0,0.0,0.0,0.0,0.0,0.0,1.9004859672405,2.8367483719905446,2.603435095417554,2.656608287417294,2.5893859441267546,2.8743413919741982,,,,,,,565,6,0.0,0.0,Goalkeeper,Spurs,38
Joël,Veltman,Veltman,Defender,BHA,12.524602903560107,15.442987899936686,100.0,100.0,,4.3,0.1,0.0,10.7,46,0,1.9,0.0,0.1,0.02,0.12,,247.0,80.5,68.0,39.6,0.0,1,0,2,13,9,0.0,0.0,0.0,0.0,0.0,0.0,1.9925286308378445,3.029535910284574,2.362150067073174,2.738281162893202,2.402107132471313,2.91838499637658,,,,,,,152,36,0.0,0.0,Defender,Brighton,38
Toti,Gomes,Toti,Defender,WOL,12.622131832230753,15.438002495641715,100.0,100.0,,4.2,0.1,0.0,9.8,41,1,2.2,0.0,0.03,0.02,0.05,,349.0,92.7,73.0,51.7,24.0,0,0,1,33,17,1.0,3.75,0.0,1.0,1.0,0.0,2.7700830805963776,2.58576880576014,2.0467940613242366,2.473960562937648,2.7455253216123516,2.815870663410961,,,,,,,637,39,1.0,3.75,Defender,Wolves,38
Piero,Hincapié,Hincapie,Defender,ARS,13.762234159693104,15.434625068817725,100.0,100.0,,5.1,0.9,0.0,17.1,87,2,3.5,0.0,0.02,0.08,0.1,,453.6,184.7,72.0,70.9,90.0,1,2,5,19,20,5.0,5.0,0.0,5.0,4.0,0.0,3.180685430865295,2.8354434147301064,2.4296614705091395,3.013741660723845,2.3027021828647176,1.6723909091246205,,,,,,,725,3,5.0,5.0,Defender,Arsenal,38
Randal,Kolo Muani,Kolo Muani,Forward,TOT,13.151917166498041,15.433908670893988,100.0,100.0,,6.9,0.4,0.0,7.5,52,1,1.7,0.0,0.11,0.09,0.2,,169.6,267.3,287.0,71.0,17.0,1,1,4,31,21,1.0,5.294117647058823,1.0,0.0,0.0,0.0,2.7334625473773397,2.758723187421248,2.34996805512805,2.854295437350472,2.4554679392209313,2.2819915043959473,,,,,,,726,6,1.0,5.294117647058823,Forward,Spurs,38
John,McGinn,McGinn,Midfielder,AVL,12.725157616990964,15.396433706249379,100.0,100.0,,5.3,0.7,0.0,19.4,103,1,3.4,0.0,0.13,0.17,0.3,,459.8,605.3,309.0,137.3,4.0,5,4,8,28,28,2.0,45.0,1.0,0.0,1.0,0.0,2.502042594099632,3.040519771569115,2.112872493187065,2.638141268637968,2.431581489497185,2.6712760892584146,,,,,,,54,7,2.0,45.0,Midfielder,Aston Villa,38
Milos,Kerkez,Kerkez,Defender,LIV,12.472205943555036,15.3629804865433,100.0,100.0,,5.6,2.9,0.0,15.2,85,1,2.5,0.0,0.06,0.03,0.09,,434.6,415.8,141.0,99.4,7.0,2,1,6,37,27,2.0,25.714285714285715,0.0,2.0,1.0,0.0,2.286415360590227,2.8226080376093075,2.4966895115096737,2.4071081498579074,2.45938488398792,2.8907745429882654,,,,,,,371,14,2.0,25.714285714285715,Defender,Liverpool,38
Giorgi,Mamardashvili,Mamardashvili,Goalkeeper,LIV,12.148414670901056,15.34987504256818,100.0,100.0,,4.1,0.7,0.0,8.3,34,0,3.4,0.0,0.0,0.0,0.0,,275.6,0.0,0.0,27.5,0.0,0,0,2,18,10,0.0,0.0,0.0,0.0,0.0,0.0,1.9460406954337715,2.9079592311614815,2.4246474546998495,2.3368886496766663,2.5328786399292884,3.201460371667123,,,,,,,367,14,0.0,0.0,Goalkeeper,Liverpool,38
Marco,Bizot,M.Bizot,Goalkeeper,AVL,12.882075238838194,15.339254451481061,100.0,100.0,,4.2,0.4,0.0,3.8,16,2,2.3,0.0,0.0,0.0,0.0,,139.2,0.0,0.0,13.9,90.0,0,0,1,10,6,0.0,0.0,0.0,3.0,3.0,0.0,3.5256535120299075,2.60595011658423,2.4004545349848536,1.8846290235336975,2.4653880517055065,2.457179212642866,,,,,,,33,7,0.0,0.0,Goalkeeper,Aston Villa,38
Aaron,Wan-Bissaka,Wan-Bissaka,Defender,WHU,12.337839483658467,15.327004564968735,100.0,100.0,,4.1,4.3,0.0,16.3,67,0,2.7,0.0,0.0,0.04,0.04,,432.0,305.6,30.0,77.2,0.0,0,3,3,43,23,0.0,0.0,0.0,0.0,0.0,0.0,1.9524350198480553,3.068007561045706,2.2970022068082727,2.434971703411512,2.5854229925449213,2.989165081310269,,,,,,,610,21,0.0,0.0,Defender,West Ham,38
Nicolás,Domínguez,Dominguez,Midfielder,NFO,12.871080661811263,15.317259456182871,100.0,100.0,,5.0,0.0,0.0,9.6,48,1,1.8,0.0,0.11,0.06,0.17,,264.8,193.5,138.0,59.7,25.0,1,1,3,20,17,3.0,10.799999999999999,2.0,0.0,1.0,0.0,2.828281302624357,2.771296009101515,2.2797762243808224,2.716933397445631,2.274793728258939,2.4461787943716087,,,,,,,519,17,3.0,10.799999999999999,Midfielder,Nott'm Forest,38
Joe,Willock,Willock,Midfielder,NEW,13.207022546600395,15.307461926143237,100.0,100.0,,5.0,0.1,0.0,7.6,38,2,1.6,0.0,0.12,0.1,0.22,,145.4,205.8,204.0,55.5,90.0,0,2,3,18,10,6.0,6.0,2.0,3.0,1.0,0.0,3.2165269314423677,2.9184973076097385,2.5959788079421053,2.4977223297638407,1.9782971698423437,2.1004393795428404,,,,,,,494,4,6.0,6.0,Midfielder,Newcastle,38
Antonee,Robinson,Robinson,Defender,FUL,13.675463440814672,15.282965576268467,100.0,100.0,,4.9,0.9,0.0,13.3,65,6,3.0,0.0,0.06,0.1,0.16,,375.0,334.6,82.0,79.3,90.0,1,0,4,19,17,7.0,7.0,3.0,4.0,4.0,0.0,3.0283449125046067,2.4526640317347073,3.166496349361098,2.367651138756125,2.660307008458137,1.6075021354537944,,,,,,,316,54,7.0,7.0,Defender,Fulham,38
Christian,Nørgaard,Nørgaard,Midfielder,ARS,12.129334668044102,15.251482346546894,100.0,100.0,,5.1,0.1,0.0,1.4,7,1,1.0,0.0,0.07,0.04,0.11,,23.4,5.5,10.0,4.0,45.0,0,0,0,1,1,5.0,10.0,3.0,2.0,0.0,0.0,3.193840330747986,2.099625986689805,1.6842253673636487,2.4354870409342757,2.7161559423083865,3.122147678502791,,,,,,,24,3,5.0,10.0,Midfielder,Arsenal,38
Mason,Mount,Mount,Midfielder,MUN,13.733023354968934,15.240095354748943,100.0,100.0,,5.9,0.3,0.0,9.8,58,5,2.5,0.0,0.14,0.14,0.28,,201.2,214.1,165.0,58.0,73.0,3,0,5,15,12,13.0,16.027397260273972,4.0,2.0,7.0,2.0,3.3148857102657976,2.7295323464984396,2.232163564016508,3.165721251352765,2.2907204828354235,1.5070719997800093,,,,,,,455,1,13.0,16.027397260273972,Midfielder,Man Utd,38
Solly,March,March,Midfielder,BHA,11.93447077645449,15.23724122003726,100.0,100.0,,5.8,0.0,0.0,0.7,4,1,1.0,0.0,0.09,0.05,0.14,,7.4,2.2,23.0,3.2,31.0,0,0,0,1,0,5.0,14.516129032258064,2.0,0.0,3.0,0.0,2.574085393553057,2.54032106343545,1.920052116758663,2.1616113224032647,2.738400880304056,3.3027704435827707,,,,,,,159,36,5.0,14.516129032258064,Midfielder,Brighton,38
Youri,Tielemans,Tielemans,Midfielder,AVL,13.491930800649104,15.192684137068772,100.0,100.0,,5.9,0.7,0.0,11.5,68,1,2.7,0.0,0.06,0.16,0.22,,432.0,513.6,184.0,113.1,17.0,0,4,4,27,21,4.0,21.176470588235293,2.0,1.0,1.0,0.0,3.035788284413771,3.0086394994869208,2.010602207184986,3.13040078470324,2.306500024860184,1.7007533364196685,,,,,,,48,7,4.0,21.176470588235293,Midfielder,Aston Villa,38
Georginio,Rutter,Georginio,Midfielder,BHA,12.696346969713897,15.189049457687869,100.0,100.0,,5.6,0.3,0.0,15.5,87,1,2.7,0.0,0.15,0.15,0.3,,338.6,349.5,448.0,113.5,16.0,3,5,7,20,20,2.0,11.25,0.0,1.0,1.0,0.0,2.6773354441371437,2.7413385351085164,2.461170150619901,2.2549888417989283,2.561513998049406,2.492702487973971,,,,,,,158,36,2.0,11.25,Midfielder,Brighton,38
Jair,Paula da Cunha Filho,Jair Cunha,Defender,NFO,11.914228622721764,15.116284763609272,100.0,100.0,,4.2,0.1,0.0,3.1,13,2,1.4,0.0,0.05,0.01,0.06,,98.0,15.2,29.0,14.2,62.0,0,0,0,7,6,3.0,4.354838709677419,0.0,3.0,3.0,0.0,2.4051082860149826,2.5348074224635653,1.9836797629046676,2.4882440159576356,2.5023891353809127,3.202056140887509,,,,,,,510,17,3.0,4.354838709677419,Defender,Nott'm Forest,38
Alexander,Isak,Isak,Forward,LIV,12.563005898815717,15.107991099485346,75.0,100.0,,10.3,3.8,0.0,4.0,41,0,2.9,0.0,0.34,0.01,0.35,,146.4,39.2,191.0,36.9,0.0,3,1,1,9,8,0.0,0.0,0.0,0.0,0.0,0.0,2.137632247881514,3.118286913694309,2.7279888422250287,2.3537898423914303,2.2253080526234346,2.54498520066963,,,,,,,499,14,0.0,0.0,Forward,Liverpool,38
Tom,Cairney,Cairney,Midfielder,FUL,13.243027933081201,15.089202765794994,100.0,100.0,,4.8,0.0,0.0,8.5,41,6,1.7,0.0,0.14,0.1,0.24,,153.4,195.6,64.0,41.4,30.0,2,0,2,10,6,5.0,15.0,1.0,2.0,2.0,0.0,2.765250546176902,2.861480073795875,2.4991362796728436,2.7581964287097733,2.3589646047258084,1.8461748327137921,,,,,,,331,54,5.0,15.0,Midfielder,Fulham,38
John,Stones,Stones,Defender,MCI,12.227507050358973,15.072894097513624,100.0,100.0,,5.4,0.6,0.0,3.0,16,3,1.8,0.0,0.0,0.02,0.02,,101.8,24.4,4.0,13.0,77.0,0,0,1,10,5,10.0,11.688311688311689,1.0,9.0,2.0,2.0,2.4249359794059355,2.7033277883108537,1.8484113574514687,2.461885145580445,2.7889467796102703,2.8453870471546505,,,,,,,409,43,10.0,11.688311688311689,Defender,Man City,38
Josh,King,King,Midfielder,FUL,12.353794985803724,15.066093380411575,100.0,100.0,,4.4,1.6,0.0,14.3,63,1,2.0,0.0,0.17,0.05,0.22,,207.4,198.7,336.0,73.3,18.0,1,3,5,18,15,4.0,20.0,1.0,0.0,3.0,0.0,2.1946395353455914,2.5818844095493536,2.4724983207871354,2.296774581155165,2.8079981389664783,2.7122983946078514,,,,,,,335,54,4.0,20.0,Midfielder,Fulham,38
Kevin,Santos Lopes de Macedo,Kevin,Midfielder,FUL,13.26532202145962,15.062948631239738,100.0,100.0,,5.7,0.1,0.0,8.6,49,4,1.9,0.0,0.11,0.13,0.24,,216.0,246.6,243.0,70.4,59.0,1,3,4,15,9,4.0,6.101694915254237,0.0,0.0,4.0,0.0,2.889586350987862,3.3303819069174403,2.171299665889455,2.645447946460899,2.2286061512039637,1.7976266097801188,,,,,,,731,54,4.0,6.101694915254237,Midfielder,Fulham,38
Matheus,Nunes,Matheus N.,Defender,MCI,12.567775714752697,15.059618822527252,100.0,100.0,,5.3,2.9,0.0,29.1,154,0,4.5,0.0,0.01,0.07,0.08,,696.0,545.0,131.0,137.6,0.0,1,8,12,28,32,0.0,0.0,0.0,0.0,0.0,0.0,1.910718254017384,2.8071221028783206,2.349256449894354,2.9218308931426895,2.578848014819948,2.4918431077745544,,,,,,,407,43,0.0,0.0,Defender,Man City,38
Adam,Wharton,Wharton,Midfielder,CRY,12.376869582097157,15.045760837261106,100.0,100.0,,5.0,0.7,0.0,22.4,112,1,3.3,0.0,0.05,0.26,0.31,,494.4,720.0,180.0,139.6,16.0,1,6,8,43,29,1.0,5.625,0.0,0.0,1.0,0.0,2.539967220283525,2.992675408056571,2.258072353625492,2.229952537507161,2.3562020626244085,2.668891255163949,,,,,,,273,31,1.0,5.625,Midfielder,Crystal Palace,38
Jacob,Murphy,J.Murphy,Midfielder,NEW,12.167719446352297,15.028381412217213,100.0,100.0,,5.9,0.6,0.0,13.9,82,1,2.5,0.0,0.17,0.15,0.32,,330.8,393.7,346.0,106.0,45.0,3,2,8,20,19,1.0,2.0,0.0,1.0,0.0,0.0,2.8956376615830606,2.4704011572747433,2.115085581730212,2.480964090192188,2.205630955572093,2.860661965864916,,,,,,,489,4,1.0,2.0,Midfielder,Newcastle,38
Sávio,Moreira de Oliveira,Savinho,Midfielder,MCI,13.288802029479616,14.975716217548687,100.0,100.0,,6.9,0.4,0.0,6.2,43,2,1.8,0.0,0.28,0.18,0.46,,138.6,198.4,321.0,65.8,90.0,1,2,3,7,7,2.0,2.0,0.0,0.0,2.0,0.0,2.7939873296078677,2.6484065362422435,3.2674626599735586,2.2331486992050786,2.345796804450867,1.6869141880690703,,,,,,,415,43,2.0,2.0,Midfielder,Man City,38
Jeremie,Frimpong,Frimpong,Defender,LIV,13.022678743661825,14.971577017570016,75.0,100.0,,5.7,4.9,0.0,11.1,63,1,3.0,0.0,0.04,0.14,0.18,,133.2,244.6,186.0,56.5,16.0,0,5,5,13,12,0.0,0.0,0.0,0.0,2.0,0.0,2.6145027479020038,3.0234163905788463,2.4784610954221415,2.511120176414871,2.3951783333439645,1.948898273908191,,,,,,,370,14,0.0,0.0,Defender,Liverpool,38
Josh,Acheampong,Acheampong,Defender,CHE,11.805598230652313,14.883969907913755,100.0,100.0,,3.7,1.8,0.0,10.5,39,1,2.3,0.0,0.08,0.02,0.1,,132.6,40.9,70.0,24.4,5.0,1,0,2,13,8,0.0,0.0,0.0,0.0,0.0,0.0,2.114912129659797,2.254099948020772,2.167841927042341,2.5989783267399096,2.669765899189494,3.0783716772614422,,,,,,,233,8,0.0,0.0,Defender,Chelsea,38
Pedro,Cardoso de Lima,Pedro Lima,Defender,WOL,12.16909519496894,14.880623243590707,100.0,100.0,,4.0,0.4,0.0,2.5,10,1,1.1,0.0,0.12,0.13,0.25,,36.4,48.5,39.0,12.3,8.0,0,0,0,6,3,1.0,11.25,1.0,0.0,1.0,0.0,2.029540255332224,2.3577910267110296,2.3356886751360157,2.649444934167092,2.796630303622579,2.711528048621767,,,,,,,640,39,1.0,11.25,Defender,Wolves,38
Daichi,Kamada,Kamada,Midfielder,CRY,12.061775355757165,14.87824429276715,100.0,100.0,,5.0,0.1,0.0,13.4,67,1,2.4,0.0,0.08,0.15,0.23,,239.2,350.1,155.0,74.5,45.0,0,2,6,28,22,5.0,10.0,2.0,1.0,2.0,0.0,2.872959474226977,2.942902140296625,1.6978155600232452,2.351485313184801,2.196612868025516,2.8164689370099856,,,,,,,271,31,5.0,10.0,Midfielder,Crystal Palace,38
Pape Matar,Sarr,P.M.Sarr,Midfielder,TOT,11.938503709078601,14.849110438420484,100.0,100.0,,4.5,1.0,0.0,15.8,71,0,2.7,0.0,0.11,0.07,0.18,,336.0,188.3,156.0,68.2,17.0,2,4,3,23,13,2.0,10.588235294117647,0.0,2.0,0.0,0.0,2.282422063216785,2.489353036695867,2.6223513175699193,2.2357180866525974,2.308659204943434,2.910606729341882,,,,,,,593,6,2.0,10.588235294117647,Midfielder,Spurs,38
Maxime,Estève,Estève,Defender,BUR,12.519504427282348,14.83475087108396,100.0,100.0,,3.8,7.0,0.0,22.4,85,0,2.5,0.0,0.02,0.02,0.04,,745.4,92.5,97.0,93.7,0.0,0,0,3,70,34,0.0,0.0,0.0,0.0,0.0,0.0,1.8348354719189202,2.855839878199452,2.556091110098357,2.512772240147327,2.7599657269182902,2.315246443801613,,,,,,,191,90,0.0,0.0,Defender,Burnley,38
Tanaka,Ao,Tanaka,Midfielder,LEE,12.244618663063923,14.830845830888506,100.0,100.0,,4.8,0.2,0.0,14.0,67,4,2.4,0.0,0.1,0.1,0.2,,224.2,307.6,104.0,63.6,77.0,2,1,3,22,14,12.0,14.025974025974026,3.0,2.0,7.0,2.0,3.0701220487078285,2.8701777890717795,1.9312216748437052,2.1832279832921886,2.189869167148421,2.5862271678245845,,,,,,,358,2,12.0,14.025974025974026,Midfielder,Leeds,38
Álex,Jiménez Sánchez,A.Jimenez,Defender,BOU,13.015795930903028,14.827568628916703,0.0,100.0,,4.5,0.1,0.0,16.4,74,0,2.4,0.0,0.04,0.07,0.11,,406.0,269.3,184.0,85.9,0.0,1,2,6,39,26,0.0,0.0,0.0,0.0,0.0,0.0,2.0381630962733137,2.651176864261432,2.532369187259293,2.7159474630571445,3.0781393200518443,1.8117726980136744,,,,,,,713,91,0.0,0.0,Defender,Bournemouth,38
Jorrel,Hato,Hato,Defender,CHE,12.805401619892764,14.816731287903199,100.0,100.0,,4.6,0.2,0.0,4.1,19,0,0.9,0.0,0.02,0.05,0.07,,233.2,114.9,36.0,38.4,51.0,0,0,0,27,12,4.0,7.0588235294117645,0.0,4.0,0.0,0.0,3.0837491872977267,3.0579745546444532,1.601088468656996,2.678259387234342,2.384330022059247,2.0113296680104336,,,,,,,672,8,4.0,7.0588235294117645,Defender,Chelsea,38
Kepa,Arrizabalaga Revuelta,Arrizabalaga,Goalkeeper,ARS,12.808987668103534,14.802739906904236,,,,4.0,0.4,0.0,0.5,2,2,2.0,0.0,0.0,0.0,0.0,,19.8,0.0,0.0,2.0,90.0,0,0,0,1,1,0.0,0.0,0.0,3.0,8.0,0.0,3.380001044692928,2.6210358530341606,2.4777585530166597,2.1387734952053066,2.1914187221544785,1.9937522388007018,,,,,,,2,3,0.0,0.0,Goalkeeper,Arsenal,38
Lyle,Foster,Foster,Forward,BUR,12.06932071986984,14.784911461387598,100.0,100.0,,4.9,0.7,0.0,11.8,58,0,2.2,0.0,0.21,0.02,0.23,,219.0,147.0,262.0,62.1,0.0,3,2,4,30,15,0.0,0.0,0.0,0.0,0.0,0.0,1.9350131868212677,2.369871612104542,2.3986673416912008,2.7937312996077237,2.5720372796451043,2.715590741517758,,,,,,,217,90,0.0,0.0,Forward,Burnley,38
Taiwo,Awoniyi,Awoniyi,Forward,NFO,12.061629723641001,14.757862156353514,100.0,100.0,,5.2,0.4,0.0,8.3,43,0,2.5,0.0,0.69,0.14,0.83,,177.2,79.0,235.0,48.4,28.0,4,2,1,4,3,1.0,3.2142857142857144,1.0,0.0,0.0,0.0,2.342313720519523,2.72802625751682,2.474444777473341,2.160352187581245,2.3564927805500715,2.696232432712513,,,,,,,527,17,1.0,3.2142857142857144,Forward,Nott'm Forest,38
Alex,Tóth,Tóth.A,Midfielder,BOU,11.695409457626866,14.75720825106484,,,,4.9,0.0,0.0,1.6,8,1,0.9,0.0,0.07,0.22,0.29,,18.6,60.2,18.0,9.6,56.0,0,0,0,3,2,5.0,8.035714285714285,0.0,3.0,2.0,0.0,2.7353638531687396,2.1543223591069305,1.871317483180483,2.493182290804066,2.441223471366647,3.061798793437974,,,,,,,801,91,5.0,8.035714285714285,Midfielder,Bournemouth,38
Luca,Netz,Netz,Defender,NFO,11.928466355429364,14.742598279853588,,,,4.5,0.0,0.0,2.4,11,1,1.6,0.0,0.0,0.1,0.1,,63.4,30.1,10.0,10.4,27.0,0,0,0,5,3,2.0,6.666666666666667,0.0,2.0,0.0,0.0,2.024462373963859,3.3284804581112075,1.6662609154041281,2.217019079223428,2.692243528726741,2.8141319244242236,,,,,,,814,17,2.0,6.666666666666667,Defender,Nott'm Forest,38
Ben,Gannon-Doak,Gannon-Doak,Midfielder,BOU,11.984243585514042,14.734164845583544,100.0,100.0,,4.8,0.0,0.0,2.3,11,1,1.4,0.0,0.22,0.11,0.33,,32.4,17.8,39.0,8.9,33.0,0,1,0,1,0,3.0,8.181818181818182,1.0,0.0,2.0,0.0,2.7695644219127025,2.3211929425875217,2.122403732261997,2.4780233991374248,2.293059089614397,2.7499212600695024,,,,,,,391,91,3.0,8.181818181818182,Midfielder,Bournemouth,38
Lamare,Bogarde,Bogarde,Defender,AVL,12.014730888308934,14.730623823894028,100.0,100.0,,4.0,0.5,0.0,10.0,40,2,1.4,0.0,0.0,0.02,0.02,,133.0,59.4,14.0,20.6,72.0,0,0,2,17,11,3.0,3.75,0.0,3.0,4.0,0.0,2.658664669631624,2.254983243595662,2.073037261926248,2.314638821363121,2.71340689179228,2.715892935585093,,,,,,,44,7,3.0,3.75,Defender,Aston Villa,38
Aaron,Hickey,Hickey,Defender,BRE,11.702934755039124,14.669697987901815,100.0,100.0,,4.0,0.3,0.0,9.2,37,1,1.8,0.0,0.06,0.02,0.08,,101.4,17.1,43.0,16.0,30.0,0,0,2,9,8,2.0,6.0,1.0,1.0,1.0,0.0,2.4249352469676886,1.9669077346314745,2.445812783194933,2.160663857300952,2.704615132944075,2.966763232862691,,,,,,,116,94,2.0,6.0,Defender,Brentford,38
Ezri,Konsa Ngoyo,Konsa,Defender,AVL,12.371982607325968,14.665470911289882,100.0,100.0,,4.4,7.0,0.0,22.7,100,0,2.9,0.0,0.04,0.02,0.06,,601.4,108.3,124.0,84.0,0.0,0,1,9,44,34,0.0,0.0,0.0,0.0,0.0,0.0,2.097471164209412,2.858259476361887,2.3164717631458203,2.520704027299721,2.579076176309128,2.2934883039639136,,,,,,,38,7,0.0,0.0,Defender,Aston Villa,38
Joshua,Zirkzee,Zirkzee,Forward,MUN,11.789511778301272,14.653239420452676,100.0,100.0,,5.8,0.4,0.0,7.2,42,1,1.8,0.0,0.41,0.05,0.46,,164.4,177.7,245.0,58.3,16.0,2,1,2,8,5,0.0,0.0,0.0,0.0,0.0,0.0,2.329680436126554,2.34718367281099,2.766494638598128,2.156032868799228,2.190120161966373,2.863727642151405,,,,,,,466,1,0.0,0.0,Forward,Man Utd,38
Andrés,García,A.García,Defender,AVL,11.767323036359102,14.645042184189514,100.0,100.0,,3.9,0.2,0.0,1.3,5,1,0.8,0.0,0.0,0.01,0.01,,17.8,3.2,2.0,2.3,45.0,0,0,0,3,1,9.0,18.0,4.0,5.0,2.0,0.0,2.6995504772485015,2.289967129210114,1.7311767454699705,2.325936743758616,2.720691940671898,2.8777191478304127,,,,,,,42,7,9.0,18.0,Defender,Aston Villa,38
Facundo,Buonanotte,Buonanotte,Midfielder,LEE,11.616755606232658,14.605458189115584,100.0,100.0,,4.6,0.1,0.0,0.7,3,1,0.8,0.0,0.07,0.31,0.38,,13.2,40.0,21.0,7.4,12.0,0,0,0,4,1,1.0,7.5,0.0,1.0,0.0,0.0,1.9113443826949401,2.157685021309566,2.2580161892559616,2.8216733770751468,2.468036635897043,2.988702582882927,,,,,,,168,2,1.0,7.5,Midfielder,Leeds,38
Pablo Felipe,Pereira de Jesus,Pablo,Forward,WHU,12.858980646877777,14.577023797215947,100.0,100.0,,5.4,0.0,0.0,4.8,26,1,1.9,0.0,0.12,0.12,0.24,,111.8,191.5,108.0,41.3,45.0,0,1,3,12,10,1.0,2.0,0.0,0.0,1.0,0.0,3.272684178358252,3.02221352154306,2.5199166655542187,1.9071454040986218,2.137020877323625,1.7180431503381697,,,,,,,785,21,1.0,2.0,Forward,West Ham,38
Sebastiaan,Bornauw,Bornauw,Defender,LEE,11.713569333033558,14.57068828324803,100.0,100.0,,3.8,0.1,0.0,6.6,25,1,2.1,0.0,0.04,0.0,0.04,,98.6,6.3,19.0,12.2,1.0,0,0,2,5,5,0.0,0.0,0.0,0.0,0.0,0.0,1.930716883658157,2.3646529615405463,2.0777846127540496,2.701243948437547,2.639170926643259,2.857118950214472,,,,,,,345,2,0.0,0.0,Defender,Leeds,38
Ola,Aina,Aina,Defender,NFO,12.041201893875867,14.535559757552438,75.0,75.0,Lack of match fitness - 75% chance of playing,4.7,2.1,0.0,14.3,67,0,3.7,0.0,0.02,0.05,0.07,,285.2,160.3,58.0,50.5,0.0,0,2,6,19,18,0.0,0.0,0.0,0.0,0.0,0.0,1.8223057030889915,2.749783568149588,2.2926856971808016,2.348828093522778,2.8275988319337073,2.49435786367657,,,,,,,507,17,0.0,0.0,Defender,Nott'm Forest,38
Oscar,Bobb,Bobb,Midfielder,FUL,12.925993019803181,14.506428147742811,100.0,100.0,,5.1,0.2,0.0,8.2,42,3,1.8,0.0,0.13,0.18,0.31,,140.4,315.4,205.0,66.4,71.0,0,2,4,13,11,5.0,6.338028169014085,0.0,1.0,4.0,0.0,3.387027571302283,3.0499102981885993,2.2766607519272823,2.242114831153863,1.9702795672311548,1.5804351279396305,,,,,,,424,54,5.0,6.338028169014085,Midfielder,Fulham,38
Abdukodir,Khusanov,Khusanov,Defender,MCI,11.816305642102364,14.487746713077406,100.0,100.0,,5.4,0.7,0.0,12.4,67,0,3.2,0.0,0.04,0.08,0.12,,299.0,112.2,26.0,43.9,0.0,0,0,6,13,15,0.0,0.0,0.0,0.0,0.0,0.0,2.0244622101118965,2.8050433548093445,2.542788282906084,2.2616920327716414,2.182319761503396,2.671441070975042,,,,,,,406,43,0.0,0.0,Defender,Man City,38
Rayan,Aït-Nouri,Aït-Nouri,Defender,MCI,12.885505194435838,14.472485988736283,100.0,100.0,,5.7,4.1,0.0,10.5,60,1,3.5,0.0,0.05,0.19,0.24,,195.6,216.4,90.0,50.2,13.0,0,2,5,8,12,3.0,20.76923076923077,2.0,1.0,1.0,0.0,2.6141655728910083,2.6588654191968852,2.1494701591803684,3.3701448663872613,2.0928591767803155,1.5869807943004446,,,,,,,402,43,3.0,20.76923076923077,Defender,Man City,38
David,Møller Wolfe,Møller Wolfe,Defender,WOL,12.135604789192506,14.394293916502802,,,,4.2,0.1,0.0,8.3,35,2,1.6,0.0,0.01,0.09,0.1,,159.8,126.5,46.0,33.3,73.0,0,2,1,23,11,6.0,7.397260273972603,1.0,5.0,3.0,0.0,2.705987672607112,2.849918376165488,1.7455635197489257,2.283852132774025,2.550283087896954,2.258689127310296,,,,,,,682,39,6.0,7.397260273972603,Defender,Wolves,38
Justin,Kluivert,Kluivert,Midfielder,BOU,11.99411678279346,14.33622676642445,100.0,100.0,,6.9,0.6,0.0,5.9,41,1,2.0,0.0,0.22,0.15,0.37,,148.0,305.1,135.0,58.8,17.0,2,0,4,19,10,1.0,5.294117647058823,0.0,0.0,1.0,0.0,2.4186558966839615,2.6664046777389236,2.3337708299232958,2.4420414204521905,2.1332439579950897,2.342109983630988,,,,,,,81,91,1.0,5.294117647058823,Midfielder,Bournemouth,38
Rayan Vitor,Simplício Rocha,Rayan,Midfielder,BOU,12.257224337892321,14.305219533323111,,,,5.4,2.3,0.0,12.4,67,2,4.5,0.0,0.22,0.15,0.37,,277.6,211.9,263.0,75.3,72.0,5,2,6,10,13,6.0,7.5,0.0,4.0,2.0,0.0,2.9928985522776093,2.7707282387544727,1.864143122196373,2.2254169244280444,2.404037500235821,2.0479951954307896,,,,,,,807,91,6.0,7.5,Midfielder,Bournemouth,38
Mateo,Kovačić,Kovačić,Midfielder,MCI,11.384640227527676,14.30105994356898,100.0,100.0,,5.8,0.0,0.0,1.6,9,1,1.5,0.0,0.09,0.3,0.39,,46.0,65.5,3.0,11.5,31.0,0,1,0,3,1,4.0,11.612903225806452,0.0,2.0,2.0,0.0,2.2163137309695604,2.091545571284375,2.1470256395996863,2.538483918742759,2.3912713669312966,2.916419716041303,,,,,,,422,43,4.0,11.612903225806452,Midfielder,Man City,38
Leny,Yoro,Yoro,Defender,MUN,11.509037015514432,14.217817685701094,100.0,100.0,,4.1,1.2,0.0,13.7,56,1,1.8,0.0,0.07,0.03,0.1,,327.0,83.1,124.0,53.2,16.0,0,1,2,33,18,4.0,22.5,1.0,3.0,0.0,0.0,2.2223121669642554,2.4357814296446594,2.524420012113863,2.0603998605217546,2.2661235462699008,2.708780670186663,,,,,,,444,1,4.0,22.5,Defender,Man Utd,38
Diogo,Dalot Teixeira,Dalot,Defender,MUN,11.90102667928658,14.194369996694153,100.0,100.0,,4.5,3.8,0.0,24.7,111,0,3.3,0.0,0.07,0.09,0.16,,535.8,458.5,202.0,119.6,0.0,1,6,7,40,29,0.0,0.0,0.0,0.0,0.0,0.0,2.1695983609449336,2.610620148574574,2.149214766226758,2.709439183472637,2.2621542200676785,2.2933433174075724,,,,,,,440,1,0.0,0.0,Defender,Man Utd,38
Dominic,Solanke-Mitchell,Solanke,Forward,TOT,12.128183305189216,14.139295170564539,100.0,100.0,,7.1,1.1,0.0,5.6,40,0,2.7,0.0,0.27,0.03,0.3,,205.0,84.1,339.0,62.7,0.0,3,0,0,21,11,0.0,0.0,0.0,0.0,0.0,0.0,1.5634542747577942,2.8613316303231575,2.0028056464031447,3.145982783288587,2.5546089704165325,2.011111865375323,,,,,,,596,6,0.0,0.0,Forward,Spurs,38
Ryan,Sessegnon,Sessegnon,Midfielder,FUL,12.403986767456667,14.138895080122726,75.0,100.0,,5.4,0.1,0.0,17.6,95,0,3.5,0.0,0.08,0.09,0.17,,413.8,225.0,229.0,86.7,0.0,3,3,6,29,20,0.0,0.0,0.0,0.0,0.0,0.0,1.8570186152486743,3.3028221238187827,2.1260099332287172,2.3613022257871803,2.7568338693733114,1.73490831266606,,,,,,,328,54,0.0,0.0,Midfielder,Fulham,38
Marcus,Edwards,Edwards,Midfielder,BUR,12.203422764682404,14.105884912945221,100.0,100.0,,4.7,0.1,0.0,10.9,51,1,2.2,0.0,0.13,0.16,0.29,,180.0,283.9,226.0,68.9,15.0,1,3,1,18,11,1.0,6.0,0.0,0.0,1.0,0.0,2.3900265004927093,2.66348175083739,2.636776663972384,2.2174865594447146,2.2956512899352073,1.9024621482628172,,,,,,,206,90,1.0,6.0,Midfielder,Burnley,38
Evann,Guessand,Guessand,Midfielder,CRY,11.73111721709972,14.092079899010919,100.0,100.0,,6.2,0.0,0.0,7.1,44,1,2.1,0.0,0.15,0.08,0.23,,159.4,76.6,187.0,42.0,28.0,1,3,2,15,9,1.0,3.2142857142857144,0.0,0.0,1.0,0.0,2.648865540918185,2.235409345722998,2.317410199503448,2.1278428072743676,2.4015893236807226,2.3609626819111975,,,,,,,677,31,1.0,3.2142857142857144,Midfielder,Crystal Palace,38
Kristoffer,Ajer,Ajer,Defender,BRE,11.597027952729153,14.085752836920946,100.0,100.0,,4.4,0.2,0.0,17.3,76,0,2.8,0.0,0.03,0.04,0.07,,401.4,59.1,165.0,62.7,0.0,0,2,5,32,20,0.0,0.0,0.0,0.0,0.0,0.0,1.9730966347216778,2.696881009186812,2.341349305434072,2.1828317869320735,2.4028692164545173,2.4887248841917926,,,,,,,108,94,0.0,0.0,Defender,Brentford,38
Angel,Gomes,Angel,Midfielder,WOL,11.02533566015652,14.028907539368312,100.0,100.0,,4.6,0.0,0.0,3.5,16,2,1.3,0.0,0.05,0.06,0.11,,52.8,91.5,28.0,17.1,65.0,0,0,1,8,7,5.0,6.923076923076923,2.0,1.0,2.0,0.0,2.7031118230688134,2.2509682382303042,1.798508342613487,1.9012080317036413,2.371539224540273,3.003571879211792,,,,,,,816,39,5.0,6.923076923076923,Midfielder,Wolves,38
Andrey,Nascimento dos Santos,Andrey Santos,Midfielder,CHE,11.650562337145884,13.936598668941263,100.0,100.0,,4.4,0.3,0.0,10.7,47,0,1.7,0.0,0.14,0.06,0.2,,229.6,153.9,91.0,47.5,0.0,1,0,1,18,13,0.0,0.0,0.0,0.0,0.0,0.0,1.9795934062759903,2.3675187407797162,2.2331494391989355,2.7295615022594326,2.3407392486318095,2.2860363317953794,,,,,,,246,8,0.0,0.0,Midfielder,Chelsea,38
Archie,Gray,Gray,Midfielder,TOT,11.30204322344341,13.930630892286624,100.0,100.0,,4.8,0.1,0.0,12.7,61,1,2.5,0.0,0.09,0.08,0.17,,259.4,138.1,158.0,55.5,8.0,2,2,5,28,18,1.0,11.25,0.0,1.0,0.0,0.0,1.8661939868712625,2.389677270924535,2.4982596650956257,2.311564032092866,2.236348268459121,2.628587668843213,,,,,,,591,6,1.0,11.25,Midfielder,Spurs,38
Leon,Bailey,Bailey,Midfielder,AVL,12.779352569587115,13.92781101295537,100.0,100.0,,5.5,0.1,0.0,3.8,21,5,1.6,0.0,0.1,0.29,0.39,,71.2,160.4,69.0,30.1,90.0,0,2,0,9,3,10.0,10.0,2.0,4.0,4.0,0.0,3.065765909273565,2.452455994752434,3.018876500179318,2.108732369673418,2.1335217957083783,1.1484584433682548,,,,,,,49,7,10.0,10.0,Midfielder,Aston Villa,38
Hjalmar,Ekdal,Ekdal,Defender,BUR,11.292754031426838,13.802800413050683,,,,3.8,0.7,0.0,13.7,52,0,2.7,0.0,0.01,0.02,0.03,,372.0,55.8,88.0,51.7,0.0,0,0,2,34,17,0.0,0.0,0.0,0.0,0.0,0.0,1.3571383092775366,3.0413306582813067,1.8028031901504034,2.1632659299340293,2.928215943783563,2.510046381623845,,,,,,,190,90,0.0,0.0,Defender,Burnley,38
Yehor,Yarmoliuk,Yarmoliuk,Midfielder,BRE,11.556040703118516,13.756079213712315,100.0,100.0,,5.0,0.1,0.0,20.8,104,0,2.8,0.0,0.04,0.05,0.09,,445.0,273.0,117.0,83.4,0.0,1,3,8,42,30,0.0,0.0,0.0,0.0,0.0,0.0,1.9078449064569363,2.516125448043471,2.358231349204904,2.229716782662222,2.5441222167509823,2.2000385105938,,,,,,,129,94,0.0,0.0,Midfielder,Brentford,38
Yasin,Ayari,Ayari,Midfielder,BHA,11.32901433516613,13.743696097488984,100.0,100.0,,4.8,0.4,0.0,20.4,98,0,3.4,0.0,0.13,0.05,0.18,,359.8,251.3,231.0,84.5,0.0,3,4,6,24,20,0.0,0.0,0.0,0.0,0.0,0.0,2.1537145099801833,2.611393871229562,2.4525585465203865,1.692902586840837,2.4184448205951607,2.4146817623228536,,,,,,,166,36,0.0,0.0,Midfielder,Brighton,38
Ibrahim,Sangaré,Sangaré,Midfielder,NFO,11.686369360858894,13.709901128918776,100.0,100.0,,4.9,0.1,0.0,18.2,89,4,3.2,0.0,0.05,0.08,0.13,,434.4,205.9,126.0,76.8,64.0,2,2,8,26,25,16.0,22.5,0.0,8.0,8.0,2.0,3.1040206612976164,2.5351939561917547,1.6395949223529702,2.1178302400034745,2.289729581013079,2.023531768059883,,,,,,,521,17,16.0,22.5,Midfielder,Nott'm Forest,38
Kenny,Tete,Tete,Defender,FUL,11.849578692987986,13.709862349103048,100.0,100.0,,4.5,0.2,0.0,18.0,81,0,3.7,0.0,0.05,0.07,0.12,,416.0,214.1,108.0,73.9,0.0,1,0,6,25,21,0.0,0.0,0.0,0.0,0.0,0.0,1.90268405264135,2.835714851738359,2.468708752552442,2.2244598098611625,2.4180112261946727,1.8602836561150617,,,,,,,322,54,0.0,0.0,Defender,Fulham,38
Ayden,Heaven,Heaven,Defender,MUN,10.822855943422132,13.655882742219653,100.0,100.0,,3.7,2.6,0.0,11.4,42,0,2.5,0.0,0.03,0.02,0.05,,233.6,32.0,26.0,29.1,0.0,0,1,2,15,11,0.0,0.0,0.0,0.0,0.0,0.0,1.6720735233024804,2.1080852680098427,2.0205123856883636,2.4178106746435013,2.6043740917779434,2.83302679879752,,,,,,,447,1,0.0,0.0,Defender,Man Utd,38
Olivier,Boscagli,Boscagli,Defender,BHA,11.076956647750125,13.641302754159991,,,,4.2,0.1,0.0,9.3,39,0,3.2,0.0,0.01,0.05,0.06,,215.6,82.2,12.0,31.1,0.0,0,1,3,10,9,0.0,0.0,0.0,0.0,0.0,0.0,1.3262910056869672,3.0181660501781473,1.5324789677157393,2.2234986428689423,2.9765219813003285,2.5643461064098654,,,,,,,143,36,0.0,0.0,Defender,Brighton,38
Jorge,Cuenca Barreno,J.Cuenca,Defender,FUL,10.81670056669762,13.599546778002585,,,,4.3,0.1,0.0,9.1,39,0,2.6,0.0,0.0,0.05,0.05,,249.6,47.2,14.0,31.2,4.0,0,0,2,11,11,3.0,67.5,0.0,3.0,0.0,0.0,1.5820727173223683,2.740458723093923,1.6165099021534517,2.573553318687745,2.304105905440132,2.7828462113049652,,,,,,,321,54,3.0,67.5,Defender,Fulham,38
Quilindschy,Hartman,Hartman,Defender,BUR,11.81874719409184,13.552891949393619,,,,4.0,0.6,0.0,15.8,63,0,3.0,0.0,0.02,0.1,0.12,,422.2,288.8,83.0,79.5,0.0,0,6,3,40,21,0.0,0.0,0.0,0.0,0.0,0.0,1.3551863608549124,3.1670944177217635,1.9448309301421105,2.39309396395124,2.958541521421813,1.7341447553017786,,,,,,,192,90,0.0,0.0,Defender,Burnley,38
João Victor,Gomes da Silva,J.Gomes,Midfielder,WOL,11.675604397026145,13.531183991047651,100.0,100.0,,5.3,0.3,0.0,20.2,107,0,3.1,0.0,0.04,0.07,0.11,,486.6,353.4,176.0,102.0,0.0,1,2,4,56,32,0.0,0.0,0.0,0.0,0.0,0.0,2.0007508062792714,2.4869805690223963,2.3017664597730954,2.3405024056155934,2.5456041563357887,1.8555795940215065,,,,,,,646,39,0.0,0.0,Midfielder,Wolves,38
Wilfried,Gnonto,Gnonto,Midfielder,LEE,11.070417368488227,13.514270945670653,100.0,100.0,,5.1,0.1,0.0,6.3,32,1,1.4,0.0,0.07,0.13,0.2,,85.2,129.3,61.0,27.5,21.0,0,3,1,14,4,0.0,0.0,0.0,0.0,0.0,0.0,2.2572941758443745,2.1482619619813965,2.166164911192849,2.146538772858115,2.3521575466114926,2.443853577182426,,,,,,,351,2,0.0,0.0,Midfielder,Leeds,38
James,Ward-Prowse,Ward-Prowse,Midfielder,BUR,11.819279502759667,13.504960021415652,100.0,100.0,,5.6,0.2,0.0,7.1,40,1,2.2,0.0,0.02,0.15,0.17,,215.0,384.4,22.0,62.1,15.0,0,1,2,27,12,2.0,12.0,1.0,0.0,1.0,0.0,2.08888492969896,2.466360346556533,2.515409854908242,2.2697547551576536,2.4788696164382777,1.6856805186559862,,,,,,,614,90,2.0,12.0,Midfielder,Burnley,38
Nathaniel,Clyne,Clyne,Defender,CRY,11.19969466816544,13.475410626552655,100.0,100.0,,3.8,0.5,0.0,4.5,17,1,1.7,0.0,0.07,0.09,0.16,,105.2,55.0,33.0,19.2,90.0,0,1,0,12,7,8.0,8.0,1.0,7.0,1.0,0.0,1.789153259499993,2.0665432002981143,2.5331025201971005,2.473742201677261,2.337153486492971,2.275715958387215,,,,,,,263,31,8.0,8.0,Defender,Crystal Palace,38
Lucas,Digne,Digne,Defender,AVL,11.07731384231402,13.454722455931478,100.0,100.0,,4.5,1.5,0.0,21.6,97,0,3.1,0.0,0.03,0.16,0.19,,400.2,455.5,130.0,98.5,0.0,0,7,7,23,21,0.0,0.0,0.0,0.0,0.0,0.0,1.8137134317813286,2.541260006466133,2.0837798766129763,2.1943937229730883,2.444166804480492,2.3774086136174586,,,,,,,37,7,0.0,0.0,Defender,Aston Villa,38
Bertrand,Traoré,Traoré,Midfielder,SUN,10.808612368630795,13.452722194193715,100.0,100.0,,5.5,0.0,0.0,5.5,30,0,2.5,0.0,0.07,0.04,0.11,,115.6,108.4,135.0,35.9,0.0,1,1,3,9,9,0.0,0.0,0.0,0.0,0.0,0.0,1.553759426449169,2.368264021649821,1.6179841155633443,2.3330382146472672,2.9355665903211934,2.6441098255629205,,,,,,,735,56,0.0,0.0,Midfielder,Sunderland,38
Jordan,Henderson,Henderson,Midfielder,BRE,11.259757043208408,13.451896537749601,100.0,100.0,,5.0,0.3,0.0,15.2,76,0,2.4,0.0,0.02,0.11,0.13,,336.6,358.3,49.0,74.4,59.0,1,3,6,28,22,3.0,4.576271186440678,1.0,0.0,2.0,0.0,3.0936274788725937,2.3093602418927563,1.7768227551397,1.9087724290361632,2.171174138267194,2.192139494541192,,,,,,,124,94,3.0,4.576271186440678,Midfielder,Brentford,38
Bafodé,Diakité,Diakité,Defender,BOU,10.676723822031182,13.44674692533875,100.0,100.0,,4.1,0.3,0.0,11.2,46,0,2.6,0.0,0.0,0.01,0.01,,267.0,54.3,22.0,34.4,0.0,0,0,4,27,15,0.0,0.0,0.0,0.0,0.0,0.0,1.6041215262142172,2.016828928350188,1.92955900175563,2.5712669437235727,2.554947421987574,2.7700231033075693,,,,,,,685,91,0.0,0.0,Defender,Bournemouth,38
Saša,Lukić,Lukić,Midfielder,FUL,11.420844516182864,13.405659500530819,100.0,100.0,,4.9,0.1,0.0,13.7,67,0,2.6,0.0,0.12,0.1,0.22,,317.6,441.6,176.0,93.4,0.0,1,4,6,22,20,0.0,0.0,0.0,0.0,0.0,0.0,1.9709984520761759,2.7962421234236805,2.2779365911457483,2.0503563858905345,2.325310963646726,1.9848149843479537,,,,,,,332,54,0.0,0.0,Midfielder,Fulham,38
Hugo,Bueno López,H.Bueno,Defender,WOL,11.440265790311548,13.368679692603125,100.0,100.0,,4.3,0.2,0.0,19.3,83,1,2.4,0.0,0.03,0.13,0.16,,554.6,673.9,172.0,140.4,16.0,1,3,4,44,26,0.0,0.0,0.0,0.0,0.0,0.0,2.4575431524780447,2.4425676563209944,1.8881187356196922,2.3313879210132074,2.3206483248796075,1.928413902291577,,,,,,,633,39,0.0,0.0,Defender,Wolves,38
Sandro,Tonali,Tonali,Midfielder,NEW,11.127823849855778,13.35256684059777,75.0,75.0,Hamstring injury - 75% chance of playing,5.3,1.0,0.0,15.3,81,0,2.3,0.0,0.06,0.1,0.16,,398.0,534.1,198.0,113.4,0.0,0,2,7,38,31,0.0,0.0,0.0,0.0,0.0,0.0,1.9758707463931382,2.469174970864114,1.9550389781218989,2.101328530404199,2.626410624072428,2.2247429907419916,,,,,,,491,4,0.0,0.0,Midfielder,Newcastle,38
Rodrigo 'Rodri',Hernandez Cascante,Rodrigo,Midfielder,MCI,11.51331907596807,13.26559011185485,100.0,100.0,,6.3,0.5,0.0,11.0,69,0,3.3,0.0,0.07,0.15,0.22,,358.0,421.5,122.0,90.3,0.0,1,1,5,15,17,0.0,0.0,0.0,0.0,0.0,0.0,2.2393420011198257,2.8205970449360276,2.226578457891759,2.316523325910281,1.9102782461101768,1.7522710358867797,,,,,,,421,43,0.0,0.0,Midfielder,Man City,38
Justin,Devenny,Devenny,Midfielder,CRY,11.314155540685945,13.226830815750965,100.0,100.0,,4.3,1.1,0.0,8.4,36,2,1.7,0.0,0.27,0.04,0.31,,115.0,101.8,168.0,38.4,90.0,1,0,1,15,7,5.0,5.0,2.0,1.0,2.0,0.0,2.408344220423321,2.3064587538318744,2.4723935641926715,1.8678663301964473,2.259092672041632,1.9126752750650193,,,,,,,276,31,5.0,5.0,Midfielder,Crystal Palace,38
Samuel,Chukwueze,Chukwueze,Midfielder,FUL,10.995924774645324,13.176961530946569,100.0,100.0,,5.3,0.1,0.0,11.7,62,0,2.7,0.0,0.18,0.28,0.46,,274.0,346.7,243.0,85.8,0.0,3,4,2,20,10,0.0,0.0,0.0,0.0,0.0,0.0,2.0747273833079976,2.1084425587900455,1.89223906734133,2.6112743344611014,2.309241430744849,2.1810367563012445,,,,,,,727,54,0.0,0.0,Midfielder,Fulham,38
Tyrell,Malacia,Malacia,Defender,MUN,10.52983443496938,13.172520015079593,,,,3.7,0.6,0.0,0.8,3,1,1.0,0.0,0.0,0.0,0.0,,7.6,1.5,0.0,0.9,8.0,0,0,0,1,0,2.0,22.5,2.0,0.0,1.0,0.0,1.6455314194198178,2.8549588881667276,1.9446807269399604,1.8769880094694782,2.207675390973397,2.642685580110212,,,,,,,448,1,2.0,22.5,Defender,Man Utd,38
Shea,Lacey,Lacey,Midfielder,MUN,10.971965153571013,13.166769938197069,100.0,100.0,,4.5,0.0,0.0,0.7,3,1,1.0,0.0,0.22,0.02,0.24,,4.0,2.1,16.0,1.7,28.0,0,0,0,0,0,2.0,6.428571428571429,0.0,0.0,2.0,0.0,2.8483130899055906,2.543379396117928,1.6821821249194198,2.0512936379013915,1.846796904726683,2.1948047846260557,,,,,,,755,1,2.0,6.428571428571429,Midfielder,Man Utd,38
Omar,Marmoush,Marmoush,Midfielder,MCI,10.515247984412838,13.157177375813589,100.0,100.0,,8.3,2.9,0.0,6.7,56,0,2.7,0.0,0.36,0.1,0.46,,203.2,159.8,284.0,64.4,0.0,3,3,4,5,8,0.0,0.0,0.0,0.0,0.0,0.0,2.1082004431864783,2.266294877553426,2.347136082666466,1.7727022124293597,2.0209143685771087,2.641929391400752,,,,,,,413,43,0.0,0.0,Midfielder,Man City,38
Rio,Ngumoha,Ngumoha,Midfielder,LIV,11.499074831201693,13.136547706024432,,,,4.3,1.4,0.0,10.0,43,2,2.3,0.0,0.22,0.33,0.55,,176.0,222.8,203.0,60.1,72.0,2,1,2,12,5,2.0,2.5,1.0,0.0,1.0,0.0,2.2192545982288086,2.941075807747803,2.0222898017389666,2.2755017355513227,2.040952887934792,1.6374728748227394,,,,,,,686,14,2.0,2.5,Midfielder,Liverpool,38
Maximilian,Kilman,Kilman,Defender,WHU,10.484517580718801,13.083325874567034,,,,4.0,0.1,0.0,9.0,36,0,1.7,0.0,0.03,0.01,0.04,,392.4,55.8,60.0,50.9,0.0,0,0,1,37,17,0.0,0.0,0.0,0.0,0.0,0.0,1.2668589381684328,3.0822717971049234,1.4953183009401998,2.1431956476156744,2.496872896889571,2.598808293848233,,,,,,,605,21,0.0,0.0,Defender,West Ham,38
Yves,Bissouma,Bissouma,Midfielder,TOT,10.378316390477908,13.058585347035116,100.0,100.0,,5.2,0.0,0.0,3.3,17,0,1.5,0.0,0.05,0.02,0.07,,89.6,25.5,23.0,13.7,0.0,0,0,1,17,7,0.0,0.0,0.0,0.0,0.0,0.0,1.6651167729201588,2.335401677947803,1.8326056036890659,1.9630818108554864,2.5821105250653944,2.680268956557208,,,,,,,587,6,0.0,0.0,Midfielder,Spurs,38
Omar,Alderete,Alderete,Defender,SUN,10.73371129642744,13.051356423271402,50.0,50.0,Knock - 50% chance of playing,4.1,4.9,0.0,30.5,125,0,3.8,0.0,0.05,0.03,0.08,,749.0,138.1,279.0,117.0,0.0,1,1,10,40,32,0.0,0.0,0.0,0.0,0.0,0.0,1.5147892220660308,2.5131274904383796,2.5361484474093636,1.6155647459134554,2.55408139060021,2.3176451268439613,,,,,,,683,56,0.0,0.0,Defender,Sunderland,38
Martin,Ødegaard,Ødegaard,Midfielder,ARS,10.771461803415349,13.047108268512027,100.0,100.0,,7.8,1.7,0.0,9.5,74,0,3.1,0.0,0.08,0.24,0.32,,311.8,564.4,168.0,104.4,0.0,1,7,6,13,16,0.0,0.0,0.0,0.0,0.0,0.0,1.677907651618949,2.467300401716834,1.8636374764044512,2.4082969809333905,2.354319292741724,2.2756464650966777,,,,,,,17,3,0.0,0.0,Midfielder,Arsenal,38
James,McAtee,McAtee,Midfielder,NFO,10.099918886295086,12.967521379524905,,,,5.0,0.1,0.0,3.4,17,1,1.2,0.0,0.06,0.12,0.18,,51.6,82.0,39.0,17.3,12.0,0,1,0,9,2,3.0,22.5,0.0,0.0,3.0,0.0,1.6803087345000747,2.3358682536923823,1.8294350526004213,2.0088772630643557,2.245429582437853,2.86760249322982,,,,,,,426,17,3.0,22.5,Midfielder,Nott'm Forest,38
James,Maddison,Maddison,Midfielder,TOT,10.130406862058715,12.944944451389766,100.0,100.0,,6.8,0.3,0.0,0.4,3,1,1.0,0.0,0.56,0.16,0.72,,2.8,9.5,15.0,2.8,8.0,0,0,0,0,0,2.0,22.5,1.0,0.0,1.0,0.0,1.4148414490172363,2.259803691121224,2.098404504301211,2.100108807549149,2.2572484100698946,2.8145375893310502,,,,,,,581,6,2.0,22.5,Midfielder,Spurs,38
Borna,Sosa,Sosa,Defender,CRY,10.147706466169467,12.928730397582301,75.0,75.0,Knock - 75% chance of playing,4.8,0.1,0.0,1.2,6,0,0.9,0.0,0.04,0.06,0.1,,12.6,24.1,8.0,4.5,0.0,0,0,0,2,0,0.0,0.0,0.0,0.0,0.0,0.0,1.3524399712511888,2.384419522578371,1.6305482675124692,2.1270666621057117,2.6532320427217253,2.7810239314128338,,,,,,,259,31,0.0,0.0,Defender,Crystal Palace,38
Tyler,Dibling,Dibling,Midfielder,EVE,10.141632544140414,12.914264368735292,,,,5.3,0.0,0.0,3.4,18,0,1.3,0.0,0.05,0.04,0.09,,46.0,61.0,32.0,13.6,0.0,0,0,2,2,4,0.0,0.0,0.0,0.0,0.0,0.0,1.196498821440941,3.2053578555011986,1.7368468583507435,1.7815593943759105,2.2213696144716204,2.772631824594879,,,,,,,707,11,0.0,0.0,Midfielder,Everton,38
Harry,Howell,Howell,Midfielder,BHA,10.205098689003272,12.887109739329865,,,,4.5,0.0,0.0,0.9,4,0,1.3,0.0,0.0,0.03,0.03,,10.2,5.1,2.0,1.8,0.0,0,0,0,2,1,0.0,0.0,0.0,0.0,0.0,0.0,1.0642325551909066,3.3677248558148007,1.3648702408069293,1.7453205464617487,2.662950490728888,2.682011050326594,,,,,,,795,36,0.0,0.0,Midfielder,Brighton,38
James,Milner,Milner,Midfielder,BHA,10.649038515983248,12.863272458049309,100.0,100.0,,4.9,0.1,0.0,7.1,35,1,1.8,0.0,0.12,0.08,0.2,,139.0,151.4,59.0,34.7,58.0,1,1,2,17,7,4.0,6.206896551724138,1.0,1.0,2.0,0.0,2.284334765568458,2.2530916054788777,1.843951584776815,1.8626039998686568,2.4050565602904417,2.21423394206606,,,,,,,170,36,4.0,6.206896551724138,Midfielder,Brighton,38
Anthony,Elanga,Elanga,Midfielder,NEW,11.352186178802196,12.82206834655484,100.0,100.0,,6.5,2.6,0.0,7.4,48,1,1.5,0.0,0.11,0.12,0.23,,130.4,266.7,185.0,57.8,24.0,0,1,2,28,14,1.0,3.75,0.0,0.0,1.0,0.0,2.6315872630054233,2.309644912249026,2.5341706921395732,1.9576549754359192,1.9191283359722553,1.4698821677526432,,,,,,,486,4,1.0,3.75,Midfielder,Newcastle,38
Dan,Ndoye,Ndoye,Midfielder,NFO,11.353869462702544,12.769504992331347,75.0,100.0,,5.5,0.7,0.0,9.1,50,0,2.1,0.0,0.08,0.12,0.2,,166.4,217.7,180.0,56.6,0.0,1,2,2,17,14,0.0,0.0,0.0,0.0,0.0,0.0,1.5790337966780774,2.4737245416929543,2.051778318457435,2.5462178955299035,2.7031149103441745,1.4156355296288035,,,,,,,669,17,0.0,0.0,Midfielder,Nott'm Forest,38
Max,Dowman,Dowman,Midfielder,ARS,10.987277811559785,12.757321753328542,100.0,100.0,,4.2,0.9,0.0,3.8,16,3,2.7,0.0,0.7,0.18,0.88,,45.2,55.5,65.0,16.6,61.0,1,1,1,1,1,5.0,7.377049180327869,0.0,0.0,5.0,0.0,2.363350896376658,2.526669591052109,1.856535380026897,2.15886451645443,2.08185742764969,1.7700439417687566,,,,,,,700,3,5.0,7.377049180327869,Midfielder,Arsenal,38
Endo,Wataru,Endo,Midfielder,LIV,9.645950266228207,12.68485387729649,50.0,50.0,Foot injury - 50% chance of playing,4.9,0.1,0.0,2.4,12,0,1.5,0.0,0.02,0.03,0.05,,56.0,18.1,6.0,8.0,0.0,0,1,1,5,1,0.0,0.0,0.0,0.0,0.0,0.0,1.416140596111287,2.5498169490922358,1.963061291458897,1.5038381836231864,2.2130932459426003,3.0389036110682826,,,,,,,392,14,0.0,0.0,Midfielder,Liverpool,38
Charalampos,Kostoulas,Kostoulas,Forward,BHA,10.980630320590524,12.680406187666405,,,,4.8,0.3,0.0,7.3,35,1,1.7,0.0,0.54,0.14,0.68,,143.6,126.5,255.0,52.4,31.0,2,1,1,9,2,1.0,2.903225806451613,0.0,0.0,1.0,0.0,2.203182958906505,2.408132543266257,2.3702583361361524,1.9126966360279771,2.0863598462536332,1.6997758670758802,,,,,,,181,36,1.0,2.903225806451613,Forward,Brighton,38
Tosin,Adarabioyo,Tosin,Defender,CHE,9.82325189219137,12.627146461030792,100.0,100.0,,4.0,0.3,0.0,8.5,34,0,2.1,0.0,0.01,0.05,0.06,,240.4,33.3,19.0,29.3,0.0,0,0,2,14,8,0.0,0.0,0.0,0.0,0.0,0.0,1.5950353395840344,1.7664827533458096,1.6653447805464876,2.414371224413623,2.382017794301416,2.8038945688394215,,,,,,,232,8,0.0,0.0,Defender,Chelsea,38
Kieran,Trippier,Trippier,Defender,NEW,10.792763954287395,12.597979565373736,100.0,100.0,,4.9,1.4,0.0,11.0,54,0,2.6,0.0,0.0,0.12,0.12,,288.0,488.5,14.0,79.0,0.0,0,1,5,27,18,0.0,0.0,0.0,0.0,0.0,0.0,1.943239220685447,2.3846529029003722,2.074493331425078,2.109299604684087,2.2810788945924116,1.8052156110863415,,,,,,,478,4,0.0,0.0,Defender,Newcastle,38
Noah,Okafor,Okafor,Midfielder,LEE,9.70066450150427,12.543622446712586,0.0,0.0,Calf injury - Expected back 01 Jun,5.5,0.9,0.0,19.8,109,0,3.9,0.0,0.3,0.08,0.38,,438.8,275.0,435.0,115.0,0.0,8,3,6,26,19,0.0,0.0,0.0,0.0,0.0,0.0,0.3791520244932321,0.8900611891527848,2.701513197426791,2.8654549321269425,2.86448315830452,2.8429579452083154,,,,,,,698,2,0.0,0.0,Midfielder,Leeds,38
Xavi,Simons,Xavi,Midfielder,TOT,8.890201625838053,12.53863260857199,0.0,0.0,Knee injury - Expected back 01 Jan,6.3,1.1,0.0,12.7,80,0,2.9,0.0,0.16,0.2,0.36,,349.6,533.8,255.0,113.9,0.0,2,5,4,36,19,0.0,0.0,0.0,0.0,0.0,0.0,0.6269247056449587,0.7362494981727936,2.0140369129251847,3.0676764651955564,2.445314043899559,3.648430982733939,,,,,,,717,6,0.0,0.0,Midfielder,Spurs,38
Carlos,Alcaraz Durán,Alcaraz,Midfielder,EVE,10.096867085077164,12.478505649128836,100.0,100.0,,5.2,0.1,0.0,5.6,29,1,1.4,0.0,0.16,0.07,0.23,,93.8,161.9,162.0,41.8,6.0,0,1,3,10,6,2.0,30.0,1.0,0.0,1.0,0.0,1.2345969240210426,2.136595500603729,2.2265172032198626,2.3351610665952554,2.1639963906372746,2.3816385640516717,,,,,,,301,11,2.0,30.0,Midfielder,Everton,38
Josh,Laurent,Laurent,Midfielder,BUR,10.386842527800589,12.477187767482008,100.0,100.0,,4.8,0.0,0.0,11.7,56,0,1.7,0.0,0.04,0.02,0.06,,298.0,185.1,111.0,58.6,0.0,1,0,2,41,18,0.0,0.0,0.0,0.0,0.0,0.0,1.6925948017765309,2.1102547951166892,2.3440989774259062,1.8382603509824427,2.4016336024990204,2.090345239681418,,,,,,,209,90,0.0,0.0,Midfielder,Burnley,38
Aaron,Ramsdale,Ramsdale,Goalkeeper,NEW,9.84735014572912,12.453497160527055,,,,4.8,0.7,0.0,5.2,25,0,2.1,0.0,0.0,0.0,0.0,,212.8,10.0,0.0,22.3,0.0,0,0,1,17,11,0.0,0.0,0.0,0.0,0.0,0.0,1.1894072927190154,2.6897424329696604,1.7123239293774275,1.868760912163495,2.387115578499521,2.6061470147979358,,,,,,,674,4,0.0,0.0,Goalkeeper,Newcastle,38
Jean-Clair,Todibo,Todibo,Defender,WHU,9.823177148680086,12.45257764942675,100.0,100.0,,4.3,0.1,0.0,10.7,46,0,2.0,0.0,0.01,0.02,0.03,,383.4,66.6,26.0,47.7,0.0,0,1,1,37,22,0.0,0.0,0.0,0.0,0.0,0.0,1.5574689332358416,2.128259943516637,1.8188097793157723,1.9479160530337623,2.3707224395780733,2.629400500746665,,,,,,,609,21,0.0,0.0,Defender,West Ham,38
Séamus,Coleman,Coleman,Defender,EVE,9.950214599111067,12.44696852253382,100.0,100.0,,4.2,0.1,0.0,1.2,5,1,1.0,0.0,0.0,0.81,0.81,,7.0,19.3,0.0,2.7,6.0,0,0,0,1,1,0.0,0.0,0.0,0.0,0.0,0.0,1.5414044314765745,2.0169303575176674,2.014122644803572,2.1929034127700735,2.1848537525431797,2.4967539234227534,,,,,,,294,11,0.0,0.0,Defender,Everton,38
Manuel,Ugarte Ribeiro,Ugarte,Midfielder,MUN,9.838183363882194,12.39223242172881,100.0,100.0,,4.7,0.1,0.0,8.1,38,0,1.7,0.0,0.07,0.02,0.09,,167.2,83.6,48.0,29.8,0.0,0,0,1,23,8,0.0,0.0,0.0,0.0,0.0,0.0,1.676293088716944,1.8398289435653212,1.572143294196757,2.406821639145484,2.3430963982576873,2.5540490578466155,,,,,,,459,1,0.0,0.0,Midfielder,Man Utd,38
Nehemiah,Oriola,Oriola,Midfielder,BHA,9.900967572199134,12.358046945773827,,,,4.5,0.0,0.0,0.2,1,0,1.0,0.0,0.0,0.0,0.0,,0.0,0.0,0.0,0.0,0.0,0,0,0,0,0,0.0,0.0,0.0,0.0,0.0,0.0,1.1741023103715293,2.9494281933658955,1.3443134943220723,1.6402772208221212,2.792846353317516,2.4570793735746927,,,,,,,744,36,0.0,0.0,Midfielder,Brighton,38
Federico,Chiesa,Chiesa,Midfielder,LIV,10.161423317877093,12.303675279840624,100.0,100.0,,6.3,0.3,0.0,5.9,37,0,1.4,0.0,0.41,0.17,0.58,,122.0,47.5,182.0,34.9,0.0,2,1,0,9,1,0.0,0.0,0.0,0.0,0.0,0.0,1.4504834226780916,1.8987927622914096,2.5068846882739932,2.0349960194748533,2.270266425158745,2.1422519619635314,,,,,,,385,14,0.0,0.0,Midfielder,Liverpool,38
Douglas Luiz,Soares de Paulo,Douglas Luiz,Midfielder,AVL,10.644837093316458,12.302766441250023,100.0,100.0,,4.9,0.1,0.0,7.1,35,2,1.7,0.0,0.05,0.14,0.19,,201.6,294.3,94.0,59.1,72.0,1,1,1,15,12,9.0,11.25,1.0,5.0,3.0,0.0,2.779460793223688,2.0852851449679557,1.8464845354655968,1.8426256870321644,2.090980932627054,1.6579293479335653,,,,,,,699,7,9.0,11.25,Midfielder,Aston Villa,38
Alphonse,Areola,Areola,Goalkeeper,WHU,9.62153929076203,12.285668563442574,100.0,100.0,,4.2,1.9,0.0,12.1,51,0,2.5,0.0,0.0,0.0,0.0,,570.4,10.0,0.0,57.9,0.0,0,1,0,37,20,0.0,0.0,0.0,0.0,0.0,0.0,1.6158827532962723,2.2952055335404573,1.9014989547473464,1.7251920885161298,2.0837599606618236,2.6641292726805434,,,,,,,600,21,0.0,0.0,Goalkeeper,West Ham,38
Igor Julio,dos Santos de Paulo,Igor,Defender,BHA,9.482997812274998,12.256007281045965,100.0,100.0,,4.5,0.1,0.0,1.3,6,0,1.5,0.0,0.0,0.0,0.0,,25.8,10.6,0.0,3.6,0.0,0,0,0,3,1,0.0,0.0,0.0,0.0,0.0,0.0,1.3944110339490399,2.068090225594032,1.7200241516333021,1.7436853414618296,2.556787059636794,2.7730094687709674,,,,,,,149,36,0.0,0.0,Defender,Brighton,38
Djiamgone Jocelin Ta,Bi,Jocelin.T,Midfielder,SUN,9.338696650852995,12.250291206433408,100.0,100.0,,4.9,0.0,0.0,0.2,1,0,1.0,0.0,0.0,0.09,0.09,,3.4,4.3,2.0,1.0,0.0,0,0,0,0,1,0.0,0.0,0.0,0.0,0.0,0.0,1.4126256323237714,2.2361407189150344,1.441999490110994,1.6879964606200621,2.5599343488831323,2.9115945555804132,,,,,,,800,56,0.0,0.0,Midfielder,Sunderland,38
Connor,Roberts,Roberts,Defender,BUR,9.313144910243896,12.1792417774219,75.0,100.0,,4.3,0.0,0.0,0.0,0,0,0.0,0.0,0.0,0.0,0.0,,0.0,0.0,0.0,0.0,0.0,0,0,0,0,0,0.0,0.0,0.0,0.0,0.0,0.0,1.3787446725993862,2.7744473421308684,1.4000094770764826,1.5972608971600888,2.1626825212770706,2.8660968671780047,,,,,,,186,90,0.0,0.0,Defender,Burnley,38
Joe,Gomez,Gomez,Defender,LIV,9.360663196711354,12.170887289698285,100.0,100.0,,4.9,0.2,0.0,6.7,33,1,1.6,0.0,0.04,0.1,0.14,,122.8,77.8,31.0,23.2,1.0,0,2,2,14,7,0.0,0.0,0.0,0.0,0.0,0.0,1.5414425365920057,1.9353692012466597,1.7287129409703377,1.849491578431068,2.3056469394712824,2.810224092986931,,,,,,,376,14,0.0,0.0,Defender,Liverpool,38
Mohamadou,Kanté,Mohamadou Kanté,Midfielder,WHU,9.104431669936293,12.138991828930461,,,,4.5,0.0,0.0,2.0,9,1,0.8,0.0,0.09,0.05,0.14,,18.0,13.2,12.0,4.0,2.0,0,0,0,1,0,1.0,45.0,0.0,1.0,0.0,0.0,1.2486495595064082,2.5755828633095534,1.6460487842618248,1.7068404366862737,1.9273100261722327,3.0345601589941675,,,,,,,758,21,1.0,45.0,Midfielder,West Ham,38
Sverre,Nypan,Nypan,Midfielder,MCI,9.045476882132071,12.098160133569264,100.0,100.0,,5.0,0.0,0.0,0.0,0,0,0.0,0.0,0.0,0.0,0.0,,0.0,0.0,0.0,0.0,0.0,0,0,0,0,0,0.0,0.0,0.0,0.0,0.0,0.0,1.5408712262557447,2.332234166491517,1.4264808916237772,1.6377798654370386,2.108110732323994,3.0526832514371933,,,,,,,428,43,0.0,0.0,Midfielder,Man City,38
Lucas,Bergvall,Bergvall,Midfielder,TOT,9.920615635789233,12.032247075680882,100.0,100.0,,5.2,0.2,0.0,9.4,49,0,2.1,0.0,0.12,0.04,0.16,,164.6,106.4,147.0,41.5,0.0,1,3,3,18,11,0.0,0.0,0.0,0.0,0.0,0.0,1.7539457443561777,1.8391947069066445,2.325472911948445,1.7755451235813373,2.2264571489966283,2.1116314398916485,,,,,,,586,6,0.0,0.0,Midfielder,Spurs,38
George,Hemmings,George Hemmings,Midfielder,AVL,9.716068683356028,12.018795527112454,,,,4.5,0.0,0.0,0.4,2,0,1.0,0.0,0.14,0.04,0.18,,0.0,1.7,2.0,0.3,0.0,0,0,0,0,0,0.0,0.0,0.0,0.0,0.0,0.0,1.0512339795857697,2.635288335770845,1.6781679552218767,1.7234535712065755,2.6279248415709615,2.3027268437564263,,,,,,,754,7,0.0,0.0,Midfielder,Aston Villa,38
Dennis,Cirkin,Cirkin,Defender,SUN,9.304474317328674,12.014189509300643,100.0,100.0,,4.0,0.0,0.0,3.5,14,0,1.8,0.0,0.02,0.01,0.03,,59.2,9.7,10.0,7.5,0.0,0,0,1,2,3,0.0,0.0,0.0,0.0,0.0,0.0,1.361735219371315,2.124434021035734,1.6188453459039644,1.5333204038934463,2.666139327124214,2.709715191971969,,,,,,,535,56,0.0,0.0,Defender,Sunderland,38
Ezra,Mayers,Mayers,Defender,WHU,9.369602786667643,12.000386231541503,,,,4.0,0.0,0.0,1.5,6,0,1.0,0.0,0.1,0.39,0.49,,21.8,34.9,9.0,6.6,0.0,0,0,0,3,0,0.0,0.0,0.0,0.0,0.0,0.0,1.2672825065205147,2.5425854764865803,1.4378106517465792,1.9316746692159517,2.1902494826980177,2.630783444873859,,,,,,,747,21,0.0,0.0,Defender,West Ham,38
Lewis,Cook,Cook,Midfielder,BOU,9.79397377474165,11.97744857429808,100.0,100.0,,4.9,0.0,0.0,8.2,40,1,2.2,0.0,0.01,0.05,0.06,,206.8,183.8,12.0,40.6,1.0,0,1,1,19,8,0.0,0.0,0.0,0.0,0.0,0.0,1.8348016818480126,1.8124915459831465,1.9991624067031735,1.9451302394313539,2.2023879007759644,2.1834747995564294,,,,,,,88,91,0.0,0.0,Midfielder,Bournemouth,38
Soungoutou,Magassa,S.Magassa,Midfielder,WHU,9.326955694323342,11.976653575696833,,,,5.0,0.0,0.0,8.4,42,0,1.9,0.0,0.04,0.03,0.07,,182.0,83.4,44.0,31.0,0.0,1,0,2,23,11,0.0,0.0,0.0,0.0,0.0,0.0,1.254219907161414,2.385453068794104,1.6544187433671282,1.869873998294452,2.1629899767062444,2.6496978813734904,,,,,,,718,21,0.0,0.0,Midfielder,West Ham,38
Filip,Jörgensen,Jörgensen,Goalkeeper,CHE,9.234404887743686,11.969885851011025,100.0,100.0,,4.3,0.2,0.0,2.1,9,0,1.8,0.0,0.0,0.0,0.0,,79.8,0.0,0.0,7.9,0.0,0,0,0,5,3,0.0,0.0,0.0,0.0,0.0,0.0,1.5896948539745468,1.9916656233704229,1.7023862166547352,1.7510521397293397,2.199606054014642,2.735480963267338,,,,,,,221,8,0.0,0.0,Goalkeeper,Chelsea,38
Jerome,Abbey,Abbey,Midfielder,WOL,9.573753304105066,11.937339297201369,,,,4.5,0.0,0.0,0.2,1,1,1.0,0.0,0.0,0.0,0.0,,3.2,0.0,0.0,0.3,16.0,0,0,0,0,0,2.0,11.25,1.0,1.0,0.0,0.0,1.5822296730478114,2.400514726561461,1.787034730806863,1.8770919058840123,1.9268822678049187,2.3635859930963017,,,,,,,809,39,2.0,11.25,Midfielder,Wolves,38
Milan,Aleksić,Aleksić,Midfielder,SUN,8.978721256694293,11.927661319216691,100.0,100.0,,4.9,0.0,0.0,0.0,0,0,0.0,0.0,0.0,0.0,0.0,,0.0,0.0,0.0,0.0,0.0,0,0,0,0,0,0.0,0.0,0.0,0.0,0.0,0.0,1.4664457208895372,2.1032203141673023,1.3523168409681006,1.5451814220561548,2.511556958613199,2.9489400625223987,,,,,,,546,56,0.0,0.0,Midfielder,Sunderland,38
Joél,Drakes-Thomas,Drakes-Thomas,Midfielder,CRY,9.662699044607368,11.909749018015662,,,,4.5,0.0,0.0,0.4,2,0,1.0,0.0,0.0,0.0,0.0,,1.4,1.0,0.0,0.3,0.0,0,0,0,1,0,0.0,0.0,0.0,0.0,0.0,0.0,1.0927170281151555,2.760154002503878,1.356039764994725,1.7582481896537696,2.69554005933984,2.2470499734082936,,,,,,,762,31,0.0,0.0,Midfielder,Crystal Palace,38
Ian,Poveda-Ocampo,Poveda,Midfielder,SUN,9.573671271425924,11.900603660354438,,,,4.7,0.0,0.0,0.0,0,0,0.0,0.0,0.0,0.0,0.0,,0.0,0.0,0.0,0.0,0.0,0,0,0,0,0,0.0,0.0,0.0,0.0,0.0,0.0,1.1649485004873434,2.648802581975669,1.3350175854969244,1.6112823334186164,2.8136202700473714,2.3269323889285127,,,,,,,550,56,0.0,0.0,Midfielder,Sunderland,38
Alex,Murphy,A.Murphy,Defender,NEW,9.852910952639743,11.846763996961693,,,,3.8,0.7,0.0,0.5,2,1,1.0,0.0,0.0,0.0,0.0,,10.2,0.6,2.0,1.3,6.0,0,0,0,1,0,3.0,45.0,0.0,3.0,0.0,0.0,1.7398412764566564,2.23275454095219,1.798940577586091,2.1834700072175717,1.897904550427234,1.9938530443219509,,,,,,,481,4,3.0,45.0,Defender,Newcastle,38
Roméo,Lavia,Lavia,Midfielder,CHE,9.202285093421466,11.818734165933515,75.0,75.0,Knock - 75% chance of playing,4.9,0.0,0.0,2.7,13,0,1.1,0.0,0.05,0.13,0.18,,34.4,46.6,14.0,9.5,0.0,0,0,0,10,4,0.0,0.0,0.0,0.0,0.0,0.0,1.3906655250495206,1.9883560575383408,1.9731091981955087,1.6890225354570876,2.1611317771810086,2.616449072512049,,,,,,,244,8,0.0,0.0,Midfielder,Chelsea,38
Zeki,Amdouni,Amdouni,Forward,BUR,9.745533174808164,11.804245095643601,100.0,100.0,,4.8,0.0,0.0,0.8,4,1,1.0,0.0,0.31,0.03,0.34,,2.6,5.1,20.0,2.6,24.0,0,0,0,0,0,0.0,0.0,0.0,0.0,0.0,0.0,2.0212938263201377,2.4310796716717213,1.666439868342799,1.857053939166535,1.7696658693069705,2.058711920835436,,,,,,,216,90,0.0,0.0,Forward,Burnley,38
Sean,Longstaff,Longstaff,Midfielder,LEE,10.015521187383914,11.80410628571669,100.0,100.0,,4.8,0.2,0.0,11.7,56,0,2.4,0.0,0.11,0.17,0.28,,291.8,403.7,116.0,81.2,0.0,2,2,1,20,10,0.0,0.0,0.0,0.0,0.0,0.0,1.48003208946044,2.291945510635598,2.361423139423645,1.8849313278460207,1.9971891200182108,1.788585098332776,,,,,,,493,2,0.0,0.0,Midfielder,Leeds,38
Tyrique,George,George,Midfielder,EVE,10.199116606835418,11.79207439109777,100.0,100.0,,4.8,0.1,0.0,3.3,16,1,1.1,0.0,0.16,0.31,0.47,,44.2,66.2,132.0,23.9,28.0,0,0,1,9,1,2.0,6.428571428571429,1.0,0.0,1.0,0.0,2.1676659295234533,2.1695164175327664,1.7487183794157002,1.9641783178244745,2.1490375625390237,1.5929577842623535,,,,,,,243,11,2.0,6.428571428571429,Midfielder,Everton,38
Enock,Agyei,Boateng,Midfielder,BUR,9.227523910365,11.768484838502065,,,,4.7,0.0,0.0,0.0,0,0,0.0,0.0,0.0,0.0,0.0,,0.0,0.0,0.0,0.0,0.0,0,0,0,0,0,0.0,0.0,0.0,0.0,0.0,0.0,1.2040857347664877,3.061986761010193,1.2311396959180012,1.6981702391331837,2.032141479537134,2.540960928137065,,,,,,,203,90,0.0,0.0,Midfielder,Burnley,38
Landon,Emenalo,Emenalo,Midfielder,CHE,9.249315849619176,11.767869373674255,,,,4.5,0.0,0.0,0.0,0,0,0.0,0.0,0.0,0.0,0.0,,0.0,0.0,0.0,0.0,0.0,0,0,0,0,0,0.0,0.0,0.0,0.0,0.0,0.0,1.2031279005869058,2.7069601965125885,1.6159867293897756,1.765391265793548,1.9578497573363578,2.5185535240550783,,,,,,,743,8,0.0,0.0,Midfielder,Chelsea,38
Charlie,Stevens,Stevens,Midfielder,BOU,9.23962205574671,11.767192728726716,,,,4.5,0.0,0.0,0.0,0,0,0.0,0.0,0.0,0.0,0.0,,0.0,0.0,0.0,0.0,0.0,0,0,0,0,0,0.0,0.0,0.0,0.0,0.0,0.0,1.2031279005869058,2.7069601965125885,1.6159867293897756,1.765391265793548,1.948155963463891,2.5275706729800067,,,,,,,799,91,0.0,0.0,Midfielder,Bournemouth,38
Malcom,DaCosta,DaCosta,Midfielder,BOU,9.23962205574671,11.767192728726716,,,,4.5,0.0,0.0,0.0,0,0,0.0,0.0,0.0,0.0,0.0,,0.0,0.0,0.0,0.0,0.0,0,0,0,0,0,0.0,0.0,0.0,0.0,0.0,0.0,1.2031279005869058,2.7069601965125885,1.6159867293897756,1.765391265793548,1.948155963463891,2.5275706729800067,,,,,,,756,91,0.0,0.0,Midfielder,Bournemouth,38
Kaden,Rodney,Rodney,Midfielder,CRY,9.511047966776918,11.764431803278868,,,,4.4,0.1,0.0,0.2,1,0,1.0,0.0,0.0,0.0,0.0,,0.0,0.1,0.0,0.0,0.0,0,0,0,0,0,0.0,0.0,0.0,0.0,0.0,0.0,1.0893598387247887,2.698247426827921,1.3277462110166418,1.7564178068772431,2.6392766833303227,2.2533838365019507,,,,,,,281,31,0.0,0.0,Midfielder,Crystal Palace,38
Idrissa Gana,Gueye,Gana,Midfielder,EVE,10.03105370647067,11.75523290750668,50.0,50.0,Lack of match fitness - 50% chance of playing,5.4,0.1,0.0,15.4,83,0,3.3,0.0,0.09,0.08,0.17,,382.6,259.2,208.0,85.1,0.0,2,3,5,26,25,0.0,0.0,0.0,0.0,0.0,0.0,1.6676963254920287,2.2530441103858214,2.2843815498420392,1.5038447182666332,2.322087002484148,1.7241792010360095,,,,,,,302,11,0.0,0.0,Midfielder,Everton,38
Sam,Chambers,Chambers,Midfielder,LEE,9.213461825754887,11.741984056038596,,,,4.4,0.0,0.0,0.0,0,0,0.0,0.0,0.0,0.0,0.0,,0.0,0.0,0.0,0.0,0.0,0,0,0,0,0,0.0,0.0,0.0,0.0,0.0,0.0,1.2043973424628613,2.7069601965125885,1.5969225185800313,1.7644296106859243,1.940752157513481,2.5285222302837096,,,,,,,787,2,0.0,0.0,Midfielder,Leeds,38
Bradley,Burrowes,Burrowes,Midfielder,AVL,9.458563267909595,11.727152192734195,,,,4.3,0.1,0.0,0.2,1,0,1.0,0.0,0.0,0.0,0.0,,0.0,0.3,0.0,0.0,0.0,0,0,0,1,0,0.0,0.0,0.0,0.0,0.0,0.0,1.047435713662294,2.4610466182860447,1.6639309344978022,1.7336724230929623,2.552477578370491,2.268588924824601,,,,,,,702,7,0.0,0.0,Midfielder,Aston Villa,38
Daniel,James,James,Midfielder,LEE,9.793372238930612,11.726201147709276,100.0,100.0,,5.2,0.1,0.0,4.4,23,1,1.2,0.0,0.15,0.12,0.27,,70.8,133.1,133.0,33.9,20.0,0,0,1,16,6,1.0,4.5,1.0,0.0,0.0,0.0,2.0489712585532383,1.8556652628258183,2.120448678128489,1.952663493078147,1.8156235463449202,1.932828908778664,,,,,,,353,2,1.0,4.5,Midfielder,Leeds,38
Sean,Neave,Neave,Forward,NEW,9.666221879967706,11.67417455138629,,,,4.3,0.3,0.0,0.2,1,1,1.0,0.0,0.21,0.0,0.21,,0.0,0.0,5.0,0.5,13.0,0,0,0,1,0,0.0,0.0,0.0,0.0,0.0,0.0,1.7473642253952903,2.12899505079017,1.9325714221447512,2.249806861509711,1.6074843201277829,2.0079526714185834,,,,,,,501,4,0.0,0.0,Forward,Newcastle,38
Ollie,Scarles,Scarles,Defender,WHU,9.02650615386938,11.654157938170393,100.0,100.0,,4.3,0.0,0.0,4.9,21,0,1.6,0.0,0.02,0.04,0.06,,142.2,82.1,22.0,24.6,0.0,0,1,0,16,9,0.0,0.0,0.0,0.0,0.0,0.0,1.2857554638441304,2.016394870705269,1.6947222729741453,1.7457375720246264,2.2838959743212106,2.6276517843010128,,,,,,,608,21,0.0,0.0,Defender,West Ham,38
Jackson,Tchatchoua,Tchatchoua,Defender,WOL,10.294917750344386,11.640146741373353,,,,4.4,0.0,0.0,11.8,52,0,1.7,0.0,0.02,0.08,0.1,,318.2,349.9,69.0,73.8,0.0,0,1,3,37,19,0.0,0.0,0.0,0.0,0.0,0.0,1.3065638620239568,2.220943289793789,1.955606726504868,2.4398870711591587,2.3719168008626115,1.3452289910289676,,,,,,,695,39,0.0,0.0,Defender,Wolves,38
Mike,Trésor Ndayishimiye,Trésor,Midfielder,BUR,8.84280179389757,11.624853084840346,100.0,100.0,,4.3,0.1,0.0,1.4,6,0,1.0,0.0,0.0,0.0,0.0,,7.2,15.2,2.0,2.4,0.0,0,0,0,2,0,0.0,0.0,0.0,0.0,0.0,0.0,1.3423624591628414,2.205824141492216,1.5202319707830987,1.6335291247472201,2.1408540977121926,2.7820512909427757,,,,,,,214,90,0.0,0.0,Midfielder,Burnley,38
Luka,Bentt,Bentt,Midfielder,BRE,9.271289816365092,11.604882465255507,,,,4.5,0.0,0.0,0.0,0,0,0.0,0.0,0.0,0.0,0.0,,0.0,0.0,0.0,0.0,0.0,0,0,0,0,0,0.0,0.0,0.0,0.0,0.0,0.0,1.0606238401905794,2.356224602548601,1.694857003617012,1.5981542340802268,2.5614301359286724,2.3335926488904137,,,,,,,810,94,0.0,0.0,Midfielder,Brentford,38
Riley,Owen,Owen,Midfielder,BRE,9.271289816365092,11.604882465255507,,,,4.5,0.0,0.0,0.0,0,0,0.0,0.0,0.0,0.0,0.0,,0.0,0.0,0.0,0.0,0.0,0,0,0,0,0,0.0,0.0,0.0,0.0,0.0,0.0,1.0606238401905794,2.356224602548601,1.694857003617012,1.5981542340802268,2.5614301359286724,2.3335926488904137,,,,,,,826,94,0.0,0.0,Midfielder,Brentford,38
Veljko,Milosavljevic,Milosavljević,Defender,BOU,8.89566616769847,11.593033534090745,100.0,100.0,,4.4,0.0,0.0,4.3,19,0,2.7,0.0,0.04,0.05,0.09,,98.4,13.9,10.0,12.2,0.0,0,0,1,6,4,0.0,0.0,0.0,0.0,0.0,0.0,1.4454671795841014,1.856592045347862,1.639003578212039,1.5908551104475115,2.363748254106957,2.697367366392274,,,,,,,721,91,0.0,0.0,Defender,Bournemouth,38
Remy,Rees-Dottin,Rees-Dottin,Midfielder,BOU,9.057882258623549,11.559934499829058,,,,4.3,0.2,0.0,0.0,0,0,0.0,0.0,0.0,0.0,0.0,,0.0,0.0,0.0,0.0,0.0,0,0,0,0,0,0.0,0.0,0.0,0.0,0.0,0.0,1.169248030920273,2.584133901994664,1.6241268985471102,1.7386388816341598,1.9417345455273416,2.502052241205509,,,,,,,687,91,0.0,0.0,Midfielder,Bournemouth,38
Joe,Worrall,Worrall,Defender,BUR,8.976146681426172,11.515836777987047,100.0,100.0,,3.8,0.2,0.0,5.3,20,0,1.8,0.0,0.01,0.0,0.01,,147.4,1.5,19.0,17.0,0.0,0,0,0,11,5,0.0,0.0,0.0,0.0,0.0,0.0,1.3412377198872723,2.096481678451753,1.587840946454061,1.5427151491954612,2.4078711874376246,2.539690096560875,,,,,,,199,90,0.0,0.0,Defender,Burnley,38
Ryan,McAidoo,McAidoo,Midfielder,MCI,8.990449654295968,11.502790869310434,,,,4.5,0.0,0.0,0.0,0,0,0.0,0.0,0.0,0.0,0.0,,0.0,0.0,0.0,0.0,0.0,0,0,0,0,0,0.0,0.0,0.0,0.0,0.0,0.0,1.1987379302228365,2.931388867016367,1.1966940755158055,1.7142896412385797,1.9493391403023803,2.512341215014465,,,,,,,742,43,0.0,0.0,Midfielder,Man City,38
Reigan,Heskey,Heskey,Midfielder,MCI,8.990449654295968,11.502790869310434,,,,4.5,0.0,0.0,0.0,0,0,0.0,0.0,0.0,0.0,0.0,,0.0,0.0,0.0,0.0,0.0,0,0,0,0,0,0.0,0.0,0.0,0.0,0.0,0.0,1.1987379302228365,2.931388867016367,1.1966940755158055,1.7142896412385797,1.9493391403023803,2.512341215014465,,,,,,,764,43,0.0,0.0,Midfielder,Man City,38
Charlie,Gray,Gray,Midfielder,MCI,8.990449654295968,11.502790869310434,,,,4.5,0.0,0.0,0.0,0,0,0.0,0.0,0.0,0.0,0.0,,0.0,0.0,0.0,0.0,0.0,0,0,0,0,0,0.0,0.0,0.0,0.0,0.0,0.0,1.1987379302228365,2.931388867016367,1.1966940755158055,1.7142896412385797,1.9493391403023803,2.512341215014465,,,,,,,763,43,0.0,0.0,Midfielder,Man City,38
Jack,Whittaker,Whittaker,Midfielder,SUN,9.193596370071152,11.47890862117011,,,,4.5,0.0,0.0,0.0,0,0,0.0,0.0,0.0,0.0,0.0,,0.0,0.0,0.0,0.0,0.0,0,0,0,0,0,0.0,0.0,0.0,0.0,0.0,0.0,1.03050885007947,2.4722433741034946,1.363199780586315,1.5731719967636868,2.7544723685381847,2.285312251098958,,,,,,,821,56,0.0,0.0,Midfielder,Sunderland,38
Jaydon,Jones,Jones,Midfielder,SUN,9.193596370071152,11.47890862117011,,,,4.5,0.0,0.0,0.0,0,0,0.0,0.0,0.0,0.0,0.0,,0.0,0.0,0.0,0.0,0.0,0,0,0,0,0,0.0,0.0,0.0,0.0,0.0,0.0,1.03050885007947,2.4722433741034946,1.363199780586315,1.5731719967636868,2.7544723685381847,2.285312251098958,,,,,,,822,56,0.0,0.0,Midfielder,Sunderland,38
George,Brierley,Brierley,Midfielder,BUR,8.975006945353034,11.424911988391704,,,,4.5,0.0,0.0,0.0,0,0,0.0,0.0,0.0,0.0,0.0,,0.0,0.0,0.0,0.0,0.0,0,0,0,0,0,0.0,0.0,0.0,0.0,0.0,0.0,1.1840149175004302,2.8623253645128366,1.2090928848555613,1.680866082281351,2.038707696202853,2.4499050430386706,,,,,,,784,90,0.0,0.0,Midfielder,Burnley,38
Oliver,Pimlott,Pimlott,Midfielder,BUR,8.975006945353034,11.424911988391704,,,,4.5,0.0,0.0,0.0,0,0,0.0,0.0,0.0,0.0,0.0,,0.0,0.0,0.0,0.0,0.0,0,0,0,0,0,0.0,0.0,0.0,0.0,0.0,0.0,1.1840149175004302,2.8623253645128366,1.2090928848555613,1.680866082281351,2.038707696202853,2.4499050430386706,,,,,,,776,90,0.0,0.0,Midfielder,Burnley,38
Kian,McMahon-Brown,McMahon-Brown,Midfielder,BUR,8.975006945353034,11.424911988391704,,,,4.5,0.0,0.0,0.0,0,0,0.0,0.0,0.0,0.0,0.0,,0.0,0.0,0.0,0.0,0.0,0,0,0,0,0,0.0,0.0,0.0,0.0,0.0,0.0,1.1840149175004302,2.8623253645128366,1.2090928848555613,1.680866082281351,2.038707696202853,2.4499050430386706,,,,,,,820,90,0.0,0.0,Midfielder,Burnley,38
Keiber,Lamadrid,Lamadrid,Midfielder,WHU,8.93830136476507,11.410489136545777,,,,5.0,0.0,0.0,0.0,0,0,0.0,0.0,0.0,0.0,0.0,,0.0,0.0,0.0,0.0,0.0,0,0,0,0,0,0.0,0.0,0.0,0.0,0.0,0.0,1.2529743651768976,2.809610783312519,1.2340893007365912,1.7051753563223975,1.936451559216666,2.472187771780707,,,,,,,802,21,0.0,0.0,Midfielder,West Ham,38
Jean-Ricner,Bellegarde,Bellegarde,Midfielder,WOL,9.32854730687752,11.40666872897495,100.0,100.0,,5.1,0.0,0.0,8.6,44,0,1.7,0.0,0.08,0.08,0.16,,195.4,210.3,145.0,54.6,0.0,1,1,3,30,15,0.0,0.0,0.0,0.0,0.0,0.0,1.622813016929646,1.903685517383087,2.1884585218387684,1.48758665207201,2.126003598654008,2.078121422097431,,,,,,,644,39,0.0,0.0,Midfielder,Wolves,38
Benoît,Badiashile Mukinayi,B.Badiashile,Defender,CHE,8.649873413216973,11.389263937405758,100.0,100.0,,4.4,0.0,0.0,1.6,7,0,0.9,0.0,0.0,0.01,0.01,,102.8,7.9,2.0,11.4,0.0,0,0,0,10,6,0.0,0.0,0.0,0.0,0.0,0.0,1.364800032871719,1.9157463054445578,1.6434027429517566,1.6897193284067915,2.0362050035421477,2.739390524188785,,,,,,,229,8,0.0,0.0,Defender,Chelsea,38
Amine,Adli,Adli,Midfielder,BOU,9.331636800666885,11.384972185266175,,,,5.4,0.2,0.0,12.4,67,1,2.2,0.0,0.22,0.14,0.36,,272.6,235.9,260.0,76.1,17.0,3,2,3,17,10,3.0,15.882352941176471,2.0,1.0,0.0,0.0,1.661751048073558,1.9792119348488364,2.1073541436544456,1.6384075373387237,1.9449121367513214,2.0533353845992908,,,,,,,697,91,3.0,15.882352941176471,Midfielder,Bournemouth,38
Zach,Abbott,Abbott,Defender,NFO,8.649221268370988,11.358755034493166,100.0,100.0,,3.8,0.2,0.0,0.8,3,0,1.0,0.0,0.0,0.01,0.01,,25.4,6.4,0.0,3.2,0.0,0,0,0,4,2,0.0,0.0,0.0,0.0,0.0,0.0,1.2888656066888933,1.93980662287527,1.4747449404708703,1.824856387781774,2.1209477105541805,2.7095337661221772,,,,,,,513,17,0.0,0.0,Defender,Nott'm Forest,38
Ethan,Pinnock,Pinnock,Defender,BRE,8.80191868227362,11.32673173989247,100.0,100.0,,4.2,0.1,0.0,3.3,14,0,3.5,0.0,0.0,0.02,0.02,,88.6,1.2,33.0,12.3,0.0,0,0,1,5,4,0.0,0.0,0.0,0.0,0.0,0.0,1.3664459965370455,1.899743351633086,1.7454848638361369,1.368062908182309,2.422181562085041,2.52481305761885,,,,,,,111,94,0.0,0.0,Defender,Brentford,38
Lucas Estella,Perri,Perri,Goalkeeper,LEE,8.852250477501874,11.32395750824692,100.0,100.0,,4.4,0.3,0.0,9.8,43,0,2.7,0.0,0.0,0.0,0.0,,322.4,0.0,0.0,32.2,0.0,0,0,3,29,16,0.0,0.0,0.0,0.0,0.0,0.0,1.5187940529558188,1.993786332083511,1.7138855323585287,1.5808786945899858,2.0449058655140306,2.471707030745046,,,,,,,665,2,0.0,0.0,Goalkeeper,Leeds,38
Enso,González Medina,Gonzalez,Midfielder,WOL,8.830850274456179,11.290502462132977,,,,4.3,1.2,0.0,0.0,0,0,0.0,0.0,0.0,0.0,0.0,,0.0,0.0,0.0,0.0,0.0,0,0,0,0,0,0.0,0.0,0.0,0.0,0.0,0.0,1.0387619844123663,2.375685300306816,1.7058807741370625,1.7428437280735458,1.9676784875263884,2.459652187676798,,,,,,,652,39,0.0,0.0,Midfielder,Wolves,38
Andre,Harriman-Annous,Harriman-Annous,Midfielder,ARS,8.836418673927842,11.286882629653809,,,,4.4,0.0,0.0,0.0,0,0,0.0,0.0,0.0,0.0,0.0,,0.0,0.0,0.0,0.0,0.0,0,0,0,0,0,0.0,0.0,0.0,0.0,0.0,0.0,1.0734686852585955,2.4457051136584775,1.6910229228047609,1.733844818136187,1.8923771340698203,2.450463955725967,,,,,,,711,3,0.0,0.0,Midfielder,Arsenal,38
Sam,Alabi,Alabi,Midfielder,NEW,8.82983236642699,11.275572084492744,,,,4.5,0.0,0.0,0.0,0,0,0.0,0.0,0.0,0.0,0.0,,0.0,0.0,0.0,0.0,0.0,0,0,0,0,0,0.0,0.0,0.0,0.0,0.0,0.0,1.0703184553042395,2.4344392283816836,1.6978910754274368,1.7348064732438104,1.8923771340698203,2.445739718065755,,,,,,,772,4,0.0,0.0,Midfielder,Newcastle,38
Callum,Olusesi,Olusesi,Midfielder,TOT,8.88364906902135,11.272957617985465,,,,4.3,0.2,0.0,0.2,1,0,1.0,0.0,0.0,0.06,0.06,,0.6,1.8,0.0,0.2,0.0,0,0,0,0,0,0.0,0.0,0.0,0.0,0.0,0.0,1.0607234397168042,2.74423319274736,1.2329277318472873,1.806673232872426,2.039091471837472,2.3893085489641153,,,,,,,595,6,0.0,0.0,Midfielder,Spurs,38
Harrison,Armstrong,Armstrong,Midfielder,EVE,9.113420097189161,11.266480000642403,100.0,100.0,,4.5,0.1,0.0,4.7,21,1,1.6,0.0,0.14,0.04,0.18,,60.0,69.7,78.0,21.0,28.0,0,0,1,11,6,0.0,0.0,0.0,0.0,0.0,0.0,1.9735812311392078,1.7516926120477518,1.9116638504614487,1.3549833330653396,2.121499070475413,2.153059903453241,,,,,,,305,11,0.0,0.0,Midfielder,Everton,38
Coby,Ebere,Ebere,Midfielder,EVE,8.820966715946126,11.263252159841493,,,,4.4,0.0,0.0,0.0,0,0,0.0,0.0,0.0,0.0,0.0,,0.0,0.0,0.0,0.0,0.0,0,0,0,0,0,0.0,0.0,0.0,0.0,0.0,0.0,1.076533130173949,2.4344392283816836,1.6910229228047609,1.7308973104204812,1.8880741241652526,2.4422854438953676,,,,,,,307,11,0.0,0.0,Midfielder,Everton,38
Enes,Ünal,Enes Ünal,Forward,BOU,9.86443814005317,11.26268170765858,100.0,100.0,,5.4,0.0,0.0,5.0,27,1,1.2,0.0,0.84,0.03,0.87,,70.2,25.0,104.0,19.1,17.0,1,0,0,3,0,1.0,5.294117647058823,0.0,1.0,0.0,0.0,2.378089381830672,2.598157853223288,1.472206015333843,1.808792918819277,1.607191970846091,1.3982435676054088,,,,,,,98,91,1.0,5.294117647058823,Forward,Bournemouth,38
Freddie,Potts,Potts,Midfielder,WHU,9.479791694263238,11.245258698727183,100.0,100.0,,4.3,0.5,0.0,8.6,37,0,1.7,0.0,0.02,0.08,0.1,,191.2,141.3,37.0,37.1,0.0,0,1,1,25,12,0.0,0.0,0.0,0.0,0.0,0.0,1.563702676385399,1.9658431020494151,1.7724926311339941,2.041548302044892,2.136204982649537,1.7654670044639444,,,,,,,623,21,0.0,0.0,Midfielder,West Ham,38
João Victor,de Souza Menezes,Souza,Defender,TOT,8.97656777818797,11.238064020703495,,,,4.0,0.0,0.0,0.8,3,0,0.8,0.0,0.01,0.02,0.03,,12.8,31.9,17.0,6.2,0.0,0,0,0,3,2,0.0,0.0,0.0,0.0,0.0,0.0,1.0913153588307716,2.739918260660968,1.3403431547264515,1.7726867237939796,2.0323042801757984,2.2614962425155256,,,,,,,804,6,0.0,0.0,Defender,Spurs,38
Jesse,Derry,Derry,Midfielder,CHE,8.58604849011915,11.210748999120007,100.0,100.0,,4.5,0.0,0.0,0.2,1,0,1.0,0.0,0.2,0.04,0.24,,4.6,6.4,25.0,3.6,0.0,0,0,0,2,1,0.0,0.0,0.0,0.0,0.0,0.0,1.4761821055181152,1.7691837246314346,1.7227703263686036,1.7993477860420979,1.818564547558899,2.6247005090008573,,,,,,,829,8,0.0,0.0,Midfielder,Chelsea,38
John Victor,Maciel Furtado,John,Goalkeeper,NFO,8.471398147976313,11.206851139169466,100.0,100.0,,4.0,0.3,0.0,2.8,11,0,2.2,0.0,0.0,0.0,0.0,,56.4,0.0,0.0,5.7,0.0,0,0,1,8,5,0.0,0.0,0.0,0.0,0.0,0.0,1.3384437578093007,2.2390133480115106,1.4372969027060505,1.3864356562501912,2.07020848319926,2.735452991193153,,,,,,,715,17,0.0,0.0,Goalkeeper,Nott'm Forest,38
Jim,Thwaites,Thwaites,Midfielder,MUN,8.762897097488883,11.20518254138425,,,,4.5,0.0,0.0,0.0,0,0,0.0,0.0,0.0,0.0,0.0,,0.0,0.0,0.0,0.0,0.0,0,0,0,0,0,0.0,0.0,0.0,0.0,0.0,0.0,1.0710329517312536,2.4344392283816836,1.697584871558065,1.731858965528105,1.8279810802897767,2.4422854438953676,,,,,,,827,1,0.0,0.0,Midfielder,Man Utd,38
Mitoma,Kaoru,Mitoma,Midfielder,BHA,7.404516476572074,11.202373118123692,0.0,0.0,Hamstring injury - Expected back 01 Jun,6.1,1.9,0.0,10.2,62,0,2.5,0.0,0.21,0.14,0.35,,288.4,422.3,416.0,112.3,0.0,3,1,5,20,19,0.0,0.0,0.0,0.0,0.0,0.0,0.31942112250216026,0.8895543425712329,1.527411586848371,2.2711367827655184,2.3969926418847916,3.7978566415516175,,,,,,,157,36,0.0,0.0,Midfielder,Brighton,38
Dário,Luís Essugo,D.Essugo,Midfielder,CHE,8.415311979436758,11.188395728156518,100.0,100.0,,4.3,0.1,0.0,0.2,1,0,0.3,0.0,0.0,0.03,0.03,,11.4,2.1,2.0,1.6,0.0,0,0,0,1,0,0.0,0.0,0.0,0.0,0.0,0.0,1.4476742557753335,1.6334946097441818,1.7778608760959755,1.64238716757524,1.913895070246026,2.77308374871976,,,,,,,247,8,0.0,0.0,Midfielder,Chelsea,38
Seung-Soo,Park,Seung soo,Midfielder,NEW,8.666482598725672,11.185767898197383,,,,4.3,0.5,0.0,0.0,0,0,0.0,0.0,0.0,0.0,0.0,,0.0,0.0,0.0,0.0,0.0,0,0,0,0,0,0.0,0.0,0.0,0.0,0.0,0.0,1.058870140475237,2.302600125181389,1.686072617125785,1.7350402283049096,1.883899487638352,2.5192852994717105,,,,,,,689,4,0.0,0.0,Midfielder,Newcastle,38
Melker,Ellborg,Ellborg,Goalkeeper,SUN,9.086346406301638,11.179914185079149,,,,4.0,0.1,0.0,4.0,16,0,5.3,0.0,0.0,0.01,0.01,,73.6,0.0,0.0,7.4,0.0,0,0,1,2,3,0.0,0.0,0.0,0.0,0.0,0.0,1.02423510961136,2.592617698713598,1.3844835959151207,1.479753700503892,2.6052563015576684,2.09356777877751,,,,,,,812,56,0.0,0.0,Goalkeeper,Sunderland,38
Sam,Byram,Byram,Defender,LEE,9.041278265943266,11.173890097339473,,,,3.7,0.4,0.0,0.5,2,0,1.0,0.0,0.0,0.0,0.0,,5.4,0.0,0.0,0.5,0.0,0,0,0,1,0,0.0,0.0,0.0,0.0,0.0,0.0,0.9592553814965626,2.212066554222596,1.9377941565991248,1.9468590920802074,1.985303081544775,2.1326118313962077,,,,,,,346,2,0.0,0.0,Defender,Leeds,38
Bendito,Mantato,Bendito Mantato,Midfielder,MUN,8.818820859156146,11.148904077702369,,,,4.5,0.0,0.0,0.2,1,0,1.0,0.0,0.0,0.06,0.06,,2.2,11.7,0.0,1.4,0.0,0,0,0,0,0,0.0,0.0,0.0,0.0,0.0,0.0,1.050246859445605,2.4473052251430483,1.59692484668462,1.7416911832388398,1.982652744644034,2.330083218546224,,,,,,,769,1,0.0,0.0,Midfielder,Man Utd,38
Dilane,Bakwa,Bakwa,Midfielder,NFO,9.220504089403637,11.11422783333751,100.0,100.0,,5.9,0.0,0.0,4.4,26,0,1.9,0.0,0.09,0.17,0.26,,86.4,178.8,95.0,35.6,0.0,0,2,2,10,6,0.0,0.0,0.0,0.0,0.0,0.0,1.7451016310244287,1.7605154132710297,1.9471631300881036,1.804410022354247,1.963313892665826,1.893723743933874,,,,,,,734,17,0.0,0.0,Midfielder,Nott'm Forest,38
Abdoullah,Ba,Ba,Midfielder,SUN,8.826277952349916,11.104279112801866,,,,4.3,0.3,0.0,0.0,0,0,0.0,0.0,0.0,0.0,0.0,,0.0,0.0,0.0,0.0,0.0,0,0,0,0,0,0.0,0.0,0.0,0.0,0.0,0.0,1.0161706828260908,2.330143983107792,1.350530507696703,1.5640498828614655,2.5653828958578657,2.27800116045195,,,,,,,554,56,0.0,0.0,Midfielder,Sunderland,38
Altay,Bayındır,Bayindir,Goalkeeper,MUN,8.871317505099544,11.097551374109123,,,,4.7,0.3,0.0,2.3,11,0,1.8,0.0,0.0,0.01,0.01,,118.4,10.0,0.0,12.8,0.0,0,0,0,11,6,0.0,0.0,0.0,0.0,0.0,0.0,1.046056569693688,2.3283892904489,1.7190641064148868,1.81062608775954,1.967181450782528,2.2262338690095795,,,,,,,431,1,0.0,0.0,Goalkeeper,Man Utd,38
Rio,Kyerematen,Kyerematen,Midfielder,TOT,8.663118623433677,11.08821538224074,,,,4.5,0.0,0.0,0.0,0,0,0.0,0.0,0.0,0.0,0.0,,0.0,0.0,0.0,0.0,0.0,0,0,0,0,0,0.0,0.0,0.0,0.0,0.0,0.0,1.184186439642576,2.7129424222294753,1.224811516971589,1.6795123739978612,1.8616658705921756,2.425096758807063,,,,,,,811,6,0.0,0.0,Midfielder,Spurs,38
Lucá,Williams-Barnett,Williams-Barnett,Midfielder,TOT,8.663118623433677,11.08821538224074,,,,4.5,0.0,0.0,0.0,0,0,0.0,0.0,0.0,0.0,0.0,,0.0,0.0,0.0,0.0,0.0,0,0,0,0,0,0.0,0.0,0.0,0.0,0.0,0.0,1.184186439642576,2.7129424222294753,1.224811516971589,1.6795123739978612,1.8616658705921756,2.425096758807063,,,,,,,790,6,0.0,0.0,Midfielder,Spurs,38
Luke,Rawlings,Rawlings,Midfielder,WOL,8.67484081960209,11.079024791877206,,,,4.5,0.0,0.0,0.0,0,0,0.0,0.0,0.0,0.0,0.0,,0.0,0.0,0.0,0.0,0.0,0,0,0,0,0,0.0,0.0,0.0,0.0,0.0,0.0,1.0563716834040333,2.432874872227391,1.5971437464437948,1.710533705438525,1.8779168120883452,2.4041839722751144,,,,,,,767,39,0.0,0.0,Midfielder,Wolves,38
Ethan,Sutherland,Sutherland,Midfielder,WOL,8.67484081960209,11.079024791877206,,,,4.5,0.0,0.0,0.0,0,0,0.0,0.0,0.0,0.0,0.0,,0.0,0.0,0.0,0.0,0.0,0,0,0,0,0,0.0,0.0,0.0,0.0,0.0,0.0,1.0563716834040333,2.432874872227391,1.5971437464437948,1.710533705438525,1.8779168120883452,2.4041839722751144,,,,,,,778,39,0.0,0.0,Midfielder,Wolves,38
Jack,Fletcher,J.Fletcher,Midfielder,MUN,8.817210705236139,11.06897244022709,,,,4.3,0.1,0.0,0.7,3,0,1.0,0.0,0.03,0.02,0.05,,18.6,24.4,5.0,4.8,0.0,0,0,0,0,0,0.0,0.0,0.0,0.0,0.0,0.0,0.9995677785826358,2.459541539341813,1.6568119276352147,1.7571030442731732,1.9441864154033024,2.2517617349909513,,,,,,,462,1,0.0,0.0,Midfielder,Man Utd,38
Julio,Soler Barreto,Soler,Defender,BOU,8.354443833083238,11.035346418663687,100.0,100.0,,3.9,0.2,0.0,0.8,3,0,1.0,0.0,0.0,0.0,0.0,,1.8,2.5,2.0,0.6,0.0,0,0,0,2,0,0.0,0.0,0.0,0.0,0.0,0.0,1.3027186170536573,1.8392578390947292,1.547227397888784,1.6862208328200332,1.979019146226034,2.680902585580449,,,,,,,80,91,0.0,0.0,Defender,Bournemouth,38
Eric,da Silva Moreira,Da Silva Moreira,Midfielder,NFO,8.20365787663933,11.029621115333482,100.0,100.0,,4.5,0.1,0.0,0.0,0,0,0.0,0.0,0.0,0.0,0.0,,0.0,0.0,0.0,0.0,0.0,0,0,0,0,0,0.0,0.0,0.0,0.0,0.0,0.0,1.4234178873310774,2.0925673962075644,1.2227607543321521,1.554715974846009,1.9101958639225272,2.825963238694152,,,,,,,523,17,0.0,0.0,Midfielder,Nott'm Forest,38
Callum,Bates,Bates,Midfielder,EVE,8.577238543967212,11.021902133348899,,,,4.3,0.1,0.0,0.0,0,0,0.0,0.0,0.0,0.0,0.0,,0.0,0.0,0.0,0.0,0.0,0,0,0,0,0,0.0,0.0,0.0,0.0,0.0,0.0,1.0488102599473916,2.31100489318505,1.688293431675603,1.7164869508186835,1.8126430083404839,2.4446635893816873,,,,,,,306,11,0.0,0.0,Midfielder,Everton,38
Jayce,Fitzgerald,Fitzgerald,Midfielder,MUN,8.586892085977034,11.009829917419461,,,,4.3,0.0,0.0,0.0,0,0,0.0,0.0,0.0,0.0,0.0,,0.0,0.0,0.0,0.0,0.0,0,0,0,0,0,0.0,0.0,0.0,0.0,0.0,0.0,1.05680702682261,2.2872493859709246,1.6834320379533723,1.8098090251242447,1.7495946101058837,2.4229378314424275,,,,,,,461,1,0.0,0.0,Midfielder,Man Utd,38
Freddie,Simmonds,Simmonds,Defender,BHA,8.792833154053344,11.003857092357734,,,,4.0,0.0,0.0,0.0,0,0,0.0,0.0,0.0,0.0,0.0,,0.0,0.0,0.0,0.0,0.0,0,0,0,0,0,0.0,0.0,0.0,0.0,0.0,0.0,0.9838537894979404,2.236869195536748,1.3517267222031681,1.4934531945876333,2.726930252227854,2.2110239383043897,,,,,,,761,36,0.0,0.0,Defender,Brighton,38
Harvey,Elliott,Elliott,Midfielder,AVL,8.513291357658769,10.99126580315189,100.0,100.0,,5.1,0.2,0.0,1.0,5,0,1.0,0.0,0.24,0.07,0.31,,11.8,31.7,31.0,7.4,0.0,0,0,0,2,1,0.0,0.0,0.0,0.0,0.0,0.0,1.3904660266373217,1.7439408867332002,1.6164224469580768,1.5176052399693396,2.2448567573608313,2.477974445493121,,,,,,,389,7,0.0,0.0,Midfielder,Aston Villa,38
Harrison,Jones,H.Jones,Midfielder,SUN,8.727522782312006,10.987932836011232,,,,4.3,0.1,0.0,0.0,0,0,0.0,0.0,0.0,0.0,0.0,,0.0,0.0,0.0,0.0,0.0,0,0,0,0,0,0.0,0.0,0.0,0.0,0.0,0.0,1.0197018970278782,2.28863983750143,1.331866782408532,1.5485365317952366,2.53877773357893,2.2604100536992267,,,,,,,557,56,0.0,0.0,Midfielder,Sunderland,38
Christantus,Uche,Uche,Forward,CRY,9.123446899201909,10.95032644166124,,,,5.5,0.1,0.0,3.1,17,0,1.2,0.0,0.28,0.01,0.29,,13.2,7.1,73.0,8.8,0.0,0,1,0,4,0,0.0,0.0,0.0,0.0,0.0,0.0,1.0684917040090256,2.321098076049117,1.6629034449661746,1.7244313114858678,2.346522362691724,1.8268795424593303,,,,,,,732,31,0.0,0.0,Forward,Crystal Palace,38
Daniel,Bentley,Bentley,Goalkeeper,WOL,8.54087565364699,10.945506078343064,100.0,100.0,,3.9,0.5,0.0,1.5,6,0,2.0,0.0,0.0,0.0,0.0,,65.4,0.0,0.0,6.5,0.0,0,0,0,7,3,0.0,0.0,0.0,0.0,0.0,0.0,1.381429297345496,1.8568672613545179,1.5209680799279477,1.8054704666290924,1.9761405483899377,2.4046304246960726,,,,,,,629,39,0.0,0.0,Goalkeeper,Wolves,38
Asher,Agbinone,Agbinone,Midfielder,CRY,8.673739229205673,10.903019211271388,,,,4.3,0.1,0.0,0.0,0,0,0.0,0.0,0.0,0.0,0.0,,0.0,0.0,0.0,0.0,0.0,0,0,0,0,0,0.0,0.0,0.0,0.0,0.0,0.0,1.0510371461145551,2.301142792077764,1.3279211393197354,1.567806331079106,2.425831820614512,2.2292799820657168,,,,,,,274,31,0.0,0.0,Midfielder,Crystal Palace,38
Charlie,Tasker,Tasker,Defender,BHA,8.661031687492747,10.865954490491067,,,,3.8,0.2,0.0,0.0,0,0,0.0,0.0,0.0,0.0,0.0,,0.0,0.0,0.0,0.0,0.0,0,0,0,0,0,0.0,0.0,0.0,0.0,0.0,0.0,0.9775363487956733,2.1549968250004436,1.378859981935833,1.4664242885290917,2.6832142432317045,2.204922802998321,,,,,,,156,36,0.0,0.0,Defender,Brighton,38
Leon,Routh,Leon Routh,Defender,AVL,8.53431601930308,10.77363488827433,,,,4.0,0.0,0.0,0.0,0,0,0.0,0.0,0.0,0.0,0.0,,0.0,0.0,0.0,0.0,0.0,0,0,0,0,0,0.0,0.0,0.0,0.0,0.0,0.0,1.013937818942913,1.7606635745838903,1.6626759677137959,1.6483693296991702,2.4486693283633123,2.2393188689712487,,,,,,,768,7,0.0,0.0,Defender,Aston Villa,38
TJ,Carroll,Carroll,Defender,AVL,8.53431601930308,10.77363488827433,,,,4.0,0.0,0.0,0.0,0,0,0.0,0.0,0.0,0.0,0.0,,0.0,0.0,0.0,0.0,0.0,0,0,0,0,0,0.0,0.0,0.0,0.0,0.0,0.0,1.013937818942913,1.7606635745838903,1.6626759677137959,1.6483693296991702,2.4486693283633123,2.2393188689712487,,,,,,,781,7,0.0,0.0,Defender,Aston Villa,38
Armando,Broja,Broja,Forward,BUR,9.483947875356924,10.734938703502982,100.0,100.0,,5.2,0.1,0.0,8.3,43,0,1.8,0.0,0.23,0.02,0.25,,102.0,78.9,207.0,38.5,0.0,1,1,1,27,8,0.0,0.0,0.0,0.0,0.0,0.0,1.5459870506581308,1.8606589211628815,1.8467726388074477,1.989798457074274,2.24073080765419,1.2509908281460578,,,,,,,680,90,0.0,0.0,Forward,Burnley,38
Romelle,Donovan,Donovan,Midfielder,BRE,8.826290392786147,10.731857652880679,,,,4.4,0.1,0.0,0.9,4,0,1.0,0.0,0.21,0.02,0.23,,8.4,11.5,21.0,4.2,0.0,0,0,0,0,0,0.0,0.0,0.0,0.0,0.0,0.0,0.9543367600577526,2.0548014734160738,1.6521031406459046,1.6790874367680382,2.4859615818983776,1.9055672600945321,,,,,,,130,94,0.0,0.0,Midfielder,Brentford,38
Owen,Bevan,Bevan,Defender,BOU,8.345591615013333,10.712191558881228,,,,3.8,0.2,0.0,0.0,0,0,0.0,0.0,0.0,0.0,0.0,,0.0,0.0,0.0,0.0,0.0,0,0,0,0,0,0.0,0.0,0.0,0.0,0.0,0.0,1.0257078302264069,1.967407141970963,1.6704275759755989,1.7750040971719896,1.9070449696683758,2.3665999438678944,,,,,,,76,91,0.0,0.0,Defender,Bournemouth,38
Nathan,Fraser,Fraser,Forward,WOL,8.322768986139177,10.627866173196454,,,,4.2,1.7,0.0,0.0,0,0,0.0,0.0,0.0,0.0,0.0,,0.0,0.0,0.0,0.0,0.0,0,0,0,0,0,0.0,0.0,0.0,0.0,0.0,0.0,1.0443679982882463,1.8690565218574244,1.955907297731847,1.712465303854121,1.7409718644075376,2.3050971870572767,,,,,,,658,39,0.0,0.0,Forward,Wolves,38
Travis,Patterson,Patterson,Defender,AVL,8.372072277364916,10.59288068807939,,,,3.9,0.2,0.0,0.0,0,0,0.0,0.0,0.0,0.0,0.0,,0.0,0.0,0.0,0.0,0.0,0,0,0,0,0,0.0,0.0,0.0,0.0,0.0,0.0,1.0104841941772482,1.7283106325459736,1.6388033221502032,1.6373544478812043,2.3571196806102868,2.2208084107144748,,,,,,,710,7,0.0,0.0,Defender,Aston Villa,38
Marli,Salmon,Salmon,Defender,ARS,8.203715108022909,10.557067617330862,,,,4.0,0.0,0.0,0.0,0,0,0.0,0.0,0.0,0.0,0.0,,0.0,0.0,0.0,0.0,0.0,0,0,0,0,0,0.0,0.0,0.0,0.0,0.0,0.0,1.0299845286526075,1.952378374607326,1.639929744971274,1.7099640299415269,1.871458429850175,2.3533525093079533,,,,,,,759,3,0.0,0.0,Defender,Arsenal,38
Seth,Ridgeon,Ridgeon,Midfielder,FUL,8.189158547070397,10.533423225580266,,,,4.5,0.0,0.0,0.0,0,0,0.0,0.0,0.0,0.0,0.0,,0.0,0.0,0.0,0.0,0.0,0,0,0,0,0,0.0,0.0,0.0,0.0,0.0,0.0,1.0610673672566944,2.523905339532152,1.2436827457832094,1.6448061919281467,1.715696902570194,2.3442646785098695,,,,,,,770,54,0.0,0.0,Midfielder,Fulham,38
Max,Alleyne,Alleyne,Defender,MCI,8.074239228004647,10.52651907296433,100.0,100.0,,3.9,0.0,0.0,1.3,5,0,2.5,0.0,0.17,0.04,0.21,,34.0,14.8,26.0,7.5,0.0,0,0,0,1,2,0.0,0.0,0.0,0.0,0.0,0.0,1.286975695168706,1.929300063739629,1.3556407585591062,1.6352431494222022,1.8670795611150042,2.452279844959684,,,,,,,794,43,0.0,0.0,Defender,Man City,38
Brayden,Clarke,Clarke,Defender,ARS,8.096613415303453,10.51783293669158,,,,3.7,0.5,0.0,0.0,0,0,0.0,0.0,0.0,0.0,0.0,,0.0,0.0,0.0,0.0,0.0,0,0,0,0,0,0.0,0.0,0.0,0.0,0.0,0.0,1.0291901006294575,1.8044257105825676,1.6328920703609529,1.7916771272773175,1.8384284064531575,2.421219521388127,,,,,,,13,3,0.0,0.0,Defender,Arsenal,38
Mamadou,Sarr,M.Sarr,Defender,CHE,8.353291687719883,10.516076452970282,100.0,100.0,,4.5,0.0,0.0,0.7,3,0,1.0,0.0,0.32,0.0,0.32,,6.4,0.1,7.0,1.3,0.0,0,0,0,3,1,0.0,0.0,0.0,0.0,0.0,0.0,1.3275231330099466,1.6870937352636817,1.7708770669124247,1.731315638373387,1.8364821141604424,2.1627847652503993,,,,,,,231,8,0.0,0.0,Defender,Chelsea,38
Chido,Obi,Obi,Forward,MUN,8.441885115218016,10.48548026578812,,,,4.2,1.4,0.0,0.0,0,0,0.0,0.0,0.0,0.0,0.0,,0.0,0.0,0.0,0.0,0.0,0,0,0,0,0,0.0,0.0,0.0,0.0,0.0,0.0,1.0293886623425583,1.8713590011488994,2.0742458768448797,1.6948071825198845,1.7720843923617946,2.0435951505701047,,,,,,,467,1,0.0,0.0,Forward,Man Utd,38
Diego,León Blanco,D.Leon,Defender,MUN,8.130109910538623,10.474765137096622,,,,4.1,0.1,0.0,0.0,0,0,0.0,0.0,0.0,0.0,0.0,,0.0,0.0,0.0,0.0,0.0,0,0,0,0,0,0.0,0.0,0.0,0.0,0.0,0.0,1.0247380183931933,1.8771385889049685,1.6411506754806573,1.7744381140538779,1.8126445137059266,2.344655226557998,,,,,,,439,1,0.0,0.0,Defender,Man Utd,38
Conor,McManus,McManus,Defender,BRE,8.26952000684497,10.466502605554794,,,,4.0,0.0,0.0,0.0,0,0,0.0,0.0,0.0,0.0,0.0,,0.0,0.0,0.0,0.0,0.0,0,0,0,0,0,0.0,0.0,0.0,0.0,0.0,0.0,1.0051988875270816,1.656108904193734,1.6150025847003322,1.644032589328403,2.3491770410954187,2.1969825987098233,,,,,,,824,94,0.0,0.0,Defender,Brentford,38
Joshua,Stephenson,Stephenson,Defender,BRE,8.26952000684497,10.466502605554794,,,,4.0,0.0,0.0,0.0,0,0,0.0,0.0,0.0,0.0,0.0,,0.0,0.0,0.0,0.0,0.0,0,0,0,0,0,0.0,0.0,0.0,0.0,0.0,0.0,1.0051988875270816,1.656108904193734,1.6150025847003322,1.644032589328403,2.3491770410954187,2.1969825987098233,,,,,,,823,94,0.0,0.0,Defender,Brentford,38
Ollie,Shield,Shield,Defender,BRE,8.26952000684497,10.466502605554794,,,,4.0,0.0,0.0,0.0,0,0,0.0,0.0,0.0,0.0,0.0,,0.0,0.0,0.0,0.0,0.0,0,0,0,0,0,0.0,0.0,0.0,0.0,0.0,0.0,1.0051988875270816,1.656108904193734,1.6150025847003322,1.644032589328403,2.3491770410954187,2.1969825987098233,,,,,,,819,94,0.0,0.0,Defender,Brentford,38
Kieran,Morrison,Morrison,Midfielder,LIV,8.043783825859617,10.37577455312761,,,,4.5,0.0,0.0,0.0,0,0,0.0,0.0,0.0,0.0,0.0,,0.0,0.0,0.0,0.0,0.0,0,0,0,0,0,0.0,0.0,0.0,0.0,0.0,0.0,1.0610673672566944,2.4138217193550386,1.2315753852337892,1.6336581312428835,1.703661222771211,2.331990727267992,,,,,,,746,14,0.0,0.0,Midfielder,Liverpool,38
Jenson,Jones,Jenson Jones,Defender,SUN,8.23379173361812,10.375371628724706,,,,4.0,0.0,0.0,0.0,0,0,0.0,0.0,0.0,0.0,0.0,,0.0,0.0,0.0,0.0,0.0,0,0,0,0,0,0.0,0.0,0.0,0.0,0.0,0.0,0.9798625142440398,1.8877092453859807,1.3289365571048175,1.535957147986527,2.5013262688967552,2.1415798951065863,,,,,,,774,56,0.0,0.0,Defender,Sunderland,38
Harrison,Reed,Reed,Midfielder,FUL,8.09896855453719,10.334887283472852,100.0,100.0,,4.3,0.3,0.0,3.5,15,0,2.1,0.0,0.13,0.46,0.59,,42.0,44.4,11.0,9.7,0.0,1,0,0,4,1,0.0,0.0,0.0,0.0,0.0,0.0,1.3921781902421344,1.6312014022309709,1.359139734741472,1.7223792973481755,1.9940699299744384,2.235918728935663,,,,,,,336,54,0.0,0.0,Midfielder,Fulham,38
Godwill,Kukonki,Kukonki,Defender,MUN,8.004757727037374,10.31327122305821,,,,4.0,0.0,0.0,0.0,0,0,0.0,0.0,0.0,0.0,0.0,,0.0,0.0,0.0,0.0,0.0,0,0,0,0,0,0.0,0.0,0.0,0.0,0.0,0.0,1.0233974594290618,1.8083978770002778,1.593344159434034,1.7855436270961764,1.7940746040778246,2.3085134960208364,,,,,,,788,1,0.0,0.0,Defender,Man Utd,38
Miodrag,Pivaš,Pivas,Defender,NEW,7.952181251971142,10.27954011767697,,,,3.8,0.4,0.0,0.0,0,0,0.0,0.0,0.0,0.0,0.0,,0.0,0.0,0.0,0.0,0.0,0,0,0,0,0,0.0,0.0,0.0,0.0,0.0,0.0,1.0206404816848278,1.6688980926331995,1.6238073607032804,1.8544911836011049,1.7843441333487284,2.327358865705828,,,,,,,483,4,0.0,0.0,Defender,Newcastle,38
Donyell,Malen,Malen,Midfielder,AVL,7.891207345507862,10.274479978947348,0.0,0.0,has joined Roma on loan for the rest of the season.,5.1,0.4,0.0,10.8,55,0,2.6,0.0,0.57,0.05,0.62,,183.4,99.7,290.0,56.3,0.0,4,2,1,10,5,0.0,0.0,0.0,0.0,0.0,0.0,0.35544060783249093,1.1419864486237463,1.94869580942894,2.365814525728381,2.079269953894304,2.3832726334394865,,,,,,,53,7,0.0,0.0,Midfielder,Aston Villa,38
Jadon,Sancho,Sancho,Midfielder,AVL,8.69526767107197,10.27196778002219,100.0,100.0,,5.8,0.2,0.0,6.4,37,0,1.6,0.0,0.06,0.2,0.26,,130.2,290.6,193.0,61.6,0.0,0,2,2,10,9,0.0,0.0,0.0,0.0,0.0,0.0,1.4659290252263304,1.596313362738633,1.994737635817464,1.5447509717616152,2.093536675527928,1.5767001089502184,,,,,,,456,7,0.0,0.0,Midfielder,Aston Villa,38
Leo,Shahar,Shahar,Defender,NEW,7.96542486416338,10.258747781936222,,,,4.0,0.0,0.0,0.0,0,0,0.0,0.0,0.0,0.0,0.0,,0.0,0.0,0.0,0.0,0.0,0,0,0,0,0,0.0,0.0,0.0,0.0,0.0,0.0,1.0228930093143986,1.785170057555024,1.6147124201132508,1.7855436270961764,1.7571057500845302,2.2933229177728434,,,,,,,765,4,0.0,0.0,Defender,Newcastle,38
Saheed,Olagunju,Olagunju,Defender,WOL,7.99231105544749,10.25168411650397,,,,4.0,0.0,0.0,0.0,0,0,0.0,0.0,0.0,0.0,0.0,,0.0,0.0,0.0,0.0,0.0,0,0,0,0,0,0.0,0.0,0.0,0.0,0.0,0.0,1.0359110644957503,1.8972825824106518,1.4981976649017141,1.7595046208769445,1.801415122762429,2.2593730610564795,,,,,,,766,39,0.0,0.0,Defender,Wolves,38
Kaye,Furo,Furo,Forward,BRE,7.997609020874624,10.224271638395708,100.0,100.0,,4.5,0.0,0.0,0.2,1,0,1.0,0.0,0.0,0.0,0.0,,0.0,0.0,0.0,0.0,0.0,0,0,0,0,0,0.0,0.0,0.0,0.0,0.0,0.0,1.281258690092283,1.3424652522643417,1.7129747172216974,1.4929707587123842,2.1679396025839184,2.2266626175210833,,,,,,,797,94,0.0,0.0,Forward,Brentford,38
Josh,Nichols,Nichols,Defender,ARS,7.8977039834586495,10.212275248340397,,,,3.7,0.2,0.0,0.0,0,0,0.0,0.0,0.0,0.0,0.0,,0.0,0.0,0.0,0.0,0.0,0,0,0,0,0,0.0,0.0,0.0,0.0,0.0,0.0,1.017286049396073,1.780269466756222,1.5437501746615485,1.7703232185611895,1.7860750740836158,2.3145712648817485,,,,,,,15,3,0.0,0.0,Defender,Arsenal,38
Wesley,Fofana,Fofana,Defender,CHE,7.835596278415515,10.20984454683552,100.0,0.0,Suspended until 05 Sep,4.4,0.4,0.0,14.8,65,-2,2.6,0.0,0.04,0.03,0.07,,463.6,65.6,74.0,60.4,61.0,0,2,4,25,20,7.0,10.327868852459016,0.0,7.0,3.0,0.0,1.033563529740264,1.6273712677079022,1.5873313254392125,1.5597393335492118,2.027590821978925,2.374248268420005,,,,,,,230,8,7.0,10.327868852459016,Defender,Chelsea,38
Braiden,Graham,Graham,Forward,EVE,7.937452713149784,10.161388825136394,,,,4.5,0.0,0.0,0.0,0,0,0.0,0.0,0.0,0.0,0.0,,0.0,0.0,0.0,0.0,0.0,0,0,0,0,0,0.0,0.0,0.0,0.0,0.0,0.0,1.0303188244354895,1.8606516866127654,1.849948129341015,1.6093729018530822,1.5871611709074325,2.2239361119866095,,,,,,,779,11,0.0,0.0,Forward,Everton,38
Leon,Chiwome,Chiwome,Forward,WOL,7.832671519807711,10.124883776330991,100.0,100.0,,4.4,0.0,0.0,0.0,0,0,0.0,0.0,0.0,0.0,0.0,,0.0,0.0,0.0,0.0,0.0,0,0,0,0,0,0.0,0.0,0.0,0.0,0.0,0.0,1.3013512986245348,1.7235327379663337,1.522847200437983,1.6769379337777561,1.608002349001103,2.29221225652328,,,,,,,657,39,0.0,0.0,Forward,Wolves,38
Reece,Welch,Welch,Defender,EVE,7.77625126575739,10.06239770795262,,,,3.8,0.1,0.0,0.0,0,0,0.0,0.0,0.0,0.0,0.0,,0.0,0.0,0.0,0.0,0.0,0,0,0,0,0,0.0,0.0,0.0,0.0,0.0,0.0,1.0161218681396353,1.6273716663988065,1.5310273568614645,1.8574234226963597,1.7443069516611243,2.2861464421952293,,,,,,,298,11,0.0,0.0,Defender,Everton,38
Freddie,Woodman,Woodman,Goalkeeper,LIV,8.183657026234089,9.984833352656558,,,,3.9,0.3,0.0,1.5,6,0,2.0,0.0,0.0,0.0,0.0,,83.8,0.0,0.0,8.4,0.0,0,0,0,4,2,0.0,0.0,0.0,0.0,0.0,0.0,1.1012977971188653,2.347575903842817,1.2645799187582667,1.475626810436642,1.9945765960774966,1.8011763264224687,,,,,,,369,14,0.0,0.0,Goalkeeper,Liverpool,38
Dwight,McNeil,McNeil,Midfielder,EVE,8.674092069288937,9.932422432007666,,,,5.5,0.1,0.0,9.6,53,0,2.4,0.0,0.11,0.15,0.26,,140.6,242.4,138.0,52.2,0.0,0,3,6,9,14,0.0,0.0,0.0,0.0,0.0,0.0,1.2120444170134368,1.671455364765106,1.54672538283166,2.3707977993155556,1.8730691053631787,1.2583303627187297,,,,,,,300,11,0.0,0.0,Midfielder,Everton,38
Eliezer,Mayenda Dossou,Mayenda,Forward,SUN,8.419698048437649,9.925832997467827,,,,5.1,0.5,0.0,7.8,40,0,2.0,0.0,0.26,0.03,0.29,,117.6,53.8,188.0,35.5,0.0,2,0,3,9,8,0.0,0.0,0.0,0.0,0.0,0.0,1.1187281675130625,1.6828323774962552,1.755874602007674,1.4362984214524506,2.425964479968205,1.5061349490301787,,,,,,,561,56,0.0,0.0,Forward,Sunderland,38
Stefan,Ortega Moreno,Ortega Moreno,Goalkeeper,NFO,7.63894181147208,9.86438900742391,100.0,100.0,,4.7,0.2,0.0,2.3,11,0,3.7,0.0,0.0,0.0,0.0,,68.6,0.0,0.0,6.9,0.0,0,0,1,4,3,0.0,0.0,0.0,0.0,0.0,0.0,1.1757258779164688,1.7837396284356644,1.318943749898501,1.6081452771745954,1.7523872780468497,2.2254471959518307,,,,,,,400,17,0.0,0.0,Goalkeeper,Nott'm Forest,38
Matai,Akinmboni,Akinmboni,Defender,BOU,7.396419857910902,9.861236571109565,100.0,100.0,,3.8,0.2,0.0,0.0,0,0,0.0,0.0,0.0,0.0,0.0,,0.0,0.0,0.0,0.0,0.0,0,0,0,0,0,0.0,0.0,0.0,0.0,0.0,0.0,1.2877601316549394,1.5470880355909937,1.2731567794966412,1.4945738450510113,1.7938410661173163,2.4648167131986627,,,,,,,75,91,0.0,0.0,Defender,Bournemouth,38
Son,Heung-min,Son,Midfielder,TOT,6.352472064404273,9.826569802310383,0.0,0.0,has joined Los Angeles FC permanently.,8.5,0.1,0.0,0.0,0,0,0.0,0.0,0.0,0.0,0.0,,0.0,0.0,0.0,0.0,0.0,0,0,0,0,0,0.0,0.0,0.0,0.0,0.0,0.0,0.4581900745309623,0.8267522370257325,1.1464643104563623,2.049999859229599,1.871065583161616,3.4740977379061104,,,,,,,579,6,0.0,0.0,Midfielder,Spurs,38
George,King,King,Defender,CRY,7.757426832625094,9.822750997003496,,,,4.0,0.0,0.0,0.0,0,0,0.0,0.0,0.0,0.0,0.0,,0.0,0.0,0.0,0.0,0.0,0,0,0,0,0,0.0,0.0,0.0,0.0,0.0,0.0,1.002013566471457,1.7209060323311163,1.2441464322759135,1.5611900295595662,2.2291707719870413,2.065324164378402,,,,,,,793,31,0.0,0.0,Defender,Crystal Palace,38
Dean,Benamar,Benamar,Defender,CRY,7.757426832625094,9.822750997003496,,,,4.0,0.0,0.0,0.0,0,0,0.0,0.0,0.0,0.0,0.0,,0.0,0.0,0.0,0.0,0.0,0,0,0,0,0,0.0,0.0,0.0,0.0,0.0,0.0,1.002013566471457,1.7209060323311163,1.2441464322759135,1.5611900295595662,2.2291707719870413,2.065324164378402,,,,,,,773,31,0.0,0.0,Defender,Crystal Palace,38
Jun'ai,Byfield,Byfield,Defender,TOT,7.6096867090746745,9.81220248279168,,,,4.0,0.0,0.0,0.2,1,0,1.0,0.0,0.0,0.0,0.0,,0.4,0.5,0.0,0.1,0.0,0,0,0,0,0,0.0,0.0,0.0,0.0,0.0,0.0,1.04247976642782,2.021630545978716,1.2184493117847701,1.6382110094676299,1.6889160754157384,2.2025157737170056,,,,,,,745,6,0.0,0.0,Defender,Spurs,38
Adam,Aznou,Aznou,Defender,EVE,7.356298257506726,9.80664404226357,100.0,100.0,,4.2,0.1,0.0,0.0,0,0,0.0,0.0,0.0,0.0,0.0,,0.0,0.0,0.0,0.0,0.0,0,0,0,0,0,0.0,0.0,0.0,0.0,0.0,0.0,1.292433852679272,1.4972565363433974,1.291987840349464,1.4949767341675795,1.7796432939670128,2.450345784756845,,,,,,,667,11,0.0,0.0,Defender,Everton,38
Callum,Hudson-Odoi,Hudson-Odoi,Midfielder,NFO,7.567578958300642,9.765887236171755,0.0,0.0,Muscle injury - Expected back 01 Jun,5.7,0.6,0.0,15.4,88,0,2.9,0.0,0.14,0.15,0.29,,366.6,611.7,330.0,130.6,0.0,3,4,6,26,21,0.0,0.0,0.0,0.0,0.0,0.0,0.40508226420528864,1.4576782326808007,1.5910507330132642,1.4933309608063607,2.620436767594927,2.198308277871114,,,,,,,516,17,0.0,0.0,Midfielder,Nott'm Forest,38
Nathan,Patterson,Patterson,Defender,EVE,7.670175460158491,9.75892468110927,100.0,100.0,,4.4,0.0,0.0,5.0,22,0,3.1,0.0,0.01,0.02,0.03,,65.6,6.4,17.0,8.8,0.0,0,0,2,2,3,0.0,0.0,0.0,0.0,0.0,0.0,1.1048873246269049,1.6161978843632396,1.6940320954610668,1.4271861077213055,1.8278720479859745,2.0887492209507794,,,,,,,296,11,0.0,0.0,Defender,Everton,38
Chris,Rigg,Rigg,Midfielder,SUN,8.160408252074761,9.685265921720056,,,,4.7,0.1,0.0,7.7,36,1,2.0,0.0,0.1,0.11,0.21,,114.6,142.8,103.0,36.0,1.0,1,1,3,11,11,0.0,0.0,0.0,0.0,0.0,0.0,1.2117536621963712,1.7164313898218604,1.651296588109831,1.5518404945688267,2.0290861173778723,1.5248576696452947,,,,,,,551,56,0.0,0.0,Midfielder,Sunderland,38
Hákon Rafn,Valdimarsson,Valdimarsson,Goalkeeper,BRE,7.726599958958323,9.659334044502467,,,,3.8,1.0,0.0,0.3,1,0,1.0,0.0,0.0,0.0,0.0,,13.0,0.0,0.0,1.3,0.0,0,0,0,3,1,0.0,0.0,0.0,0.0,0.0,0.0,1.020082714271849,1.7155129073128743,1.786070627597283,1.3284647236304319,1.8764689861458845,1.9327340855441444,,,,,,,105,94,0.0,0.0,Goalkeeper,Brentford,38
Abdallah,Sima,Sima,Midfielder,BHA,6.484159662156397,9.642622062613516,0.0,0.0,has joined Lens permanently.,5.4,0.0,0.0,0.0,0,0,0.0,0.0,0.0,0.0,0.0,,0.0,0.0,0.0,0.0,0.0,0,0,0,0,0,0.0,0.0,0.0,0.0,0.0,0.0,0.4453966996876431,0.605609250770313,1.0798083827806217,1.4991973579847095,2.8541479709331097,3.158462400457119,,,,,,,165,36,0.0,0.0,Midfielder,Brighton,38
Julio,Enciso Espínola,Enciso,Midfielder,BHA,6.484159662156397,9.642622062613516,0.0,0.0,has joined Strasbourg permanently.,5.4,0.0,0.0,0.0,0,0,0.0,0.0,0.0,0.0,0.0,,0.0,0.0,0.0,0.0,0.0,0,0,0,0,0,0.0,0.0,0.0,0.0,0.0,0.0,0.4453966996876431,0.605609250770313,1.0798083827806217,1.4991973579847095,2.8541479709331097,3.158462400457119,,,,,,,161,36,0.0,0.0,Midfielder,Brighton,38
Samuel,Iling-Junior,Iling Jr,Midfielder,AVL,6.859744157708991,9.624464224863708,0.0,0.0,has joined Pisa on loan for the rest of the season.,5.5,0.0,0.0,0.0,0,0,0.0,0.0,0.0,0.0,0.0,,0.0,0.0,0.0,0.0,0.0,0,0,0,0,0,0.0,0.0,0.0,0.0,0.0,0.0,0.44657246766981973,0.7325296703381892,1.4297244133382825,1.5357299397565702,2.7151876666061296,2.764720067154718,,,,,,,51,7,0.0,0.0,Midfielder,Aston Villa,38
Jacob,Bruun Larsen,Bruun Larsen,Midfielder,BUR,7.954191490595813,9.607376466664691,100.0,100.0,,5.2,0.0,0.0,7.9,41,1,1.5,0.0,0.12,0.1,0.22,,121.0,212.4,140.0,47.4,5.0,0,1,3,29,10,0.0,0.0,0.0,0.0,0.0,0.0,1.6297668100648164,1.6706523318342037,1.4307499372304955,1.0869653165912172,2.13605709487508,1.653184976068878,,,,,,,202,90,0.0,0.0,Midfielder,Burnley,38
Tammy,Abraham,Abraham,Forward,AVL,7.792311999577008,9.514631376959688,,,,5.7,0.2,0.0,4.0,23,0,1.9,0.0,0.66,0.12,0.78,,87.2,49.2,136.0,27.1,0.0,2,0,0,8,2,0.0,0.0,0.0,0.0,0.0,0.0,0.9874423430219423,1.5596615610694675,1.540964893444746,1.5854963639560389,2.118746838084813,1.7223193773826808,,,,,,,808,7,0.0,0.0,Forward,Aston Villa,38
Anton,Stach,Stach,Midfielder,LEE,7.2640933551312745,9.494448783052832,0.0,0.0,Ankle injury - Expected back 01 Jun,4.8,1.7,0.0,28.5,137,0,4.7,0.0,0.11,0.17,0.28,,650.0,921.4,315.0,188.8,0.0,5,6,7,36,28,0.0,0.0,0.0,0.0,0.0,0.0,0.3233429809082066,0.7249239751425454,1.7003418657105178,2.176987205277735,2.33849732809227,2.230355427921557,,,,,,,660,2,0.0,0.0,Midfielder,Leeds,38
Luis,Díaz Marulanda,Luis Díaz,Midfielder,LIV,6.0268691862965476,9.476525718496436,0.0,0.0,Has joined Bayern Munch permanently.,8.0,0.0,0.0,0.0,0,0,0.0,0.0,0.0,0.0,0.0,,0.0,0.0,0.0,0.0,0.0,0,0,0,0,0,0.0,0.0,0.0,0.0,0.0,0.0,0.4359011712777115,0.7435978922872442,1.116799061844469,1.919676027384823,1.8108950335022997,3.4496565321998895,,,,,,,383,14,0.0,0.0,Midfielder,Liverpool,38
Rhys,Williams,R.Williams,Defender,LIV,7.22747341435452,9.473475445400737,,,,3.7,0.5,0.0,0.0,0,0,0.0,0.0,0.0,0.0,0.0,,0.0,0.0,0.0,0.0,0.0,0,0,0,0,0,0.0,0.0,0.0,0.0,0.0,0.0,1.0410940220621776,1.5949582094862174,1.2033304887726548,1.741637842162192,1.646452851871278,2.246002031046218,,,,,,,379,14,0.0,0.0,Defender,Liverpool,38
Malick,Yalcouyé,Yalcouye,Midfielder,BHA,6.5892406281448785,9.432759041523152,0.0,0.0,Has joined Swansea City on loan for the rest of the season.,5.0,0.0,0.0,0.0,0,0,0.0,0.0,0.0,0.0,0.0,,0.0,0.0,0.0,0.0,0.0,0,0,0,0,0,0.0,0.0,0.0,0.0,0.0,0.0,0.4196507766655631,0.6081651681630007,1.1109207659387335,1.4659298445380688,2.984574072839512,2.843518413378273,,,,,,,174,36,0.0,0.0,Midfielder,Brighton,38
James,Rowswell,Rowswell,Defender,TOT,7.419481075103128,9.420579286303415,,,,4.0,0.0,0.0,0.2,1,0,1.0,0.0,0.0,0.0,0.0,,0.0,0.0,0.0,0.0,0.0,0,0,0,0,0,0.0,0.0,0.0,0.0,0.0,0.0,1.0199363384537434,1.7670316722468025,1.2027138600299887,1.7799373926496131,1.6498618117229804,2.0010982112002855,,,,,,,750,6,0.0,0.0,Defender,Spurs,38
Airidas,Golambeckis,Golambeckis,Defender,WHU,7.268176003305398,9.416466723414315,,,,4.0,0.0,0.0,0.0,0,0,0.0,0.0,0.0,0.0,0.0,,0.0,0.0,0.0,0.0,0.0,0,0,0,0,0,0.0,0.0,0.0,0.0,0.0,0.0,1.0329191495128254,1.7941361608187691,1.1909393144313216,1.6258523340955429,1.624329044446939,2.1482907201089168,,,,,,,752,21,0.0,0.0,Defender,West Ham,38
Wellity,Lucky,Lucky,Defender,LIV,7.26387299340083,9.405511761934463,,,,4.0,0.0,0.0,0.0,0,0,0.0,0.0,0.0,0.0,0.0,,0.0,0.0,0.0,0.0,0.0,0,0,0,0,0,0.0,0.0,0.0,0.0,0.0,0.0,1.0329191495128254,1.7941361608187691,1.1909393144313216,1.6258523340955429,1.6200260345423712,2.1416387685336318,,,,,,,760,14,0.0,0.0,Defender,Liverpool,38
Enzo,Barrenechea,Barrenechea,Midfielder,AVL,6.972393397992847,9.402597771943947,0.0,0.0,Season-long loan to Benfica,5.0,0.0,0.0,0.0,0,0,0.0,0.0,0.0,0.0,0.0,,0.0,0.0,0.0,0.0,0.0,0,0,0,0,0,0.0,0.0,0.0,0.0,0.0,0.0,0.41362653278737993,0.7555862502105868,1.5037355744816812,1.4885498456323007,2.8108951948808985,2.4302043739511,,,,,,,56,7,0.0,0.0,Midfielder,Aston Villa,38
Lewis,Dobbin,Dobbin,Midfielder,AVL,6.972393397992847,9.402597771943947,0.0,0.0,Has joined Preston North End on loan for the rest of the season.,5.0,0.0,0.0,0.0,0,0,0.0,0.0,0.0,0.0,0.0,,0.0,0.0,0.0,0.0,0.0,0,0,0,0,0,0.0,0.0,0.0,0.0,0.0,0.0,0.41362653278737993,0.7555862502105868,1.5037355744816812,1.4885498456323007,2.8108951948808985,2.4302043739511,,,,,,,57,7,0.0,0.0,Midfielder,Aston Villa,38
Frank,Onyeka,Onyeka,Midfielder,BRE,6.942508217148163,9.385788103654694,0.0,0.0,has joined Coventry City on loan for the rest of the season.,4.8,0.0,0.0,2.5,12,0,2.0,0.0,0.0,0.37,0.37,,28.4,13.6,4.0,4.6,0.0,0,2,0,2,0,0.0,0.0,0.0,0.0,0.0,0.0,0.44688391489921114,0.9887166516886139,1.5952192612621665,1.4998014045185206,2.4118869847796507,2.4432798865065313,,,,,,,128,94,0.0,0.0,Midfielder,Brentford,38
Gustavo,Nunes Fernandes Gomes,Nunes,Midfielder,BRE,7.047113426438067,9.379383954799904,0.0,0.0,has joined Swansea City on loan for the rest of the season.,4.9,0.0,0.0,0.0,0,0,0.0,0.0,0.0,0.0,0.0,,0.0,0.0,0.0,0.0,0.0,0,0,0,0,0,0.0,0.0,0.0,0.0,0.0,0.0,0.41362653278737993,0.7608294618946096,1.592681072346983,1.4868351646428914,2.793141194766203,2.3322705283618377,,,,,,,127,94,0.0,0.0,Midfielder,Brentford,38
Simon,Moore,Moore,Goalkeeper,SUN,7.0788603273667965,9.378910793480504,100.0,100.0,,3.9,0.3,0.0,0.0,0,0,0.0,0.0,0.0,0.0,0.0,,0.0,0.0,0.0,0.0,0.0,0,0,0,0,0,0.0,0.0,0.0,0.0,0.0,0.0,1.0843855497612558,1.3357940291606256,1.2066767389201798,1.402882867274717,2.0491211422500184,2.3000504661137073,,,,,,,529,56,0.0,0.0,Goalkeeper,Sunderland,38
Reiss,Nelson,Nelson,Midfielder,BRE,7.561090471790772,9.36383769199902,100.0,100.0,,4.8,0.1,0.0,2.7,13,1,1.3,0.0,0.54,0.08,0.62,,42.6,32.6,29.0,10.0,1.0,0,1,0,2,0,0.0,0.0,0.0,0.0,0.0,0.0,1.4702747898600013,1.1835155475200354,1.6245627252156474,1.2057662308340409,2.0769711783610476,1.8027472202082482,,,,,,,27,94,0.0,0.0,Midfielder,Brentford,38
Samuel,Amissah,Amissah,Defender,FUL,7.199620735064161,9.343273165576699,,,,3.8,0.1,0.0,0.0,0,0,0.0,0.0,0.0,0.0,0.0,,0.0,0.0,0.0,0.0,0.0,0,0,0,0,0,0.0,0.0,0.0,0.0,0.0,0.0,1.0289338885846702,1.7598737374764812,1.1330978237131561,1.6762684945889272,1.6014467907009264,2.143652430512538,,,,,,,323,54,0.0,0.0,Defender,Fulham,38
Tom,King,King,Goalkeeper,EVE,7.2206388924278295,9.271940309610912,,,,3.9,1.2,0.0,0.0,0,0,0.0,0.0,0.0,0.0,0.0,,0.0,0.0,0.0,0.0,0.0,0,0,0,0,0,0.0,0.0,0.0,0.0,0.0,0.0,1.009340267208712,1.6289247889613545,1.6831768645565228,1.3176375564682934,1.581559415232947,2.051301417183082,,,,,,,630,11,0.0,0.0,Goalkeeper,Everton,38
Caleb,Kporha,Kporha,Defender,CRY,7.0411120316912275,9.266305957368779,100.0,100.0,,4.0,0.0,0.0,0.0,0,0,0.0,0.0,0.0,0.0,0.0,,0.0,0.0,0.0,0.0,0.0,0,0,0,0,0,0.0,0.0,0.0,0.0,0.0,0.0,1.1213375128762662,1.2843544589205265,1.2154028334969822,1.2910315205110598,2.128985705886393,2.2251939256775524,,,,,,,265,31,0.0,0.0,Defender,Crystal Palace,38
Jack,Harrison,Harrison,Midfielder,LEE,6.445704879381234,9.263107112679426,0.0,0.0,has joined ACF Fiorentina on loan for the rest of the season.,5.1,0.0,0.0,2.4,12,0,1.1,0.0,0.1,0.08,0.18,,30.0,49.4,35.0,11.5,0.0,0,0,0,5,1,0.0,0.0,0.0,0.0,0.0,0.0,0.4476812438112354,0.9998872390388012,1.587251799385131,1.5262224352641631,1.8846621618819028,2.817402233298193,,,,,,,352,2,0.0,0.0,Midfielder,Leeds,38
Marcus,Rashford,Rashford,Midfielder,MUN,6.140326673456929,9.253727679193968,0.0,0.0,Has joined Barcelona on loan for the rest of the season,7.0,0.0,0.0,0.0,0,0,0.0,0.0,0.0,0.0,0.0,,0.0,0.0,0.0,0.0,0.0,0,0,0,0,0,0.0,0.0,0.0,0.0,0.0,0.0,0.43941338261309043,0.7153203479429652,1.383799164531696,1.8242743141419941,1.7775194642271834,3.113401005737039,,,,,,,451,1,0.0,0.0,Midfielder,Man Utd,38
Patrick,Roberts,Roberts,Midfielder,SUN,6.294374032877938,9.243036859412019,0.0,0.0,has joined Birmingham City permanently.,5.4,0.0,0.0,0.2,1,0,1.0,0.0,0.1,0.07,0.17,,1.8,7.3,5.0,1.4,0.0,0,0,0,1,0,0.0,0.0,0.0,0.0,0.0,0.0,0.42401917432105357,0.6165444652265457,1.1117064914090995,1.4958929231059455,2.646210978815294,2.9486628265340804,,,,,,,545,56,0.0,0.0,Midfielder,Sunderland,38
Leander,Dendoncker,Dendoncker,Midfielder,AVL,6.924254885658642,9.229286772764997,0.0,0.0,Has joined Real Oviedo permanently.,4.5,0.1,0.0,0.0,0,0,0.0,0.0,0.0,0.0,0.0,,0.0,0.0,0.0,0.0,0.0,0,0,0,0,0,0.0,0.0,0.0,0.0,0.0,0.0,0.42487012514300476,0.7092320197383003,1.5943222652336855,1.4823459911723296,2.713484484371322,2.3050318871063546,,,,,,,61,7,0.0,0.0,Midfielder,Aston Villa,38
Calvin,Ramsay,Ramsay,Defender,LIV,7.098163995093506,9.22745821904406,,,,3.7,0.3,0.0,0.0,0,0,0.0,0.0,0.0,0.0,0.0,,0.0,0.0,0.0,0.0,0.0,0,0,0,0,0,0.0,0.0,0.0,0.0,0.0,0.0,1.0307291150913391,1.573162026385623,1.1505118283830886,1.7274915328200504,1.6162694924134051,2.129294223950555,,,,,,,380,14,0.0,0.0,Defender,Liverpool,38
James,Wilson,Wilson,Forward,TOT,7.154054316671632,9.22502316546894,,,,4.5,0.0,0.0,0.0,0,0,0.0,0.0,0.0,0.0,0.0,,0.0,0.0,0.0,0.0,0.0,0,0,0,0,0,0.0,0.0,0.0,0.0,0.0,0.0,1.0375138137205269,1.7813526005172162,1.4764385585469166,1.4268938871903996,1.4318554566965733,2.0709688487973072,,,,,,,818,6,0.0,0.0,Forward,Spurs,38
Jeremy,Sarmiento Morante,Sarmiento,Midfielder,BHA,6.636970902043208,9.22245036225925,0.0,0.0,has joined Middlesbrough on loan for the rest of the season.,4.9,0.0,0.0,0.0,0,0,0.0,0.0,0.0,0.0,0.0,,0.0,0.0,0.0,0.0,0.0,0,0,0,0,0,0.0,0.0,0.0,0.0,0.0,0.0,0.41439548500851553,0.6081651681630007,1.1222490207864522,1.4696131502313747,3.0225480778538643,2.5854794602160425,,,,,,,171,36,0.0,0.0,Midfielder,Brighton,38
Ahmed,Abdullahi,Abdullahi,Forward,SUN,7.473951455582764,9.201402944824094,,,,4.2,0.4,0.0,0.0,0,0,0.0,0.0,0.0,0.0,0.0,,0.0,0.0,0.0,0.0,0.0,0,0,0,0,0,0.0,0.0,0.0,0.0,0.0,0.0,0.9753658631084474,1.7142309817935704,1.6347743552780067,1.2489734116624696,1.9006068437402692,1.7274514892413304,,,,,,,562,56,0.0,0.0,Forward,Sunderland,38
Ryan,Trevitt,Trevitt,Midfielder,BRE,6.901102575300048,9.199355707915647,0.0,0.0,Has joined Wigan on loan for the rest of the season,4.5,0.0,0.0,0.0,0,0,0.0,0.0,0.0,0.0,0.0,,0.0,0.0,0.0,0.0,0.0,0,0,0,0,0,0.0,0.0,0.0,0.0,0.0,0.0,0.42487012514300476,0.7761221209484813,1.6415252206591038,1.4681028172428432,2.590482291306615,2.2982531326155975,,,,,,,134,94,0.0,0.0,Midfielder,Brentford,38
Paris,Maghoma,Maghoma,Midfielder,BRE,6.901102575300048,9.199355707915647,0.0,0.0,has joined Norwich City permanently.,4.5,0.0,0.0,0.0,0,0,0.0,0.0,0.0,0.0,0.0,,0.0,0.0,0.0,0.0,0.0,0,0,0,0,0,0.0,0.0,0.0,0.0,0.0,0.0,0.42487012514300476,0.7761221209484813,1.6415252206591038,1.4681028172428432,2.590482291306615,2.2982531326155975,,,,,,,132,94,0.0,0.0,Midfielder,Brentford,38
Kadan,Young,Young,Midfielder,AVL,6.820253691366104,9.194281571215955,0.0,0.0,has joined Reading on loan for the rest of the season.,4.3,0.5,0.0,0.0,0,0,0.0,0.0,0.0,0.0,0.0,,0.0,0.0,0.0,0.0,0.0,0,0,0,0,0,0.0,0.0,0.0,0.0,0.0,0.0,0.4334794492228075,0.7150016290361756,1.5650262122004626,1.4473878471597568,2.6593585537469018,2.3740278798498506,,,,,,,63,7,0.0,0.0,Midfielder,Aston Villa,38
Myles,Peart-Harris,Peart-Harris,Midfielder,BRE,6.91538423828504,9.192901047035612,0.0,0.0,has joined Oxford United permanently.,4.4,0.0,0.0,0.2,1,0,1.0,0.0,0.0,0.0,0.0,,0.0,0.0,0.0,0.0,0.0,0,0,0,0,0,0.0,0.0,0.0,0.0,0.0,0.0,0.42487012514300476,0.7816272300098339,1.640655427895785,1.4681028172428432,2.6001286379935733,2.2775168087505726,,,,,,,133,94,0.0,0.0,Midfielder,Brentford,38
Radu,Drăgușin,Dragusin,Defender,TOT,7.449948993394424,9.1855866958425,100.0,100.0,,4.5,0.0,0.0,3.8,17,1,1.7,0.0,0.05,0.0,0.05,,130.6,3.2,27.0,16.1,1.0,0,0,0,13,5,3.0,270.0,0.0,3.0,0.0,0.0,1.2909101914312742,1.7443443786246287,1.4629594113291131,1.4045324804279005,1.5472025315815072,1.7356377024480774,,,,,,,572,6,3.0,270.0,Defender,Spurs,38
Ashley,Barnes,Barnes,Forward,BUR,7.940203190066283,9.182910187201902,,,,4.2,1.2,0.0,1.2,5,0,0.9,0.0,0.56,0.09,0.65,,2.2,1.9,44.0,4.8,5.0,0,0,0,3,0,0.0,0.0,0.0,0.0,0.0,0.0,1.308540676003568,2.002830425225064,1.4821220737818677,1.6741324430848106,1.4725775719709717,1.2427069971356177,,,,,,,218,90,0.0,0.0,Forward,Burnley,38
Antoni,Milambo,Milambo,Midfielder,BRE,6.82531121652841,9.153239279686455,0.0,0.0,Knee injury - Expected back 01 Jun,5.2,0.0,0.0,0.2,1,0,1.0,0.0,0.0,0.02,0.02,,4.0,1.8,0.0,0.6,0.0,0,0,0,3,1,0.0,0.0,0.0,0.0,0.0,0.0,0.4129113827683642,0.763953301686663,1.4777415973870385,1.4465624359952494,2.724142498691096,2.327928063158044,,,,,,,122,94,0.0,0.0,Midfielder,Brentford,38
Ben,Broggio,Broggio,Midfielder,AVL,6.842107065235349,9.151335016849643,0.0,0.0,has joined Falkirk on loan for the rest of the season.,4.4,0.2,0.0,0.0,0,0,0.0,0.0,0.0,0.0,0.0,,0.0,0.0,0.0,0.0,0.0,0,0,0,0,0,0.0,0.0,0.0,0.0,0.0,0.0,0.42684194849902357,0.7219252939471439,1.566740635529,1.4688369981121578,2.6577621891480243,2.309227951614293,,,,,,,60,7,0.0,0.0,Midfielder,Aston Villa,38
Adrian,Mazilu,Mazilu,Midfielder,BHA,6.722387105174478,9.139039482642296,0.0,0.0,has joined Dinamo Bucharest permanently.,4.5,0.0,0.0,0.0,0,0,0.0,0.0,0.0,0.0,0.0,,0.0,0.0,0.0,0.0,0.0,0,0,0,0,0,0.0,0.0,0.0,0.0,0.0,0.0,0.40620654683105534,0.6064397967574849,1.146862257005831,1.4752927214253455,3.087585783154761,2.4166523774678184,,,,,,,176,36,0.0,0.0,Midfielder,Brighton,38
Andrew,Moran,Moran,Midfielder,BHA,6.722387105174478,9.139039482642296,0.0,0.0,Has joined Los Angeles FC on loan for the rest of the season.,4.5,0.0,0.0,0.0,0,0,0.0,0.0,0.0,0.0,0.0,,0.0,0.0,0.0,0.0,0.0,0,0,0,0,0,0.0,0.0,0.0,0.0,0.0,0.0,0.40620654683105534,0.6064397967574849,1.146862257005831,1.4752927214253455,3.087585783154761,2.4166523774678184,,,,,,,177,36,0.0,0.0,Midfielder,Brighton,38
Zach,Marsh,Marsh,Forward,CRY,7.439406875866248,9.12383745238021,,,,4.4,0.3,0.0,0.0,0,0,0.0,0.0,0.0,0.0,0.0,,0.0,0.0,0.0,0.0,0.0,0,0,0,0,0,0.0,0.0,0.0,0.0,0.0,0.0,1.019846495653944,1.728976502759891,1.5199006197236828,1.3247843307774183,1.8458989269513124,1.6844305765139616,,,,,,,286,31,0.0,0.0,Forward,Crystal Palace,38
James,Wright,Wright,Goalkeeper,AVL,7.1003358599526,9.121622278042246,,,,3.9,0.6,0.0,0.0,0,0,0.0,0.0,0.0,0.0,0.0,,0.0,0.0,0.0,0.0,0.0,0,0,0,0,0,0.0,0.0,0.0,0.0,0.0,0.0,0.9873660022626729,1.589699362545041,1.6800455700468984,1.112751759455466,1.7304731656425218,2.0212864180896455,,,,,,,688,7,0.0,0.0,Goalkeeper,Aston Villa,38
Sam,Proctor,Proctor,Goalkeeper,AVL,7.1003358599526,9.121622278042246,,,,3.9,0.6,0.0,0.0,0,0,0.0,0.0,0.0,0.0,0.0,,0.0,0.0,0.0,0.0,0.0,0,0,0,0,0,0.0,0.0,0.0,0.0,0.0,0.0,0.9873660022626729,1.589699362545041,1.6800455700468984,1.112751759455466,1.7304731656425218,2.0212864180896455,,,,,,,703,7,0.0,0.0,Goalkeeper,Aston Villa,38
Amara,Nallo,Nallo,Defender,LIV,6.72844947170337,9.11387748841037,100.0,100.0,,3.7,0.9,0.0,0.0,0,0,0.0,0.0,0.0,0.0,0.0,,0.0,0.0,0.0,0.0,0.0,0,0,0,0,0,0.0,0.0,0.0,0.0,0.0,0.0,1.074319387026127,1.2017801636084708,1.2614868052784276,1.494853971403328,1.6960091443870169,2.385428016707001,,,,,,,378,14,0.0,0.0,Defender,Liverpool,38
Ben,Casey,Casey,Forward,CRY,7.442401663047358,9.100265085924248,,,,4.5,0.0,0.0,0.0,0,0,0.0,0.0,0.0,0.0,0.0,,0.0,0.0,0.0,0.0,0.0,0,0,0,0,0,0.0,0.0,0.0,0.0,0.0,0.0,1.015354418656682,1.7386787902187546,1.5119798570629595,1.3118450530628716,1.8645435440460898,1.6578634228768898,,,,,,,780,31,0.0,0.0,Forward,Crystal Palace,38
Tom,Watson,Watson,Midfielder,BHA,6.2437551798447775,9.09896618854054,0.0,0.0,has joined Millwall on loan for the rest of the season.,4.8,0.0,0.0,1.0,5,0,0.8,0.0,0.06,0.05,0.11,,6.0,2.4,7.0,1.6,0.0,0,0,0,2,0,0.0,0.0,0.0,0.0,0.0,0.0,0.43014975889709406,0.6122327177524381,1.1166865585730985,1.4587101433747178,2.6259760012474285,2.8552110086957625,,,,,,,172,36,0.0,0.0,Midfielder,Brighton,38
Jamaldeen,Jimoh-Aloba,Jimoh-Aloba,Midfielder,AVL,6.861614849610567,9.086857206210205,0.0,0.0,has joined West Brom on loan for the rest of the season.,4.5,0.1,0.0,0.2,1,0,1.0,0.0,0.0,0.0,0.0,,0.2,0.3,0.0,0.1,0.0,0,0,0,0,0,0.0,0.0,0.0,0.0,0.0,0.0,0.39946715293385643,0.6992392851595113,1.5457456073897662,1.487518740722852,2.7296440634045807,2.2252423565996367,,,,,,,62,7,0.0,0.0,Midfielder,Aston Villa,38
Dan,Neil,Neil,Midfielder,SUN,6.651766573088805,9.074254454685395,0.0,0.0,has joined Ipswich Town on loan for the rest of the season.,4.8,0.0,0.0,0.6,3,0,1.0,0.0,0.0,0.0,0.0,,3.0,1.4,0.0,0.4,0.0,0,0,0,0,0,0.0,0.0,0.0,0.0,0.0,0.0,0.3969836316083482,0.6120088014761853,1.1818893157521653,1.4779408100100553,2.982944014242052,2.4224878815965907,,,,,,,549,56,0.0,0.0,Midfielder,Sunderland,38
Ethan,Nwaneri,Nwaneri,Midfielder,ARS,6.219044081827083,9.040913434928857,0.0,0.0,has joined Marseille on loan for the rest of the season.,5.0,0.1,0.0,1.6,8,0,1.3,0.0,0.13,0.04,0.17,,8.6,22.5,24.0,5.4,0.0,0,0,1,0,0,0.0,0.0,0.0,0.0,0.0,0.0,0.41230067277342797,1.0015051775497976,1.4602708643034423,1.4807474785642545,1.8642198886361614,2.821869353101773,,,,,,,25,3,0.0,0.0,Midfielder,Arsenal,38
Joe,Knight,Knight,Midfielder,BHA,6.635672476031508,9.009066878066434,0.0,0.0,has joined Stevenage permanently.,4.4,0.1,0.0,0.2,1,0,1.0,0.0,0.0,0.0,0.0,,0.0,0.0,0.0,0.0,0.0,0,0,0,0,0,0.0,0.0,0.0,0.0,0.0,0.0,0.40620654683105534,0.5953135756007465,1.1160385336720866,1.47026077430146,3.0478530456261597,2.3733944020349265,,,,,,,175,36,0.0,0.0,Midfielder,Brighton,38
Christopher,Nkunku,Nkunku,Midfielder,CHE,5.914745996381524,9.003075163902624,0.0,0.0,has joined AC Milan permanently.,5.9,0.1,0.0,0.0,0,0,0.0,0.0,0.0,0.0,0.0,,0.0,0.0,0.0,0.0,0.0,0,0,0,0,0,0.0,0.0,0.0,0.0,0.0,0.0,0.46135052308113206,0.7021436106683848,1.3039699126567639,1.6771843343111659,1.7700976156640769,3.0883291675211004,,,,,,,240,8,0.0,0.0,Midfielder,Chelsea,38
Fábio,Ferreira Vieira,Fábio Vieira,Midfielder,ARS,6.070478316255818,8.996897038680371,0.0,0.0,has joined Hamburger on loan for the rest of the season.,5.4,0.0,0.0,0.0,0,0,0.0,0.0,0.0,0.0,0.0,,0.0,0.0,0.0,0.0,0.0,0,0,0,0,0,0.0,0.0,0.0,0.0,0.0,0.0,0.4218489308343444,0.765378210108114,1.4538393375757468,1.6183891119259808,1.8110227258116316,2.9264187224245535,,,,,,,23,3,0.0,0.0,Midfielder,Arsenal,38
Yunus Emre,Konak,Konak,Midfielder,BRE,6.692253957997936,8.98705264353115,0.0,0.0,has joined Oxford United on loan for the rest of the season.,4.3,0.1,0.0,0.0,0,0,0.0,0.0,0.0,0.0,0.0,,0.0,0.0,0.0,0.0,0.0,0,0,0,0,0,0.0,0.0,0.0,0.0,0.0,0.0,0.42487012514300476,0.7403032343051629,1.598680200593005,1.4710862992127365,2.457314098744026,2.2947986855332134,,,,,,,131,94,0.0,0.0,Midfielder,Brentford,38
Mads,Roerslev Rasmussen,Roerslev,Defender,BRE,6.750118523871945,8.957966704931389,0.0,0.0,Has joined Southampton permanently.,4.5,0.0,0.0,0.0,0,0,0.0,0.0,0.0,0.0,0.0,,0.0,0.0,0.0,0.0,0.0,0,0,0,0,0,0.0,0.0,0.0,0.0,0.0,0.0,0.41135192306126084,0.7218356007993723,1.357428498157013,1.9987564378371017,2.260746064017198,2.207848181059443,,,,,,,112,94,0.0,0.0,Defender,Brentford,38
Álex,Moreno Lopera,Alex Moreno,Defender,AVL,6.69064595591838,8.957063697817468,0.0,0.0,Has joined Girona permanently.,4.0,1.5,0.0,0.0,0,0,0.0,0.0,0.0,0.0,0.0,,0.0,0.0,0.0,0.0,0.0,0,0,0,0,0,0.0,0.0,0.0,0.0,0.0,0.0,0.42100469121419204,0.6941333616646247,1.4000334887773507,1.9243790138087813,2.2510954004534307,2.2664177418990876,,,,,,,43,7,0.0,0.0,Defender,Aston Villa,38
Gonçalo Manuel,Ganchinho Guedes,Guedes,Midfielder,WOL,5.982252051863866,8.930781683117111,0.0,0.0,Has joined Real Sociedad permanently.,5.5,0.0,0.0,0.0,0,0,0.0,0.0,0.0,0.0,0.0,,0.0,0.0,0.0,0.0,0.0,0,0,0,0,0,0.0,0.0,0.0,0.0,0.0,0.0,0.4505846941590653,0.7636806964026891,1.3401785711498513,1.58071154527153,1.8470965448807304,2.948529631253244,,,,,,,647,39,0.0,0.0,Midfielder,Wolves,38
Jhon,Arias,J.Arias,Midfielder,WOL,6.9448961894924235,8.916489284248597,0.0,0.0,has joined Palmeiras permanently.,4.9,0.1,0.0,9.2,45,0,2.0,0.0,0.27,0.05,0.32,,171.0,204.0,148.0,52.1,0.0,1,0,2,21,14,0.0,0.0,0.0,0.0,0.0,0.0,0.3672973185881655,0.9674270087381664,1.5340864896077875,2.101258026409987,1.9748273461483163,1.9715930947561733,,,,,,,663,39,0.0,0.0,Midfielder,Wolves,38
Tom,Heaton,Heaton,Goalkeeper,MUN,6.859563804039132,8.913990205748616,,,,3.8,0.6,0.0,0.0,0,0,0.0,0.0,0.0,0.0,0.0,,0.0,0.0,0.0,0.0,0.0,0,0,0,0,0,0.0,0.0,0.0,0.0,0.0,0.0,0.9861771465697103,1.6101436335484915,1.508727644791574,1.2580813301015306,1.4964340490278247,2.0544264017094847,,,,,,,434,1,0.0,0.0,Goalkeeper,Man Utd,38
Cheick,Doucouré,Doucouré,Midfielder,CRY,6.580518464398944,8.889546461404676,0.0,0.0,Lack of match fitness - Expected back 01 Jun,4.9,0.0,0.0,0.0,0,0,0.0,0.0,0.0,0.0,0.0,,0.0,0.0,0.0,0.0,0.0,0,0,0,0,0,0.0,0.0,0.0,0.0,0.0,0.0,0.41439824443636675,0.6148083930326073,1.1592929267245449,1.484630748838625,2.9073881513668,2.3090279970057317,,,,,,,268,31,0.0,0.0,Midfielder,Crystal Palace,38
Antony,dos Santos,Antony,Midfielder,MUN,5.888199741706884,8.869526837984097,0.0,0.0,has joined Real Betis permanently.,5.9,0.1,0.0,0.0,0,0,0.0,0.0,0.0,0.0,0.0,,0.0,0.0,0.0,0.0,0.0,0,0,0,0,0,0.0,0.0,0.0,0.0,0.0,0.0,0.44791093214800665,0.701818725783728,1.314628666395114,1.642878988739612,1.7809624286404224,2.9813270962772127,,,,,,,454,1,0.0,0.0,Midfielder,Man Utd,38
Dejan,Kulusevski,Kulusevski,Midfielder,TOT,5.510672567459743,8.864866291513115,0.0,0.0,Knee injury - Unknown return date,6.4,0.0,0.0,0.0,0,0,0.0,0.0,0.0,0.0,0.0,,0.0,0.0,0.0,0.0,0.0,0,0,0,0,0,0.0,0.0,0.0,0.0,0.0,0.0,0.4671903082529196,0.6162853175667793,0.9925991803760233,1.6807006954774972,1.7538970657865236,3.354193724053373,,,,,,,583,6,0.0,0.0,Midfielder,Spurs,38
Tyler,Fletcher,Fletcher,Midfielder,MUN,7.710872724056686,8.856079182305455,,,,4.4,0.0,0.0,0.5,2,1,1.0,0.0,0.0,0.05,0.05,,0.8,3.0,0.0,0.3,16.0,0,0,0,0,0,2.0,11.25,0.0,0.0,2.0,0.0,1.4848943420198646,1.7433532948868147,1.7167738456933594,1.4329794610292805,1.332871780427367,1.1452064582487695,,,,,,,771,1,2.0,11.25,Midfielder,Man Utd,38
Nicolas,Jackson,N.Jackson,Forward,CHE,6.229652902385068,8.855694737785566,0.0,0.0,has joined Bayern Munich on loan for the rest of the season.,6.5,0.1,0.0,0.0,0,0,0.0,0.0,0.0,0.0,0.0,,0.0,0.0,0.0,0.0,0.0,0,0,0,0,0,0.0,0.0,0.0,0.0,0.0,0.0,0.41957284291830693,0.6617460611115262,1.5460424395387418,1.7697783244121799,1.832513234404313,2.6260418354004975,,,,,,,251,8,0.0,0.0,Forward,Chelsea,38
Fer,López González,Fer López,Midfielder,WOL,6.386955441234306,8.835138855339093,0.0,0.0,has joined Celta Vigo on loan for the rest of the season.,5.1,0.0,0.0,2.4,12,0,1.3,0.0,0.06,0.24,0.3,,29.0,61.0,37.0,12.4,0.0,0,1,0,9,2,0.0,0.0,0.0,0.0,0.0,0.0,0.455442884294027,1.125558020770291,1.3744325827152366,1.5627229747726252,1.8687989786821266,2.4481834141047853,,,,,,,645,39,0.0,0.0,Midfielder,Wolves,38
Alan,Browne,Browne,Midfielder,SUN,6.5242023570031416,8.830547459313307,0.0,0.0,has joined Middlesbrough on loan for the rest of the season.,4.5,0.0,0.0,0.0,0,0,0.0,0.0,0.0,0.0,0.0,,0.0,0.0,0.0,0.0,0.0,0,0,0,0,0,0.0,0.0,0.0,0.0,0.0,0.0,0.4174501391866801,0.6246951104450768,1.2500083928632666,1.4235589594568672,2.808489755051251,2.306345102310165,,,,,,,555,56,0.0,0.0,Midfielder,Sunderland,38
Pierre,Ekwah Elimby,Ekwah,Midfielder,SUN,6.5242023570031416,8.830547459313307,0.0,0.0,Has joined AS Saint-Etienne permanently.,4.5,0.0,0.0,0.0,0,0,0.0,0.0,0.0,0.0,0.0,,0.0,0.0,0.0,0.0,0.0,0,0,0,0,0,0.0,0.0,0.0,0.0,0.0,0.0,0.4174501391866801,0.6246951104450768,1.2500083928632666,1.4235589594568672,2.808489755051251,2.306345102310165,,,,,,,556,56,0.0,0.0,Midfielder,Sunderland,38
Tymur,Tutierov,Tutierov,Midfielder,SUN,6.5242023570031416,8.830547459313307,0.0,0.0,has joined Exeter City on loan for the rest of the season.,4.5,0.0,0.0,0.0,0,0,0.0,0.0,0.0,0.0,0.0,,0.0,0.0,0.0,0.0,0.0,0,0,0,0,0,0.0,0.0,0.0,0.0,0.0,0.0,0.4174501391866801,0.6246951104450768,1.2500083928632666,1.4235589594568672,2.808489755051251,2.306345102310165,,,,,,,775,56,0.0,0.0,Midfielder,Sunderland,38
Nectarios,Triantis,Triantis,Midfielder,SUN,6.526300997493905,8.829479396986056,0.0,0.0,has joined Minnesota United permanently.,4.4,0.0,0.0,0.0,0,0,0.0,0.0,0.0,0.0,0.0,,0.0,0.0,0.0,0.0,0.0,0,0,0,0,0,0.0,0.0,0.0,0.0,0.0,0.0,0.4174501391866801,0.6402914391119845,1.2500083928632666,1.420564581621612,2.7979864447103617,2.3031783994921504,,,,,,,559,56,0.0,0.0,Midfielder,Sunderland,38
Romain,Esse,Esse,Midfielder,CRY,6.18913822519501,8.806641402186209,0.0,0.0,has joined Coventry City on loan for the rest of the season.,4.7,0.1,0.0,0.9,4,0,1.0,0.0,0.0,0.09,0.09,,6.8,2.7,6.0,1.5,0.0,0,0,0,0,0,0.0,0.0,0.0,0.0,0.0,0.0,0.4275596207795137,0.6163522779884495,1.1178862135705012,1.426165353611683,2.601174759244863,2.6175031769911987,,,,,,,269,31,0.0,0.0,Midfielder,Crystal Palace,38
Will,Wright,Wright,Forward,LIV,7.077930679838975,8.80606535898945,,,,4.5,0.0,0.0,0.0,0,0,0.0,0.0,0.0,0.0,0.0,,0.0,0.0,0.0,0.0,0.0,0,0,0,0,0,0.0,0.0,0.0,0.0,0.0,0.0,1.036904788160065,1.7414509551548745,1.4732225819054166,1.3944968979220451,1.4318554566965733,1.7281346791504748,,,,,,,830,14,0.0,0.0,Forward,Liverpool,38
Claudio,Echeverri,Echeverri,Midfielder,MCI,5.277980225512799,8.805709035743142,0.0,0.0,has joined Girona on loan for the rest of the season.,5.4,0.0,0.0,0.0,0,0,0.0,0.0,0.0,0.0,0.0,,0.0,0.0,0.0,0.0,0.0,0,0,0,0,0,0.0,0.0,0.0,0.0,0.0,0.0,0.4509307528324684,0.6196187135616718,0.9486245163170646,1.4759524172667584,1.7828538255348356,3.527728810230344,,,,,,,425,43,0.0,0.0,Midfielder,Man City,38
Tyler,Fredricson,Fredricson,Defender,MUN,7.051766951160731,8.804850004334934,,,,3.7,0.2,0.0,0.3,1,0,1.0,0.0,0.0,0.0,0.0,,4.0,0.0,0.0,0.4,0.0,0,0,0,0,0,0.0,0.0,0.0,0.0,0.0,0.0,0.9425826521982639,1.658755008624296,1.5187677908215522,1.3281854657605425,1.6034760337560772,1.7530830531742032,,,,,,,446,1,0.0,0.0,Defender,Man Utd,38
Mateo,Joseph Fernández-Regatillo,Mateo Joseph,Forward,LEE,6.427211145682296,8.795828235811152,0.0,0.0,Has joined RCD Mallorca on loan for the rest of the season.,5.0,0.0,0.0,0.0,0,0,0.0,0.0,0.0,0.0,0.0,,0.0,0.0,0.0,0.0,0.0,0,0,0,0,0,0.0,0.0,0.0,0.0,0.0,0.0,0.4337929191982438,0.7506647990441305,1.4545762901452868,2.2215018375551425,1.5666752997394928,2.368617090128856,,,,,,,364,2,0.0,0.0,Forward,Leeds,38
İlkay,Gündoğan,Gündoğan,Midfielder,MCI,5.441200471007994,8.783997835298841,0.0,0.0,has joined Galatasaray permanently.,6.3,0.1,0.0,0.0,0,0,0.0,0.0,0.0,0.0,0.0,,0.0,0.0,0.0,0.0,0.0,0,0,0,0,0,0.0,0.0,0.0,0.0,0.0,0.0,0.48990505037924637,0.6051590964100408,0.9587451535361399,1.6559225287620087,1.731468641920558,3.3427973642908477,,,,,,,420,43,0.0,0.0,Midfielder,Man City,38
Alysson Edward Franco,da Rocha dos Santos,Alysson,Midfielder,AVL,6.857105483769246,8.778375234072067,0.0,0.0,Muscle injury - Unknown return date,5.0,0.0,0.0,0.6,3,0,1.0,0.0,0.1,0.1,0.2,,3.2,3.5,10.0,1.5,0.0,0,0,0,2,0,0.0,0.0,0.0,0.0,0.0,0.0,0.4138118548137669,0.8122763353150897,1.6311782655434757,1.4469452800155116,2.552893748081402,1.921269750302822,,,,,,,792,7,0.0,0.0,Midfielder,Aston Villa,38
Diego,Coppola,Coppola,Defender,BHA,6.070517578129099,8.772017679321099,0.0,0.0,has joined Paris FC on loan for the rest of the season.,4.2,0.0,0.0,2.4,10,0,2.0,0.0,0.0,0.0,0.0,,42.4,3.7,2.0,4.8,0.0,0,0,1,3,2,0.0,0.0,0.0,0.0,0.0,0.0,0.43296326457232087,0.6339875729794253,1.1089249115992783,1.5123924210022928,2.382249407975782,2.7015001011919995,,,,,,,144,36,0.0,0.0,Defender,Brighton,38
Albert,Sambi Lokonga,Sambi,Midfielder,ARS,6.280419311437424,8.753887588583188,0.0,0.0,has joined Hamburger permanently.,4.5,0.0,0.0,0.0,0,0,0.0,0.0,0.0,0.0,0.0,,0.0,0.0,0.0,0.0,0.0,0,0,0,0,0,0.0,0.0,0.0,0.0,0.0,0.0,0.4181278679595315,0.786953606635092,1.6849992055999576,1.5723843233151138,1.8179543079277294,2.4734682771457646,,,,,,,29,3,0.0,0.0,Midfielder,Arsenal,38
Manuel,Benson Hedilazio,Benson,Midfielder,BUR,5.48035796573739,8.739484910102048,0.0,0.0,has joined Maccabi Haifa permanently.,5.4,0.0,0.0,0.0,0,0,0.0,0.0,0.0,0.0,0.0,,0.0,0.0,0.0,0.0,0.0,0,0,0,0,0,0.0,0.0,0.0,0.0,0.0,0.0,0.4579321972035528,0.6188360768961011,0.979870576060785,1.438570258497488,1.9851488570794633,3.2591269443646578,,,,,,,201,90,0.0,0.0,Midfielder,Burnley,38
Rasmus,Højlund,Højlund,Forward,MUN,6.1664627993068875,8.738703309274932,0.0,0.0,has joined Napoli on loan for the rest of the season.,6.3,0.3,0.0,0.0,0,0,0.0,0.0,0.0,0.0,0.0,,0.0,0.0,0.0,0.0,0.0,0,0,0,0,0,0.0,0.0,0.0,0.0,0.0,0.0,0.4322726494810071,0.6756754305252026,1.5781460027452088,1.7412133170924649,1.7391553994630042,2.572240509968045,,,,,,,465,1,0.0,0.0,Forward,Man Utd,38
Kendry,Páez Andrade,Paez,Midfielder,CHE,6.217948552383128,8.728741067356502,0.0,0.0,has joined River Plate on loan for the rest of the season.,4.5,0.0,0.0,0.0,0,0,0.0,0.0,0.0,0.0,0.0,,0.0,0.0,0.0,0.0,0.0,0,0,0,0,0,0.0,0.0,0.0,0.0,0.0,0.0,0.40688427560390666,0.7842010521044157,1.6117705272793839,1.5778174124471838,1.8372752849482386,2.510792514973373,,,,,,,248,8,0.0,0.0,Midfielder,Chelsea,38
Dominic,Sadi,Sadi,Midfielder,BOU,6.217948552383128,8.722088571469886,0.0,0.0,has joined Novi Pazar on loan for the rest of the season.,4.5,0.0,0.0,0.0,0,0,0.0,0.0,0.0,0.0,0.0,,0.0,0.0,0.0,0.0,0.0,0,0,0,0,0,0.0,0.0,0.0,0.0,0.0,0.0,0.40688427560390666,0.7842010521044157,1.6117705272793839,1.5778174124471838,1.8372752849482386,2.5041400190867567,,,,,,,94,91,0.0,0.0,Midfielder,Bournemouth,38
Philip,Billing,Philip,Midfielder,BOU,6.089563390111092,8.715860062080992,0.0,0.0,has joined Midtjylland permanently.,4.9,0.0,0.0,0.0,0,0,0.0,0.0,0.0,0.0,0.0,,0.0,0.0,0.0,0.0,0.0,0,0,0,0,0,0.0,0.0,0.0,0.0,0.0,0.0,0.4150732137813669,0.7794636499272644,1.4941970803266287,1.5772407401876785,1.8235887058881537,2.626296671969901,,,,,,,89,91,0.0,0.0,Midfielder,Bournemouth,38
Mykhailo,Mudryk,Mudryk,Midfielder,CHE,6.089563390111092,8.715860062080992,0.0,0.0,Suspended - unknown return date,4.9,0.0,0.0,0.0,0,0,0.0,0.0,0.0,0.0,0.0,,0.0,0.0,0.0,0.0,0.0,0,0,0,0,0,0.0,0.0,0.0,0.0,0.0,0.0,0.4150732137813669,0.7794636499272644,1.4941970803266287,1.5772407401876785,1.8235887058881537,2.626296671969901,,,,,,,245,8,0.0,0.0,Midfielder,Chelsea,38
Antoñito,Cordero Campillo,Antoñito C.,Midfielder,NEW,6.200846865934073,8.711049566259419,0.0,0.0,has joined Cadiz on loan for the rest of the season.,4.9,0.0,0.0,0.0,0,0,0.0,0.0,0.0,0.0,0.0,,0.0,0.0,0.0,0.0,0.0,0,0,0,0,0,0.0,0.0,0.0,0.0,0.0,0.0,0.40688427560390666,0.7843542217900639,1.6117705272793839,1.5776260908881647,1.8202117503725541,2.5102027003253458,,,,,,,492,4,0.0,0.0,Midfielder,Newcastle,38
Illan,Meslier,Meslier,Goalkeeper,LEE,6.7624037773296655,8.709696869188054,,,,4.1,0.3,0.0,0.0,0,0,0.0,0.0,0.0,0.0,0.0,,0.0,0.0,0.0,0.0,0.0,0,0,0,0,0,0.0,0.0,0.0,0.0,0.0,0.0,1.0218262059549654,1.586562951312638,1.4739908593732598,1.1773119512161716,1.5027118094726297,1.9472930918583882,,,,,,,339,2,0.0,0.0,Goalkeeper,Leeds,38
Estêvão,Almeida de Oliveira Gonçalves,Estêvão,Midfielder,CHE,7.35905548721235,8.697744044471653,0.0,0.0,Hamstring injury - Expected back 01 Jun,6.4,1.7,0.0,9.1,58,0,2.6,0.0,0.31,0.23,0.54,,183.4,230.9,314.0,72.6,0.0,2,5,4,11,12,0.0,0.0,0.0,0.0,0.0,0.0,0.45660009392202244,1.4427463180106654,1.570900192837627,2.2628583785190806,1.6259505039229545,1.3386885572593026,,,,,,,238,8,0.0,0.0,Midfielder,Chelsea,38
Isaac,Heath,Heath,Midfielder,EVE,6.233285862590506,8.695236541231907,0.0,0.0,has joined Accrington on loan for the rest of the season.,4.5,0.0,0.0,0.0,0,0,0.0,0.0,0.0,0.0,0.0,,0.0,0.0,0.0,0.0,0.0,0,0,0,0,0,0.0,0.0,0.0,0.0,0.0,0.0,0.4181278679595315,0.8023994353746118,1.6849992055999576,1.5699418590778713,1.7578174945785334,2.4619506786414,,,,,,,308,11,0.0,0.0,Midfielder,Everton,38
Jenson,Metcalfe,Metcalfe,Midfielder,EVE,6.233285862590506,8.695236541231907,0.0,0.0,Has joined Bradford City permanently.,4.5,0.0,0.0,0.0,0,0,0.0,0.0,0.0,0.0,0.0,,0.0,0.0,0.0,0.0,0.0,0,0,0,0,0,0.0,0.0,0.0,0.0,0.0,0.0,0.4181278679595315,0.8023994353746118,1.6849992055999576,1.5699418590778713,1.7578174945785334,2.4619506786414,,,,,,,309,11,0.0,0.0,Midfielder,Everton,38
Tyler,Onyango,Onyango,Midfielder,EVE,6.233285862590506,8.695236541231907,0.0,0.0,has joined Stockport County on loan for the rest of the season.,4.5,0.0,0.0,0.0,0,0,0.0,0.0,0.0,0.0,0.0,,0.0,0.0,0.0,0.0,0.0,0,0,0,0,0,0.0,0.0,0.0,0.0,0.0,0.0,0.4181278679595315,0.8023994353746118,1.6849992055999576,1.5699418590778713,1.7578174945785334,2.4619506786414,,,,,,,704,11,0.0,0.0,Midfielder,Everton,38
Jakub,Kiwior,Kiwior,Defender,ARS,6.201779262199418,8.6864540082233,0.0,0.0,has joined Porto on loan for the rest of the season.,5.4,0.0,0.0,0.0,0,0,0.0,0.0,0.0,0.0,0.0,,0.0,0.0,0.0,0.0,0.0,0,0,0,0,0,0.0,0.0,0.0,0.0,0.0,0.0,0.4305676655707648,0.7385544592978218,1.6448696135932042,1.634114530327625,1.7536729934100017,2.4846747460238823,,,,,,,9,3,0.0,0.0,Defender,Arsenal,38
Illia,Zabarnyi,Zabarnyi,Defender,BOU,6.265511481362173,8.67577850685228,0.0,0.0,Has joined Paris Saint-Germain permanently.,5.0,0.0,0.0,0.0,0,0,0.0,0.0,0.0,0.0,0.0,,0.0,0.0,0.0,0.0,0.0,0,0,0,0,0,0.0,0.0,0.0,0.0,0.0,0.0,0.42518868192990084,0.7665562614533529,1.7706919093950655,1.5752171268043513,1.7278575017795021,2.4102670254901075,,,,,,,71,91,0.0,0.0,Defender,Bournemouth,38
Garang,Kuol,Kuol,Midfielder,NEW,6.225955568333998,8.674207717966532,0.0,0.0,has joined Sparta Prague permanently.,4.4,0.0,0.0,0.0,0,0,0.0,0.0,0.0,0.0,0.0,,0.0,0.0,0.0,0.0,0.0,0,0,0,0,0,0.0,0.0,0.0,0.0,0.0,0.0,0.4181278679595315,0.8023994353746118,1.6849992055999576,1.5698732231924077,1.7505558362074893,2.448252149632534,,,,,,,496,4,0.0,0.0,Midfielder,Newcastle,38
Luis,Sinisterra Lucumí,Sinisterra,Midfielder,BOU,6.037841003994424,8.672947932307718,0.0,0.0,has joined Cruzeiro on loan for the rest of the season.,5.0,0.0,0.0,0.0,0,0,0.0,0.0,0.0,0.0,0.0,,0.0,0.0,0.0,0.0,0.0,0,0,0,0,0,0.0,0.0,0.0,0.0,0.0,0.0,0.4150732137813669,0.7792489330435539,1.4641590152151178,1.5772407401876785,1.802119101766707,2.635106928313294,,,,,,,91,91,0.0,0.0,Midfielder,Bournemouth,38
Jay,Matete,Matete,Midfielder,SUN,6.370611701093093,8.672100529724764,0.0,0.0,has joined MK Dons permanently.,4.3,0.2,0.0,0.0,0,0,0.0,0.0,0.0,0.0,0.0,,0.0,0.0,0.0,0.0,0.0,0,0,0,0,0,0.0,0.0,0.0,0.0,0.0,0.0,0.4194219625426989,0.6264126634245698,1.2148452040637712,1.4143630218002472,2.6955688492618055,2.3014888286316713,,,,,,,558,56,0.0,0.0,Midfielder,Sunderland,38
Toby,Collyer,Collyer,Midfielder,MUN,6.222337731425861,8.670589881058394,0.0,0.0,has joined Hull City on loan for the rest of the season.,4.5,0.0,0.0,0.0,0,0,0.0,0.0,0.0,0.0,0.0,,0.0,0.0,0.0,0.0,0.0,0,0,0,0,0,0.0,0.0,0.0,0.0,0.0,0.0,0.4181278679595315,0.8023994353746118,1.6849992055999576,1.5698732231924077,1.7469379992993517,2.448252149632534,,,,,,,460,1,0.0,0.0,Midfielder,Man Utd,38
Jack,Moorhouse,Moorhouse,Midfielder,MUN,6.222337731425861,8.670589881058394,0.0,0.0,has joined Leyton Orient on loan for the rest of the season.,4.5,0.0,0.0,0.0,0,0,0.0,0.0,0.0,0.0,0.0,,0.0,0.0,0.0,0.0,0.0,0,0,0,0,0,0.0,0.0,0.0,0.0,0.0,0.0,0.4181278679595315,0.8023994353746118,1.6849992055999576,1.5698732231924077,1.7469379992993517,2.448252149632534,,,,,,,464,1,0.0,0.0,Midfielder,Man Utd,38
Sam,Greenwood,Greenwood,Midfielder,LEE,6.0215646891763015,8.669398171529789,0.0,0.0,has joined Pogon Szczecin permanently.,4.9,0.0,0.0,0.0,0,0,0.0,0.0,0.0,0.0,0.0,,0.0,0.0,0.0,0.0,0.0,0,0,0,0,0,0.0,0.0,0.0,0.0,0.0,0.0,0.42032850543841443,0.7791484526882102,1.4529649682770227,1.5747123391042814,1.7944104236683727,2.6478334823534877,,,,,,,355,2,0.0,0.0,Midfielder,Leeds,38
Largie,Ramazani,Ramazani,Midfielder,LEE,6.0215646891763015,8.669398171529789,0.0,0.0,has joined Valencia on loan for the rest of the season.,4.9,0.0,0.0,0.0,0,0,0.0,0.0,0.0,0.0,0.0,,0.0,0.0,0.0,0.0,0.0,0,0,0,0,0,0.0,0.0,0.0,0.0,0.0,0.0,0.42032850543841443,0.7791484526882102,1.4529649682770227,1.5747123391042814,1.7944104236683727,2.6478334823534877,,,,,,,357,2,0.0,0.0,Midfielder,Leeds,38
Joe,Gelhardt,Gelhardt,Midfielder,LEE,6.126472601051644,8.667902564416757,0.0,0.0,Has joined Hull City on loan for the rest of the season.,4.5,0.0,0.0,0.0,0,0,0.0,0.0,0.0,0.0,0.0,,0.0,0.0,0.0,0.0,0.0,0,0,0,0,0,0.0,0.0,0.0,0.0,0.0,0.0,0.40688427560390666,0.7834973135546472,1.5194459343345867,1.5795320934365933,1.8371129841219094,2.5414299633651134,,,,,,,360,2,0.0,0.0,Midfielder,Leeds,38
Darko,Gyabi,Gyabi,Midfielder,LEE,6.126472601051644,8.667902564416757,0.0,0.0,has joined Hull City permanently.,4.5,0.0,0.0,0.0,0,0,0.0,0.0,0.0,0.0,0.0,,0.0,0.0,0.0,0.0,0.0,0,0,0,0,0,0.0,0.0,0.0,0.0,0.0,0.0,0.40688427560390666,0.7834973135546472,1.5194459343345867,1.5795320934365933,1.8371129841219094,2.5414299633651134,,,,,,,361,2,0.0,0.0,Midfielder,Leeds,38
Charlie,Crew,Crew,Midfielder,LEE,6.126472601051644,8.667902564416757,0.0,0.0,Has joined Doncaster Rovers on loan for the rest of the season.,4.5,0.0,0.0,0.0,0,0,0.0,0.0,0.0,0.0,0.0,,0.0,0.0,0.0,0.0,0.0,0,0,0,0,0,0.0,0.0,0.0,0.0,0.0,0.0,0.40688427560390666,0.7834973135546472,1.5194459343345867,1.5795320934365933,1.8371129841219094,2.5414299633651134,,,,,,,359,2,0.0,0.0,Midfielder,Leeds,38
Joe,White,White,Midfielder,NEW,6.212609697214496,8.665543226930968,0.0,0.0,has joined Bradford City on loan for the rest of the season.,4.5,0.0,0.0,0.0,0,0,0.0,0.0,0.0,0.0,0.0,,0.0,0.0,0.0,0.0,0.0,0,0,0,0,0,0.0,0.0,0.0,0.0,0.0,0.0,0.4181278679595315,0.8023994353746118,1.6849992055999576,1.5699418590778713,1.7371413292025242,2.4529335297164714,,,,,,,498,4,0.0,0.0,Midfielder,Newcastle,38
Isaac,Hayden,Hayden,Midfielder,NEW,6.212609697214496,8.665543226930968,0.0,0.0,Has departed the club as a free agent.,4.5,0.0,0.0,0.0,0,0,0.0,0.0,0.0,0.0,0.0,,0.0,0.0,0.0,0.0,0.0,0,0,0,0,0,0.0,0.0,0.0,0.0,0.0,0.0,0.4181278679595315,0.8023994353746118,1.6849992055999576,1.5699418590778713,1.7371413292025242,2.4529335297164714,,,,,,,495,4,0.0,0.0,Midfielder,Newcastle,38
Arthur,Masuaku,Masuaku,Defender,SUN,6.4390581646656395,8.662804999729111,0.0,0.0,has joined RC Lens on loan for the rest of the season.,3.9,0.5,0.0,0.3,1,0,0.3,0.0,0.05,0.06,0.11,,21.8,20.1,7.0,4.9,0.0,0,0,0,2,2,0.0,0.0,0.0,0.0,0.0,0.0,0.42860864480563504,0.671110393799963,1.3128265510966883,1.3788021100978105,2.6477104648655425,2.2237468350634724,,,,,,,678,56,0.0,0.0,Defender,Sunderland,38
Temple,Ojinnaka,Ojinnaka,Midfielder,WOL,6.129638065854101,8.647525671423564,0.0,0.0,has joined Shrewsbury Town on loan for the rest of the season.,4.5,0.0,0.0,0.0,0,0,0.0,0.0,0.0,0.0,0.0,,0.0,0.0,0.0,0.0,0.0,0,0,0,0,0,0.0,0.0,0.0,0.0,0.0,0.0,0.4304027770281803,0.7840242603204823,1.5618796177064544,1.5361960534298718,1.8171353573691122,2.517887605569463,,,,,,,777,39,0.0,0.0,Midfielder,Wolves,38
Joe,Hodge,Hodge,Midfielder,WOL,6.129638065854101,8.647525671423564,0.0,0.0,Signed by CD Tondela,4.5,0.0,0.0,0.0,0,0,0.0,0.0,0.0,0.0,0.0,,0.0,0.0,0.0,0.0,0.0,0,0,0,0,0,0.0,0.0,0.0,0.0,0.0,0.0,0.4304027770281803,0.7840242603204823,1.5618796177064544,1.5361960534298718,1.8171353573691122,2.517887605569463,,,,,,,653,39,0.0,0.0,Midfielder,Wolves,38
Ármin,Pécsi,Pécsi,Goalkeeper,LIV,6.751213007904561,8.64545896703037,,,,3.8,0.9,0.0,0.0,0,0,0.0,0.0,0.0,0.0,0.0,,0.0,0.0,0.0,0.0,0.0,0,0,0,0,0,0.0,0.0,0.0,0.0,0.0,0.0,1.013333164266456,1.695205483888542,1.300651372004872,1.3574446123322774,1.3845783754124135,1.8942459591258085,,,,,,,368,14,0.0,0.0,Goalkeeper,Liverpool,38
Oleksandr,Zinchenko,Zinchenko,Defender,NFO,5.636974575547112,8.629385786711664,0.0,0.0,has joined Ajax permanently.,4.9,0.2,0.0,1.4,7,0,1.4,0.0,0.02,0.09,0.11,,80.8,83.4,22.0,18.6,0.0,0,0,0,6,4,0.0,0.0,0.0,0.0,0.0,0.0,0.4436517972471691,0.7388900005155613,1.1249834310582876,1.4933035255244536,1.8361458212016402,2.9924112111645527,,,,,,,12,17,0.0,0.0,Defender,Nott'm Forest,38
Ismeal,Kabia,Kabia,Midfielder,ARS,6.1458800275522565,8.62534047115528,0.0,0.0,has joined Shrewsbury Town on loan for the rest of the season.,4.5,0.1,0.0,0.0,0,0,0.0,0.0,0.0,0.0,0.0,,0.0,0.0,0.0,0.0,0.0,0,0,0,0,0,0.0,0.0,0.0,0.0,0.0,0.0,0.4181278679595315,0.7326407765997213,1.6127761023775071,1.5705363545908262,1.8117989260246705,2.4794604436030223,,,,,,,28,3,0.0,0.0,Midfielder,Arsenal,38
Pervis,Estupiñán Tenorio,Estupiñan,Defender,BHA,6.417353171077173,8.622565990670417,0.0,0.0,Has joined AC Milan permanently,4.5,0.0,0.0,0.0,0,0,0.0,0.0,0.0,0.0,0.0,,0.0,0.0,0.0,0.0,0.0,0,0,0,0,0,0.0,0.0,0.0,0.0,0.0,0.0,0.4237392415080627,0.6452079311981076,1.2872731294337771,1.4909767469325423,2.5701561220046836,2.2052128195932434,,,,,,,147,36,0.0,0.0,Defender,Brighton,38
Boubacar,Traoré,B.Traore,Midfielder,WOL,6.016530458965943,8.614341550818988,0.0,0.0,Has joined FC Metz on loan for the rest of the season.,5.0,0.0,0.0,0.0,0,0,0.0,0.0,0.0,0.0,0.0,,0.0,0.0,0.0,0.0,0.0,0,0,0,0,0,0.0,0.0,0.0,0.0,0.0,0.0,0.4191591846725555,0.7789342183221076,1.4169792148467864,1.5443944563573644,1.8570633847671294,2.5978110918530453,,,,,,,649,39,0.0,0.0,Midfielder,Wolves,38
Benjamin,Lecomte,Lecomte,Goalkeeper,FUL,6.670929097073505,8.591000307482858,,,,3.9,0.7,0.0,0.0,0,0,0.0,0.0,0.0,0.0,0.0,,0.0,0.0,0.0,0.0,0.0,0,0,0,0,0,0.0,0.0,0.0,0.0,0.0,0.0,1.0118978302299548,1.660516387599718,1.351246588987642,1.2741100155100291,1.3731582747461608,1.9200712104093527,,,,,,,664,54,0.0,0.0,Goalkeeper,Fulham,38
Franco,Umeh-Chibueze,Umeh,Midfielder,CRY,6.329425443243165,8.577729623530091,0.0,0.0,has joined Portsmouth permanently.,4.5,0.0,0.0,0.0,0,0,0.0,0.0,0.0,0.0,0.0,,0.0,0.0,0.0,0.0,0.0,0,0,0,0,0,0.0,0.0,0.0,0.0,0.0,0.0,0.4256418367919915,0.6301010520864789,1.1889140543917134,1.4380884655529198,2.6466800344200614,2.248304180286926,,,,,,,282,31,0.0,0.0,Midfielder,Crystal Palace,38
Malcolm,Ebiowei,Ebiowei,Midfielder,CRY,6.329425443243165,8.577729623530091,0.0,0.0,Has joined Blackpool permanently.,4.5,0.0,0.0,0.0,0,0,0.0,0.0,0.0,0.0,0.0,,0.0,0.0,0.0,0.0,0.0,0,0,0,0,0,0.0,0.0,0.0,0.0,0.0,0.0,0.4256418367919915,0.6301010520864789,1.1889140543917134,1.4380884655529198,2.6466800344200614,2.248304180286926,,,,,,,277,31,0.0,0.0,Midfielder,Crystal Palace,38
Matheus,França de Oliveira,M.França,Midfielder,CRY,6.329425443243165,8.577729623530091,0.0,0.0,Has joined CR Vasco da Gama on loan for the rest of the season.,4.5,0.0,0.0,0.0,0,0,0.0,0.0,0.0,0.0,0.0,,0.0,0.0,0.0,0.0,0.0,0,0,0,0,0,0.0,0.0,0.0,0.0,0.0,0.0,0.4256418367919915,0.6301010520864789,1.1889140543917134,1.4380884655529198,2.6466800344200614,2.248304180286926,,,,,,,279,31,0.0,0.0,Midfielder,Crystal Palace,38
David,Ozoh,Ozoh,Midfielder,CRY,6.329425443243165,8.577729623530091,0.0,0.0,Has joined Derby County on loan for the rest of the season.,4.5,0.0,0.0,0.0,0,0,0.0,0.0,0.0,0.0,0.0,,0.0,0.0,0.0,0.0,0.0,0,0,0,0,0,0.0,0.0,0.0,0.0,0.0,0.0,0.4256418367919915,0.6301010520864789,1.1889140543917134,1.4380884655529198,2.6466800344200614,2.248304180286926,,,,,,,280,31,0.0,0.0,Midfielder,Crystal Palace,38
Evan,Ferguson,Ferguson,Forward,BHA,6.338064491567054,8.575996767064995,0.0,0.0,Has joined AS Roma on loan for the rest of the season,5.5,0.0,0.0,0.0,0,0,0.0,0.0,0.0,0.0,0.0,,0.0,0.0,0.0,0.0,0.0,0,0,0,0,0,0.0,0.0,0.0,0.0,0.0,0.0,0.4408093090132168,0.6371435912252043,1.3442200809686164,1.5817799983436622,2.3341115120163547,2.2379322754979407,,,,,,,179,36,0.0,0.0,Forward,Brighton,38
Chris,Mepham,Mepham,Defender,BOU,6.218706668685337,8.573437197245447,0.0,0.0,has joined West Bromwich Albion permanently.,4.0,0.1,0.0,0.0,0,0,0.0,0.0,0.0,0.0,0.0,,0.0,0.0,0.0,0.0,0.0,0,0,0,0,0,0.0,0.0,0.0,0.0,0.0,0.0,0.4151594246477104,0.6782179559519691,1.3622307745550177,2.165722296870567,1.597376216660074,2.3547305285601086,,,,,,,79,91,0.0,0.0,Defender,Bournemouth,38
Zain,Silcott-Duberry,Silcott-Duberry,Midfielder,BOU,6.075507133320565,8.5686396269463,0.0,0.0,has joined Olympiakos permanently.,4.4,0.1,0.0,0.0,0,0,0.0,0.0,0.0,0.0,0.0,,0.0,0.0,0.0,0.0,0.0,0,0,0,0,0,0.0,0.0,0.0,0.0,0.0,0.0,0.4181278679595315,0.729888222069045,1.5499558127727948,1.5716386429831068,1.8058965875360866,2.493132493625735,,,,,,,95,91,0.0,0.0,Midfielder,Bournemouth,38
Darwin,Núñez Ribeiro,Darwin,Forward,LIV,5.9154082297354265,8.56487939735427,0.0,0.0,Has joined Al-Hilal permanently.,6.5,0.1,0.0,0.0,0,0,0.0,0.0,0.0,0.0,0.0,,0.0,0.0,0.0,0.0,0.0,0,0,0,0,0,0.0,0.0,0.0,0.0,0.0,0.0,0.4534706869887856,0.6613061072972721,1.4326690644832492,1.7683521073067703,1.5996102636593492,2.6494711676188434,,,,,,,397,14,0.0,0.0,Forward,Liverpool,38
Jesurun,Rak-Sakyi,J.Rak-Sakyi,Midfielder,CRY,6.315893124274947,8.557039613951462,0.0,0.0,has joined Stoke City on loan for the rest of the season.,4.4,0.0,0.0,0.0,0,0,0.0,0.0,0.0,0.0,0.0,,0.0,0.0,0.0,0.0,0.0,0,0,0,0,0,0.0,0.0,0.0,0.0,0.0,0.0,0.4256418367919915,0.6456973807533868,1.1872541853376521,1.4319920072703405,2.6253077141215764,2.2411464896765145,,,,,,,278,31,0.0,0.0,Midfielder,Crystal Palace,38
Aarón,Anselmino,Anselmino,Defender,CHE,6.189109611041035,8.546596756469075,0.0,0.0,has joined Strasbourg on loan for the rest of the season.,4.0,0.1,0.0,0.0,0,0,0.0,0.0,0.0,0.0,0.0,,0.0,0.0,0.0,0.0,0.0,0,0,0,0,0,0.0,0.0,0.0,0.0,0.0,0.0,0.4178411788854134,0.6782179559519691,1.3622307745550177,2.130156449504164,1.6006632521444706,2.35748714542804,,,,,,,234,8,0.0,0.0,Defender,Chelsea,38
Adam,Webster,Webster,Defender,BHA,6.337685432027932,8.541599892842374,0.0,0.0,Knee injury - Unknown return date,4.4,0.0,0.0,0.0,0,0,0.0,0.0,0.0,0.0,0.0,,0.0,0.0,0.0,0.0,0.0,0,0,0,0,0,0.0,0.0,0.0,0.0,0.0,0.0,0.4237392415080627,0.6452079311981076,1.288342751508874,1.4888786653312263,2.491516842481661,2.2039144608144428,,,,,,,153,36,0.0,0.0,Defender,Brighton,38
Sékou,Koné,Kone,Midfielder,MUN,6.0845846351936235,8.531640020129448,0.0,0.0,has joined Lausanne-Sport on loan for the rest of the season.,4.3,0.1,0.0,0.0,0,0,0.0,0.0,0.0,0.0,0.0,,0.0,0.0,0.0,0.0,0.0,0,0,0,0,0,0.0,0.0,0.0,0.0,0.0,0.0,0.4181278679595315,0.7637119911665837,1.6305586957819242,1.5745503889925918,1.6976356912929924,2.4470553849358234,,,,,,,463,1,0.0,0.0,Midfielder,Man Utd,38
Romain,Faivre,Faivre,Midfielder,BOU,6.017371831252673,8.530249467988247,0.0,0.0,has joined Auxerre permanently.,4.5,0.1,0.0,0.0,0,0,0.0,0.0,0.0,0.0,0.0,,0.0,0.0,0.0,0.0,0.0,0,0,0,0,0,0.0,0.0,0.0,0.0,0.0,0.0,0.40688427560390666,0.7298312916516493,1.4743917097922017,1.5770225242831624,1.8292420299217524,2.512877636735574,,,,,,,92,91,0.0,0.0,Midfielder,Bournemouth,38
Tariq,Lamptey,Lamptey,Defender,BHA,6.301837639081622,8.512449324282244,0.0,0.0,has joined Fiorentina permanently.,4.4,0.1,0.0,0.0,0,0,0.0,0.0,0.0,0.0,0.0,,0.0,0.0,0.0,0.0,0.0,0,0,0,0,0,0.0,0.0,0.0,0.0,0.0,0.0,0.4237392415080627,0.6313291555106929,1.2778081606743106,1.484682552183779,2.4842785292047767,2.2106116852006217,,,,,,,150,36,0.0,0.0,Defender,Brighton,38
Eiran,Cashin,Cashin,Defender,BHA,6.291810790722677,8.47681406242469,0.0,0.0,has joined Blackburn Rovers on loan for the rest of the season.,4.0,0.0,0.0,0.0,0,0,0.0,0.0,0.0,0.0,0.0,,0.0,0.0,0.0,0.0,0.0,0,0,0,0,0,0.0,0.0,0.0,0.0,0.0,0.0,0.4237392415080627,0.6377320001934204,1.2265618677840031,1.6296473036580499,2.3741303775791405,2.185003271702014,,,,,,,154,36,0.0,0.0,Defender,Brighton,38
Ben,Winterburn,Winterburn,Midfielder,BOU,6.053756858872606,8.475991809842505,0.0,0.0,has joined Barnet on loan for the rest of the season.,4.5,0.0,0.0,0.2,1,0,1.0,0.0,0.0,0.0,0.0,,0.0,0.0,0.0,0.0,0.0,0,0,0,2,0,0.0,0.0,0.0,0.0,0.0,0.0,0.3945765142479869,0.7757669512088177,1.4826300754220296,1.5058965376189737,1.8948867803747982,2.4222349509698997,,,,,,,96,91,0.0,0.0,Midfielder,Bournemouth,38
Adama,Traoré Diarra,Adama,Midfielder,WHU,6.764609416757824,8.4581535947693,25.0,25.0,Muscle injury - 25% chance of playing,5.1,0.1,0.0,4.9,25,0,1.0,0.0,0.17,0.14,0.31,,33.4,73.8,70.0,17.2,0.0,0,0,0,12,1,0.0,0.0,0.0,0.0,0.0,0.0,0.5797453964609336,1.7218495341632851,1.3642783975501565,1.1259241222163041,1.9728119663671446,1.6935441780114764,,,,,,,326,21,0.0,0.0,Midfielder,West Ham,38
Jenson,Seelt,Seelt,Defender,SUN,6.326825826762843,8.446869722167976,0.0,0.0,has joined Wolfsburg on loan for the rest of the season.,4.0,0.1,0.0,0.5,2,0,1.0,0.0,0.0,0.01,0.01,,33.6,2.4,0.0,3.6,0.0,0,0,0,2,1,0.0,0.0,0.0,0.0,0.0,0.0,0.4152044513296407,0.6460701051267688,1.2898568847919505,1.3747651942817356,2.6009291912327477,2.120043895405133,,,,,,,542,56,0.0,0.0,Defender,Sunderland,38
Naouirou,Ahamada,Ahamada,Midfielder,CRY,6.223923291233178,8.446123237202876,0.0,0.0,has joined AJ Auxerre permanently.,4.3,0.0,0.0,0.0,0,0,0.0,0.0,0.0,0.0,0.0,,0.0,0.0,0.0,0.0,0.0,0,0,0,0,0,0.0,0.0,0.0,0.0,0.0,0.0,0.4256418367919915,0.6456973807533868,1.1872541853376521,1.429986560596423,2.5353433277537247,2.222199945969697,,,,,,,275,31,0.0,0.0,Midfielder,Crystal Palace,38
Lorenzo,Lucca,Lucca,Forward,NFO,6.632399555690691,8.42319428327014,,,,5.3,0.0,0.0,1.7,9,0,2.2,0.0,0.56,0.01,0.57,,37.2,13.0,39.0,8.5,0.0,1,0,1,1,1,0.0,0.0,0.0,0.0,0.0,0.0,0.8461441053130005,1.3592267887109646,1.2107549890891756,1.744728307607388,1.4715453649701622,1.7907947275794498,,,,,,,805,17,0.0,0.0,Forward,Nott'm Forest,38
Jacob,Slater,Slater,Defender,BHA,6.231420240597817,8.419308777407585,0.0,0.0,has joined Harrogate Town on loan until January.,4.0,0.1,0.0,0.0,0,0,0.0,0.0,0.0,0.0,0.0,,0.0,0.0,0.0,0.0,0.0,0,0,0,0,0,0.0,0.0,0.0,0.0,0.0,0.0,0.4237392415080627,0.6238532245060057,1.2170968990245363,1.6226530755543431,2.3440778000048694,2.1878885368097674,,,,,,,155,36,0.0,0.0,Defender,Brighton,38
Isaac,Schmidt,Schmidt,Defender,LEE,6.036588527674155,8.407217111034821,0.0,0.0,has joined Werder Bremen on loan for the rest of the season.,4.0,0.1,0.0,0.0,0,0,0.0,0.0,0.0,0.0,0.0,,0.0,0.0,0.0,0.0,0.0,0,0,0,0,0,0.0,0.0,0.0,0.0,0.0,0.0,0.424416970280914,0.7371095492782992,1.3835340374990825,1.864471400749608,1.6270565698662511,2.3706285833606673,,,,,,,349,2,0.0,0.0,Defender,Leeds,38
Aaron,Ramsey,A.Ramsey,Midfielder,BUR,5.71609549273094,8.389458548513101,0.0,0.0,has joined Leicester City on loan for the rest of the season.,4.4,1.4,0.0,0.0,0,0,0.0,0.0,0.0,0.0,0.0,,0.0,0.0,0.0,0.0,0.0,0,0,0,0,0,0.0,0.0,0.0,0.0,0.0,0.0,0.43441378110810286,0.6353154508527499,1.1304940678303863,1.4928278757774964,2.0230443171622037,2.6733630557821613,,,,,,,211,90,0.0,0.0,Midfielder,Burnley,38
Callan,McKenna,McKenna,Goalkeeper,BOU,6.491380316429105,8.38129468358511,,,,3.9,0.2,0.0,0.0,0,0,0.0,0.0,0.0,0.0,0.0,,0.0,0.0,0.0,0.0,0.0,0,0,0,0,0,0.0,0.0,0.0,0.0,0.0,0.0,0.9926750467056644,1.541780921443799,1.4076248778222353,1.124485078711396,1.4248143917460094,1.8899143671560055,,,,,,,69,91,0.0,0.0,Goalkeeper,Bournemouth,38
Marc,Guiu Paz,Marc Guiu,Forward,CHE,7.144431843498532,8.372069764990272,100.0,100.0,,4.0,5.2,0.0,3.2,13,0,1.3,0.0,0.52,0.1,0.62,,24.6,40.1,86.0,13.1,0.0,0,1,0,3,1,0.0,0.0,0.0,0.0,0.0,0.0,1.1540610241667677,1.4128401651617228,1.330160505414288,1.7197668460925708,1.5276033026631837,1.2276379214917403,,,,,,,252,8,0.0,0.0,Forward,Chelsea,38
João Pedro,Ferreira da Silva,Jota,Midfielder,NFO,5.416434250497773,8.369037443484881,0.0,0.0,has joined Besiktas on loan for the rest of the season.,5.4,0.0,0.0,0.2,1,0,1.0,0.0,0.0,0.0,0.0,,5.0,0.5,4.0,1.0,0.0,0,0,0,0,0,0.0,0.0,0.0,0.0,0.0,0.0,0.42670525520631836,0.6273683815671297,1.0176823399335557,1.4962935759793767,1.8483846978113931,2.9526031929871084,,,,,,,518,17,0.0,0.0,Midfielder,Nott'm Forest,38
Hamed,Traorè,H.Traorè,Midfielder,BOU,5.870257127251766,8.352411151583926,0.0,0.0,has joined Marseille on loan for the rest of the season.,4.5,0.3,0.0,0.9,4,0,4.0,0.0,0.0,0.0,0.0,,21.2,10.0,0.0,3.1,0.0,0,1,0,2,0,0.0,0.0,0.0,0.0,0.0,0.0,0.39733554803835136,0.7301804276207324,1.3768410203718127,1.5021787700323328,1.8637213611885368,2.482154024332159,,,,,,,93,91,0.0,0.0,Midfielder,Bournemouth,38
Tawanda,Chirewa,Chirewa,Midfielder,WOL,5.955693056472823,8.34775058893787,0.0,0.0,has joined Barnsley on loan for the rest of the season.,4.3,0.2,0.0,0.5,2,0,1.0,0.0,0.0,0.0,0.0,,3.2,0.3,0.0,0.4,0.0,0,0,0,0,0,0.0,0.0,0.0,0.0,0.0,0.0,0.4191437293078721,0.7252274458724621,1.4599314007592725,1.4726645611104439,1.878725919422772,2.3920575324650466,,,,,,,650,39,0.0,0.0,Midfielder,Wolves,38
Max,Merrick,Merrick,Goalkeeper,CHE,6.450729824803426,8.345712133412995,,,,4.0,0.0,0.0,0.0,0,0,0.0,0.0,0.0,0.0,0.0,,0.0,0.0,0.0,0.0,0.0,0,0,0,0,0,0.0,0.0,0.0,0.0,0.0,0.0,0.9959125529595336,1.5378139058702822,1.3980579244140887,1.1509072649115095,1.3680381766480119,1.8949823086095692,,,,,,,789,8,0.0,0.0,Goalkeeper,Chelsea,38
Teddy,Sharman-Lowe,Sharman-Lowe,Goalkeeper,CHE,6.450729824803426,8.345712133412995,,,,4.0,0.0,0.0,0.0,0,0,0.0,0.0,0.0,0.0,0.0,,0.0,0.0,0.0,0.0,0.0,0,0,0,0,0,0.0,0.0,0.0,0.0,0.0,0.0,0.9959125529595336,1.5378139058702822,1.3980579244140887,1.1509072649115095,1.3680381766480119,1.8949823086095692,,,,,,,803,8,0.0,0.0,Goalkeeper,Chelsea,38
Alex,Cairns,Cairns,Goalkeeper,LEE,6.4481198542198515,8.344635161103275,,,,3.9,0.1,0.0,0.0,0,0,0.0,0.0,0.0,0.0,0.0,,0.0,0.0,0.0,0.0,0.0,0,0,0,0,0,0.0,0.0,0.0,0.0,0.0,0.0,0.9915108654492271,1.5222956847750626,1.395985124457272,1.1277502732748121,1.4105779062634776,1.896515306883424,,,,,,,340,2,0.0,0.0,Goalkeeper,Leeds,38
Darko,Churlinov,Churlinov,Midfielder,BUR,5.544816012526813,8.344573661708598,0.0,0.0,has joined Kocaelispor  permanently.,4.9,0.0,0.0,0.0,0,0,0.0,0.0,0.0,0.0,0.0,,0.0,0.0,0.0,0.0,0.0,0,0,0,0,0,0.0,0.0,0.0,0.0,0.0,0.0,0.4199308963215423,0.6215879017024598,1.060551339414323,1.4112094087511249,2.0315364663373634,2.799757649181785,,,,,,,204,90,0.0,0.0,Midfielder,Burnley,38
Fraser,Forster,Forster,Goalkeeper,BOU,6.450729824803426,8.342955516545064,,,,4.0,0.0,0.0,0.0,0,0,0.0,0.0,0.0,0.0,0.0,,0.0,0.0,0.0,0.0,0.0,0,0,0,0,0,0.0,0.0,0.0,0.0,0.0,0.0,0.9959125529595336,1.5378139058702822,1.3980579244140887,1.1509072649115095,1.3680381766480119,1.8922256917416374,,,,,,,782,91,0.0,0.0,Goalkeeper,Bournemouth,38
Christos,Mandas,Mandas,Goalkeeper,BOU,6.450729824803426,8.342955516545064,,,,4.0,0.0,0.0,0.0,0,0,0.0,0.0,0.0,0.0,0.0,,0.0,0.0,0.0,0.0,0.0,0,0,0,0,0,0.0,0.0,0.0,0.0,0.0,0.0,0.9959125529595336,1.5378139058702822,1.3980579244140887,1.1509072649115095,1.3680381766480119,1.8922256917416374,,,,,,,806,91,0.0,0.0,Goalkeeper,Bournemouth,38
Manor,Solomon,Solomon,Midfielder,TOT,5.33647404164558,8.333884900825337,0.0,0.0,has joined Fiorentina on loan for the rest of the season.,5.4,0.0,0.0,0.0,0,0,0.0,0.0,0.0,0.0,0.0,,0.0,0.0,0.0,0.0,0.0,0,0,0,0,0,0.0,0.0,0.0,0.0,0.0,0.0,0.42670525520631836,0.619293828677015,0.988410862146657,1.488619252191949,1.813444843423641,2.9974108591797566,,,,,,,589,6,0.0,0.0,Midfielder,Spurs,38
Gabriel,Słonina,Slonina,Goalkeeper,CHE,6.443304656399276,8.329018026945386,,,,3.8,0.1,0.0,0.0,0,0,0.0,0.0,0.0,0.0,0.0,,0.0,0.0,0.0,0.0,0.0,0,0,0,0,0,0.0,0.0,0.0,0.0,0.0,0.0,0.989272610649248,1.5368881380260722,1.4050150228964835,1.1208026723971307,1.3913262124303416,1.8857133705461102,,,,,,,223,8,0.0,0.0,Goalkeeper,Chelsea,38
Jonah,Kusi-Asare,Kusi-Asare,Forward,FUL,6.25909790229928,8.324354047731491,0.0,0.0,Knee injury - Expected back 01 Jun,4.5,0.1,0.0,1.3,6,0,0.9,0.0,0.0,0.13,0.13,,3.2,12.0,8.0,2.3,0.0,0,0,0,2,0,0.0,0.0,0.0,0.0,0.0,0.0,0.5488030509413804,0.7722927131127908,1.4204889184668463,1.8341547096673352,1.6833585101109279,2.0652561454322114,,,,,,,737,54,0.0,0.0,Forward,Fulham,38
Andreas,Hoelgebaum Pereira,Andreas,Midfielder,FUL,5.3828823501655245,8.317119661161435,0.0,0.0,has joined Palmeiras permanently.,5.3,0.1,0.0,0.0,0,0,0.0,0.0,0.0,0.0,0.0,,0.0,0.0,0.0,0.0,0.0,0,0,0,0,0,0.0,0.0,0.0,0.0,0.0,0.0,0.4132610253718106,0.6090783804921288,1.0106525957665824,1.491092633472169,1.8587977150628336,2.9342373109959095,,,,,,,327,54,0.0,0.0,Midfielder,Fulham,38
Luca,Koleosho,Koleosho,Midfielder,BUR,5.486969233658367,8.314044547432937,0.0,0.0,has joined Paris FC on loan for the rest of the season.,5.0,0.0,0.0,0.0,0,0,0.0,0.0,0.0,0.0,0.0,,0.0,0.0,0.0,0.0,0.0,0,0,0,0,0,0.0,0.0,0.0,0.0,0.0,0.0,0.4281198344990025,0.621463714910173,1.0304100688641054,1.4094456405644893,1.9975299748205964,2.827075313774571,,,,,,,208,90,0.0,0.0,Midfielder,Burnley,38
Andy,Irving,Irving,Midfielder,WHU,5.568669846232715,8.288134336840473,0.0,0.0,has joined Sparta Prague permanently.,4.3,0.2,0.0,2.1,9,0,1.3,0.0,0.0,0.1,0.1,,31.6,52.3,2.0,8.6,0.0,0,0,0,4,2,0.0,0.0,0.0,0.0,0.0,0.0,0.42271377064133064,0.6940450090229013,1.0738331332670175,1.438633718291596,1.9394442150098696,2.719464490607758,,,,,,,621,21,0.0,0.0,Midfielder,West Ham,38
Jamaal,Lascelles,Lascelles,Defender,NEW,6.064717839335919,8.272128018240391,0.0,0.0,has joined Leicester City permanently.,4.3,0.0,0.0,0.2,1,0,0.5,0.0,0.19,0.0,0.19,,10.2,0.0,7.0,1.7,0.0,0,0,0,2,0,0.0,0.0,0.0,0.0,0.0,0.0,0.42168826031174045,0.8520592363135169,1.6346171210562919,1.4884608430641193,1.6678923785902502,2.207410178904471,,,,,,,480,4,0.0,0.0,Defender,Newcastle,38
Tommy,Setford,Setford,Goalkeeper,ARS,6.405886188046816,8.268981845771167,,,,3.9,0.2,0.0,0.0,0,0,0.0,0.0,0.0,0.0,0.0,,0.0,0.0,0.0,0.0,0.0,0,0,0,0,0,0.0,0.0,0.0,0.0,0.0,0.0,0.9728980557398805,1.5514576414224102,1.4218894528183075,1.1061425109198089,1.3534985271464097,1.8630956577243503,,,,,,,4,3,0.0,0.0,Goalkeeper,Arsenal,38
Jason,Steele,Steele,Goalkeeper,BHA,6.550275151138679,8.268203525886975,,,,4.2,0.2,0.0,0.0,0,0,0.0,0.0,0.0,0.0,0.0,,0.0,0.0,0.0,0.0,0.0,0,0,0,0,0,0.0,0.0,0.0,0.0,0.0,0.0,0.993545762278185,1.63967092946933,1.2740561211932302,0.898651216019456,1.7443511221784789,1.7179283747482945,,,,,,,138,36,0.0,0.0,Goalkeeper,Brighton,38
Manuel,Akanji,Akanji,Defender,MCI,5.510067664168396,8.217494219014824,0.0,0.0,has joined Inter Milan on loan for the rest of the season.,5.4,0.3,0.0,0.0,0,0,0.0,0.0,0.0,0.0,0.0,,0.0,0.0,0.0,0.0,0.0,0,0,0,0,0,0.0,0.0,0.0,0.0,0.0,0.0,0.4404826598947048,0.6504854746113167,1.1812795346352725,1.5141147548298588,1.7237052401972432,2.7074265548464287,,,,,,,404,43,0.0,0.0,Defender,Man City,38
George,Earthy,Earthy,Midfielder,WHU,5.508736737953509,8.200841935417778,0.0,0.0,has joined Bristol City on loan for the rest of the season.,4.5,0.0,0.0,0.2,1,0,1.0,0.0,0.0,0.11,0.11,,0.0,1.5,2.0,0.4,0.0,0,0,0,1,0,0.0,0.0,0.0,0.0,0.0,0.0,0.4043190398042651,0.653646060474133,1.0983577591497236,1.411149974053197,1.9412639044721902,2.6921051974642696,,,,,,,620,21,0.0,0.0,Midfielder,West Ham,38
Oluwaseun,Adewumi,Adewumi,Midfielder,BUR,5.578114158466886,8.199555339819936,0.0,0.0,Has joined Cercle Brugge on loan for the rest of the season.,4.5,0.0,0.0,0.0,0,0,0.0,0.0,0.0,0.0,0.0,,0.0,0.0,0.0,0.0,0.0,0,0,0,0,0,0.0,0.0,0.0,0.0,0.0,0.0,0.4199308963215423,0.6197047438306292,1.1435523893169464,1.413879293917257,1.9810468350805106,2.62144118135305,,,,,,,212,90,0.0,0.0,Midfielder,Burnley,38
Emil,Krafth,Krafth,Defender,NEW,5.917316476773799,8.193998209437321,0.0,0.0,Knee injury - Unknown return date,4.3,0.0,0.0,0.0,0,0,0.0,0.0,0.0,0.0,0.0,,1.4,1.2,0.0,0.3,0.0,0,0,0,2,1,0.0,0.0,0.0,0.0,0.0,0.0,0.41048219902231897,0.758952160300916,1.4090930920678675,1.622548141217508,1.7162408841651882,2.2766817326635227,,,,,,,479,4,0.0,0.0,Defender,Newcastle,38
Jaydon,Banel,Banel,Midfielder,BUR,5.588196390009122,8.192536343531602,0.0,0.0,has joined Derby County on loan for the rest of the season.,4.5,0.0,0.0,0.2,1,0,1.0,0.0,0.0,0.0,0.0,,0.0,0.5,0.0,0.0,0.0,0,0,0,0,0,0.0,0.0,0.0,0.0,0.0,0.0,0.4013385401573998,0.6293043884174618,1.1232066403716792,1.3867548925282387,2.0475919285343425,2.60433995352248,,,,,,,213,90,0.0,0.0,Midfielder,Burnley,38
Mikey,Moore,Moore,Midfielder,TOT,5.3813009130718115,8.188713900471337,0.0,0.0,Has joined Rangers on loan for the rest of the season.,5.0,0.0,0.0,0.0,0,0,0.0,0.0,0.0,0.0,0.0,,0.0,0.0,0.0,0.0,0.0,0,0,0,0,0,0.0,0.0,0.0,0.0,0.0,0.0,0.4132610253718106,0.6205118991430681,1.0464352230349803,1.454957598021048,1.8461351675009041,2.8074129873995246,,,,,,,592,6,0.0,0.0,Midfielder,Spurs,38
John,Ruddy,Ruddy,Goalkeeper,NEW,6.329348006820848,8.187481667267903,,,,4.0,0.0,0.0,0.0,0,0,0.0,0.0,0.0,0.0,0.0,,0.0,0.0,0.0,0.0,0.0,0,0,0,0,0,0.0,0.0,0.0,0.0,0.0,0.0,0.9851824348620277,1.5574986496490006,1.4043379132561435,1.120867328666773,1.2614616803869036,1.8581336604470544,,,,,,,753,4,0.0,0.0,Goalkeeper,Newcastle,38
Matt,Doherty,Doherty,Defender,WOL,6.212797151688688,8.178404628173519,0.0,0.0,Knock - Expected back 01 Jun,4.4,0.1,0.0,3.2,14,0,1.3,0.0,0.01,0.02,0.03,,132.4,51.1,20.0,20.5,0.0,0,0,1,15,11,0.0,0.0,0.0,0.0,0.0,0.0,0.5375797860792708,0.9453360765166502,1.6756666414961923,1.258697938833545,1.7955167087630293,1.9656074764848313,,,,,,,632,39,0.0,0.0,Defender,Wolves,38
Jarrad,Branthwaite,Branthwaite,Defender,EVE,5.575858896946297,8.177316969518213,0.0,0.0,Hamstring injury - Expected back 01 Jun,5.3,0.3,0.0,6.0,32,0,3.2,0.0,0.05,0.01,0.06,,175.0,42.8,75.0,29.3,0.0,1,1,1,9,7,0.0,0.0,0.0,0.0,0.0,0.0,0.42294550277774356,0.8819201201784665,1.27775185226468,1.3996519632815891,1.5935894584438182,2.6014580725719165,,,,,,,290,11,0.0,0.0,Defender,Everton,38
Ki-Jana,Hoever,Hoever,Defender,WOL,5.752660957070177,8.175028545806969,0.0,0.0,has joined Sheffield United on loan for the rest of the season.,3.8,0.8,0.0,2.6,10,0,1.2,0.0,0.0,0.08,0.08,,101.4,87.8,13.0,20.3,0.0,0,0,0,13,6,0.0,0.0,0.0,0.0,0.0,0.0,0.45766206489742206,0.8710229736852143,1.3678387580285891,1.1989780360144495,1.8571591244445025,2.4223675887367913,,,,,,,638,39,0.0,0.0,Defender,Wolves,38
Mark,Gillespie,Gillespie,Goalkeeper,NEW,6.326067222562408,8.170562800231657,,,,3.9,0.1,0.0,0.0,0,0,0.0,0.0,0.0,0.0,0.0,,0.0,0.0,0.0,0.0,0.0,0,0,0,0,0,0.0,0.0,0.0,0.0,0.0,0.0,0.9717338744834432,1.5365026305358627,1.4122128662262687,1.1000596581292883,1.3055581931875455,1.844495577669249,,,,,,,471,4,0.0,0.0,Goalkeeper,Newcastle,38
Ronnie,Hollingshead,Hollingshead,Goalkeeper,AVL,6.395061993498704,8.165032064956419,,,,4.0,0.0,0.0,0.0,0,0,0.0,0.0,0.0,0.0,0.0,,0.0,0.0,0.0,0.0,0.0,0,0,0,0,0,0.0,0.0,0.0,0.0,0.0,0.0,0.9725834611359347,1.5431996043028646,1.417965842159254,0.9713226716868071,1.4899904142138434,1.7699700714577147,,,,,,,757,7,0.0,0.0,Goalkeeper,Aston Villa,38
Kalvin,Phillips,Phillips,Midfielder,MCI,5.333559767448048,8.150278103709994,0.0,0.0,has joined Sheffield United on loan for the rest of the season.,4.7,0.1,0.0,0.0,0,0,0.0,0.0,0.0,0.0,0.0,,0.0,0.0,0.0,0.0,0.0,0,0,0,0,0,0.0,0.0,0.0,0.0,0.0,0.0,0.4132610253718106,0.610865299095707,1.0158456746759752,1.4517441402264497,1.841843628078106,2.816718336261945,,,,,,,429,43,0.0,0.0,Midfielder,Man City,38
Dermot,Mee,Mee,Goalkeeper,MUN,6.303207055877718,8.14072750869797,,,,3.9,0.1,0.0,0.0,0,0,0.0,0.0,0.0,0.0,0.0,,0.0,0.0,0.0,0.0,0.0,0,0,0,0,0,0.0,0.0,0.0,0.0,0.0,0.0,0.9717338744834432,1.5365026305358627,1.4122128662262687,1.0771994914445981,1.3055581931875455,1.8375204528202504,,,,,,,435,1,0.0,0.0,Goalkeeper,Man Utd,38
Luis Guilherme,Lira dos Santos,L.Guilherme,Midfielder,WHU,5.397424281346181,8.130442198137583,0.0,0.0,has joined Sporting CP permanently.,4.9,0.0,0.0,1.0,5,0,1.0,0.0,0.05,0.02,0.07,,9.2,14.5,4.0,2.5,0.0,0,0,0,2,1,0.0,0.0,0.0,0.0,0.0,0.0,0.40438558236130023,0.6588887019292027,1.0808548960737068,1.3961575609545092,1.8571375400274617,2.7330179167914026,,,,,,,619,21,0.0,0.0,Midfielder,West Ham,38
Bryan,Gil Salvatierra,Bryan,Midfielder,TOT,5.393174214689626,8.128471233273485,0.0,0.0,has joined Girona permanently.,4.9,0.0,0.0,0.0,0,0,0.0,0.0,0.0,0.0,0.0,,0.0,0.0,0.0,0.0,0.0,0,0,0,0,0,0.0,0.0,0.0,0.0,0.0,0.0,0.4132610253718106,0.6205118991430681,1.0568436117508417,1.4552991578087968,1.8472585206151086,2.7352970185838585,,,,,,,590,6,0.0,0.0,Midfielder,Spurs,38
Lewis,O'Brien,O'Brien,Midfielder,NFO,5.402308446984144,8.106643319499762,0.0,0.0,Has joined Wrexham permanently.,5.0,0.0,0.0,0.0,0,0,0.0,0.0,0.0,0.0,0.0,,0.0,0.0,0.0,0.0,0.0,0,0,0,0,0,0.0,0.0,0.0,0.0,0.0,0.0,0.4132610253718106,0.6205688295604639,1.1296782236022769,1.4548451231172483,1.7839552453323435,2.704334872515618,,,,,,,520,17,0.0,0.0,Midfielder,Nott'm Forest,38
Sam,Johnstone,Johnstone,Goalkeeper,WOL,5.514493751928616,8.09751333226972,0.0,0.0,Shoulder injury - Expected back 25 May,4.4,0.1,0.0,4.8,21,0,1.8,0.0,0.0,0.0,0.0,,308.0,0.1,0.0,30.8,0.0,0,0,0,24,12,0.0,0.0,0.0,0.0,0.0,0.0,0.39889135994316954,0.7561524357620112,1.4061668585162823,1.2143298771327906,1.738953220574363,2.583019580341105,,,,,,,627,39,0.0,0.0,Goalkeeper,Wolves,38
Tom,McGill,McGill,Goalkeeper,BHA,6.360895607491894,8.094434060245918,,,,3.9,0.3,0.0,0.0,0,0,0.0,0.0,0.0,0.0,0.0,,0.0,0.0,0.0,0.0,0.0,0,0,0,0,0,0.0,0.0,0.0,0.0,0.0,0.0,0.9511244911933002,1.6290139659845615,1.225226897990411,0.918531956996158,1.6369982953274642,1.7335384527540234,,,,,,,140,36,0.0,0.0,Goalkeeper,Brighton,38
Vitor,de Oliveira Nunes dos Reis,Vitor Reis,Defender,MCI,5.565208084472147,8.075704948600459,0.0,0.0,Has joined Girona on loan for the rest of the season.,5.0,0.0,0.0,0.0,0,0,0.0,0.0,0.0,0.0,0.0,,0.0,0.0,0.0,0.0,0.0,0,0,0,0,0,0.0,0.0,0.0,0.0,0.0,0.0,0.4354239899427388,0.6655098964938659,1.366942890566754,1.4320725545398865,1.6652587529289016,2.510496864128312,,,,,,,412,43,0.0,0.0,Defender,Man City,38
Julián,Araujo Zúñiga,J.Araujo,Defender,BOU,5.622420010393413,8.073799249420365,0.0,0.0,has joined Celtic on loan for the rest of the season.,3.8,0.5,0.0,0.0,0,0,0.0,0.0,0.0,0.0,0.0,,0.0,0.0,0.0,0.0,0.0,0,0,0,0,0,0.0,0.0,0.0,0.0,0.0,0.0,0.4171929573320125,0.6713294795189637,1.3276917564901094,1.620163431454326,1.5860423855980015,2.4513792390269504,,,,,,,78,91,0.0,0.0,Defender,Bournemouth,38
Ellery,Balcombe,Balcombe,Goalkeeper,BRE,6.32112594247741,8.068038266832179,,,,3.9,0.2,0.0,0.0,0,0,0.0,0.0,0.0,0.0,0.0,,0.0,0.0,0.0,0.0,0.0,0,0,0,0,0,0.0,0.0,0.0,0.0,0.0,0.0,0.9655504770631821,1.5309784975044163,1.4463824126336682,0.9305066833583528,1.4477078719177903,1.746912324354769,,,,,,,102,94,0.0,0.0,Goalkeeper,Brentford,38
Edson,Álvarez Velázquez,Álvarez,Midfielder,WHU,5.419743223471685,8.059472466281198,0.0,0.0,Has joined Fenerbahçe on loan for the rest of the season.,4.9,0.0,0.0,0.0,0,0,0.0,0.0,0.0,0.0,0.0,,0.0,0.0,0.0,0.0,0.0,0,0,0,0,0,0.0,0.0,0.0,0.0,0.0,0.0,0.42450461772743536,0.6233213840911401,1.1664512242842995,1.4405089792055494,1.7649570181632606,2.6397292428095125,,,,,,,616,21,0.0,0.0,Midfielder,West Ham,38
Maxwel,Cornet,Cornet,Midfielder,WHU,5.419743223471685,8.059472466281198,0.0,0.0,has joined Genoa on loan for the rest of the season.,4.9,0.0,0.0,0.0,0,0,0.0,0.0,0.0,0.0,0.0,,0.0,0.0,0.0,0.0,0.0,0,0,0,0,0,0.0,0.0,0.0,0.0,0.0,0.0,0.42450461772743536,0.6233213840911401,1.1664512242842995,1.4405089792055494,1.7649570181632606,2.6397292428095125,,,,,,,617,21,0.0,0.0,Midfielder,West Ham,38
Odsonne,Édouard,Édouard,Forward,CRY,6.021808661578158,8.058441001101743,0.0,0.0,has joined RC Lens permanently.,5.0,0.2,0.0,0.2,1,0,1.0,0.0,0.0,0.0,0.0,,2.0,0.0,0.0,0.2,0.0,0,0,0,0,0,0.0,0.0,0.0,0.0,0.0,0.0,0.4235008550080084,0.6219682807882665,1.2676886367142206,1.680925194867735,2.027725694199927,2.0366323395235852,,,,,,,285,31,0.0,0.0,Forward,Crystal Palace,38
Angus,Gunn,Gunn,Goalkeeper,NFO,6.10321231205406,8.054436341841177,100.0,100.0,,4.0,1.1,0.0,0.2,1,0,1.0,0.0,0.0,0.0,0.0,,1.2,0.0,0.0,0.1,0.0,0,0,0,0,0,0.0,0.0,0.0,0.0,0.0,0.0,0.9433703428356766,1.1349320909259304,1.2799204344284418,1.3102550788915954,1.4347343649724151,1.9512240297871164,,,,,,,675,17,0.0,0.0,Goalkeeper,Nott'm Forest,38
Triston,Rowe,Rowe,Defender,AVL,5.837660717633746,8.04018439373137,0.0,0.0,has joined Annecy on loan for the rest of the season.,4.0,0.1,0.0,0.0,0,0,0.0,0.0,0.0,0.0,0.0,,0.0,0.0,0.0,0.0,0.0,0,0,0,0,0,0.0,0.0,0.0,0.0,0.0,0.0,0.410580211412274,0.6899405486834225,1.2908017126931248,1.2947081973593697,2.1516300474855545,2.2025236760976235,,,,,,,701,7,0.0,0.0,Defender,Aston Villa,38
Yasin,Özcan,Yasin,Defender,AVL,5.837660717633746,8.04018439373137,0.0,0.0,has joined Anderlecht on loan for the rest of the season.,4.0,0.1,0.0,0.0,0,0,0.0,0.0,0.0,0.0,0.0,,0.0,0.0,0.0,0.0,0.0,0,0,0,0,0,0.0,0.0,0.0,0.0,0.0,0.0,0.410580211412274,0.6899405486834225,1.2908017126931248,1.2947081973593697,2.1516300474855545,2.2025236760976235,,,,,,,46,7,0.0,0.0,Defender,Aston Villa,38
Guido,Rodríguez,G.Rodriguez,Midfielder,WHU,5.295249794869234,8.031356541669588,0.0,0.0,has joined Valencia on loan for the rest of the season.,4.8,0.0,0.0,1.7,8,0,1.3,0.0,0.02,0.02,0.04,,9.8,6.0,2.0,1.7,0.0,0,0,1,2,2,0.0,0.0,0.0,0.0,0.0,0.0,0.4125745205387604,0.6761481592299988,1.0291892842380328,1.3506749915755454,1.8266628392868962,2.736106746800354,,,,,,,618,21,0.0,0.0,Midfielder,West Ham,38
Patrick,Bamford,Bamford,Forward,LEE,5.624217690515538,8.023861640721867,0.0,0.0,has departed the club as a free agent.,4.9,0.3,0.0,0.0,0,0,0.0,0.0,0.0,0.0,0.0,,0.0,0.0,0.0,0.0,0.0,0,0,0,0,0,0.0,0.0,0.0,0.0,0.0,0.0,0.4357647425542627,0.6991045235394361,1.4129529464217736,1.5159144013303991,1.5604810766696666,2.3996439502063294,,,,,,,363,2,0.0,0.0,Forward,Leeds,38
Jack,Grealish,Grealish,Midfielder,EVE,6.58952621837606,8.02088437594291,0.0,0.0,Foot injury - Expected back 01 Jun,6.3,5.6,0.0,12.5,79,0,4.0,0.0,0.11,0.19,0.3,,374.2,520.5,397.0,129.2,0.0,2,6,7,23,18,0.0,0.0,0.0,0.0,0.0,0.0,0.34299192691624647,1.3331782380395274,1.2737049385366317,1.632724036718451,2.0069270781652038,1.4313581575668501,,,,,,,419,11,0.0,0.0,Midfielder,Everton,38
Alfie,Pond,Pond,Defender,WOL,5.628235873300215,8.020231755933793,0.0,0.0,has joined Crewe Alexandra on loan for the rest of the season.,3.9,0.9,0.0,0.0,0,0,0.0,0.0,0.0,0.0,0.0,,0.0,0.0,0.0,0.0,0.0,0,0,0,0,0,0.0,0.0,0.0,0.0,0.0,0.0,0.4326015610451497,0.6845600601486856,1.2887058493080792,1.6301830195501124,1.5921853832481885,2.3919958826335783,,,,,,,641,39,0.0,0.0,Defender,Wolves,38
Yang,Min-hyeok,Min-hyeok,Midfielder,TOT,5.392426305239516,8.01898056022588,0.0,0.0,has joined Coventry City on loan for the rest of the season.,4.5,0.0,0.0,0.0,0,0,0.0,0.0,0.0,0.0,0.0,,0.0,0.0,0.0,0.0,0.0,0,0,0,0,0,0.0,0.0,0.0,0.0,0.0,0.0,0.42450461772743536,0.623168214405492,1.1664512242842995,1.4313228271315341,1.7469794216907553,2.6265542549863645,,,,,,,594,6,0.0,0.0,Midfielder,Spurs,38
Yusuf,Akhamrich,Akhamrich,Midfielder,TOT,5.392426305239516,8.01898056022588,0.0,0.0,has joined Bristol Rovers on loan for the rest of the season.,4.5,0.0,0.0,0.0,0,0,0.0,0.0,0.0,0.0,0.0,,0.0,0.0,0.0,0.0,0.0,0,0,0,0,0,0.0,0.0,0.0,0.0,0.0,0.0,0.42450461772743536,0.623168214405492,1.1664512242842995,1.4313228271315341,1.7469794216907553,2.6265542549863645,,,,,,,751,6,0.0,0.0,Midfielder,Spurs,38
Julian,Eyestone,Eyestone,Goalkeeper,BRE,6.259636123034062,8.00144889675283,,,,3.9,0.1,0.0,0.0,0,0,0.0,0.0,0.0,0.0,0.0,,0.0,0.0,0.0,0.0,0.0,0,0,0,0,0,0.0,0.0,0.0,0.0,0.0,0.0,0.9606512098622513,1.51945103065905,1.431443851526691,0.9300191240340292,1.4180709069520405,1.7418127737187692,,,,,,,104,94,0.0,0.0,Goalkeeper,Brentford,38
Alfie,Brooks,Brooks,Goalkeeper,WOL,6.249791223305106,7.9969806506250904,,,,4.0,0.0,0.0,0.0,0,0,0.0,0.0,0.0,0.0,0.0,,0.0,0.0,0.0,0.0,0.0,0,0,0,0,0,0.0,0.0,0.0,0.0,0.0,0.0,1.0040017150714937,1.5442665357659051,1.3095543291556313,1.1077684553791374,1.2842001879329383,1.7471894273199848,,,,,,,828,39,0.0,0.0,Goalkeeper,Wolves,38
Stefanos,Tzimas,Tzimas,Forward,BHA,6.108781269495459,7.945944484614399,0.0,0.0,Knee injury - Expected back 01 Jun,5.2,0.1,0.0,3.1,16,0,1.8,0.0,0.3,0.08,0.38,,66.6,65.7,44.0,17.7,0.0,1,1,0,2,1,0.0,0.0,0.0,0.0,0.0,0.0,0.46989078623165437,0.7645822888419747,1.2832093538912286,1.123961020949034,2.467137819581568,1.8371632151189403,,,,,,,180,36,0.0,0.0,Forward,Brighton,38
Luke,Harris,Harris,Midfielder,FUL,5.289976075734614,7.877047022599135,0.0,0.0,Has joined Oxford United on loan for the rest of the season.,4.5,0.0,0.0,0.0,0,0,0.0,0.0,0.0,0.0,0.0,,0.0,0.0,0.0,0.0,0.0,0,0,0,0,0,0.0,0.0,0.0,0.0,0.0,0.0,0.42450461772743536,0.6386140431450118,1.1609298398916155,1.4193469572931203,1.6465806176774311,2.5870709468645208,,,,,,,334,54,0.0,0.0,Midfielder,Fulham,38
Marko,Stamenić,Stamenic,Midfielder,NFO,5.289976075734614,7.877047022599135,0.0,0.0,Has joined Swansea City permanently.,4.5,0.0,0.0,0.0,0,0,0.0,0.0,0.0,0.0,0.0,,0.0,0.0,0.0,0.0,0.0,0,0,0,0,0,0.0,0.0,0.0,0.0,0.0,0.0,0.42450461772743536,0.6386140431450118,1.1609298398916155,1.4193469572931203,1.6465806176774311,2.5870709468645208,,,,,,,524,17,0.0,0.0,Midfielder,Nott'm Forest,38
Martial,Godo,Godo,Midfielder,FUL,5.289976075734614,7.877047022599135,0.0,0.0,has joined Strasbourg permanently.,4.5,0.0,0.0,0.0,0,0,0.0,0.0,0.0,0.0,0.0,,0.0,0.0,0.0,0.0,0.0,0,0,0,0,0,0.0,0.0,0.0,0.0,0.0,0.0,0.42450461772743536,0.6386140431450118,1.1609298398916155,1.4193469572931203,1.6465806176774311,2.5870709468645208,,,,,,,333,54,0.0,0.0,Midfielder,Fulham,38
Rico,Henry,Henry,Defender,BRE,5.727127656332542,7.8616295199286625,0.0,0.0,Hamstring injury - Expected back 01 Jun,4.3,0.1,0.0,12.1,52,0,2.1,0.0,0.01,0.04,0.05,,151.6,82.0,35.0,26.9,0.0,0,2,4,22,14,0.0,0.0,0.0,0.0,0.0,0.0,0.3947280753709858,0.795951072269493,1.3398390636848663,1.4803924007245808,1.7162170442826163,2.1345018635961197,,,,,,,109,94,0.0,0.0,Defender,Brentford,38
Omar,Richards,O.Richards,Defender,NFO,5.498623785753895,7.835922078772052,0.0,0.0,has joined Rio Ave on loan for the rest of the season.,4.5,0.0,0.0,0.0,0,0,0.0,0.0,0.0,0.0,0.0,,0.0,0.0,0.0,0.0,0.0,0,0,0,0,0,0.0,0.0,0.0,0.0,0.0,0.0,0.41804722961606083,0.653377881613127,1.1454531532444325,1.8141552700110852,1.4675902512691898,2.337298293018157,,,,,,,512,17,0.0,0.0,Defender,Nott'm Forest,38
David,Mota Veiga Teixeira do Carmo,David Carmo,Defender,NFO,5.498623785753895,7.835922078772052,0.0,0.0,has joined Real Oviedo on loan for the rest of the season.,4.5,0.0,0.0,0.0,0,0,0.0,0.0,0.0,0.0,0.0,,0.0,0.0,0.0,0.0,0.0,0,0,0,0,0,0.0,0.0,0.0,0.0,0.0,0.0,0.41804722961606083,0.653377881613127,1.1454531532444325,1.8141552700110852,1.4675902512691898,2.337298293018157,,,,,,,509,17,0.0,0.0,Defender,Nott'm Forest,38
Luis Eduardo,Soares da Silva,Cuiabano,Defender,NFO,5.498623785753895,7.835922078772052,0.0,0.0,has joined Vasco de Gama on loan for the rest of the season.,4.5,0.0,0.0,0.0,0,0,0.0,0.0,0.0,0.0,0.0,,0.0,0.0,0.0,0.0,0.0,0,0,0,0,0,0.0,0.0,0.0,0.0,0.0,0.0,0.41804722961606083,0.653377881613127,1.1454531532444325,1.8141552700110852,1.4675902512691898,2.337298293018157,,,,,,,729,17,0.0,0.0,Defender,Nott'm Forest,38
Stephen,Mfuni,Mfuni,Defender,MCI,5.479151235124685,7.824904552392408,0.0,0.0,has joined Watford on loan for the rest of the season.,3.9,0.0,0.0,0.0,0,0,0.0,0.0,0.0,0.0,0.0,,0.0,0.0,0.0,0.0,0.0,0,0,0,0,0,0.0,0.0,0.0,0.0,0.0,0.0,0.4253947326605483,0.653377881613127,1.147637433527354,1.8141552700110852,1.4385859173125704,2.3457533172677234,,,,,,,740,43,0.0,0.0,Defender,Man City,38
Tyler,Morton,Morton,Midfielder,LIV,5.260517879470141,7.823812606106048,0.0,0.0,Has joined Lyon permanently.,4.5,0.0,0.0,0.0,0,0,0.0,0.0,0.0,0.0,0.0,,0.0,0.0,0.0,0.0,0.0,0,0,0,0,0,0.0,0.0,0.0,0.0,0.0,0.0,0.4252763293764222,0.6542103718119195,1.159960006429787,1.422290610173929,1.5987805616780837,2.563294726635907,,,,,,,395,14,0.0,0.0,Midfielder,Liverpool,38
Nayef,Aguerd,N.Aguerd,Defender,WHU,5.413620160607605,7.819697870977262,0.0,0.0,has joined Marseille permanently.,4.4,0.0,0.0,0.7,3,0,1.5,0.0,0.05,0.02,0.07,,39.0,3.9,8.0,5.1,0.0,0,0,0,8,2,0.0,0.0,0.0,0.0,0.0,0.0,0.4349537884663816,0.6999532135240067,1.1953911109397803,1.3863421983600244,1.6969798493174122,2.406077710369657,,,,,,,607,21,0.0,0.0,Defender,West Ham,38
Stefan,Bajčetić Maquieira,Bajcetic,Midfielder,LIV,5.301594744910412,7.818741041849627,0.0,0.0,Hamstring injury - Unknown return date,4.2,0.2,0.0,0.0,0,0,0.0,0.0,0.0,0.0,0.0,,0.0,0.0,0.0,0.0,0.0,0,0,0,0,0,0.0,0.0,0.0,0.0,0.0,0.0,0.427248152732441,0.6553373531000733,1.1423761817921847,1.512129006533856,1.5645040507518577,2.517146296939215,,,,,,,393,14,0.0,0.0,Midfielder,Liverpool,38
Konstantinos,Tsimikas,Tsimikas,Defender,LIV,5.453474649522822,7.815038394703281,0.0,0.0,has joined AS Roma on loan for the rest of the season.,4.8,0.0,0.0,0.0,0,0,0.0,0.0,0.0,0.0,0.0,,0.0,0.0,0.0,0.0,0.0,0,0,0,0,0,0.0,0.0,0.0,0.0,0.0,0.0,0.4280764868982513,0.662669585188599,1.1608657203147161,1.6861723846602175,1.5156904724610385,2.3615637451804585,,,,,,,377,14,0.0,0.0,Defender,Liverpool,38
Simon,Adingra,Adingra,Midfielder,SUN,5.530685894632075,7.8081168506692045,0.0,0.0,has joined AS Monaco on loan for the rest of the season.,4.9,0.3,0.0,6.9,34,0,2.4,0.0,0.05,0.09,0.14,,81.4,116.8,75.0,27.0,0.0,1,1,4,8,9,0.0,0.0,0.0,0.0,0.0,0.0,0.39040484989598445,0.671029375923704,1.1619897673508186,1.2447975019843038,2.0624643994772636,2.2774309560371293,,,,,,,543,56,0.0,0.0,Midfielder,Sunderland,38
Owen,Dodgson,Dodgson,Defender,BUR,5.519057047039514,7.805718966742838,0.0,0.0,Has joined Stockport County on loan for the rest of the season.,4.0,0.0,0.0,0.0,0,0,0.0,0.0,0.0,0.0,0.0,,0.0,0.0,0.0,0.0,0.0,0,0,0,0,0,0.0,0.0,0.0,0.0,0.0,0.0,0.43206460361028,0.6527144983979037,1.159295532575242,1.7430881693422016,1.5318942431138853,2.2866619197033247,,,,,,,189,90,0.0,0.0,Defender,Burnley,38
Shurandy,Sambo,Sambo,Defender,BUR,5.519057047039514,7.805718966742838,0.0,0.0,has joined Sparta Rotterdam on loan for the rest of the season.,4.0,0.0,0.0,0.0,0,0,0.0,0.0,0.0,0.0,0.0,,0.0,0.0,0.0,0.0,0.0,0,0,0,0,0,0.0,0.0,0.0,0.0,0.0,0.0,0.43206460361028,0.6527144983979037,1.159295532575242,1.7430881693422016,1.5318942431138853,2.2866619197033247,,,,,,,196,90,0.0,0.0,Defender,Burnley,38
Maldini,Kacurri,Kacurri,Defender,ARS,5.458469594381361,7.804481376678893,0.0,0.0,has joined Morecambe on loan for the rest of the season.,3.9,0.1,0.0,0.0,0,0,0.0,0.0,0.0,0.0,0.0,,0.0,0.0,0.0,0.0,0.0,0,0,0,0,0,0.0,0.0,0.0,0.0,0.0,0.0,0.4085836332522097,0.6782179559519691,1.3156771758782355,1.482898611308816,1.5730922179901308,2.3460117822975324,,,,,,,14,3,0.0,0.0,Defender,Arsenal,38
James,McConnell,McConnell,Midfielder,LIV,5.259499156976346,7.800608227883164,0.0,0.0,has joined Ajax on loan for the rest of the season.,4.4,0.0,0.0,0.0,0,0,0.0,0.0,0.0,0.0,0.0,,0.0,0.0,0.0,0.0,0.0,0,0,0,0,0,0.0,0.0,0.0,0.0,0.0,0.0,0.4252763293764222,0.6583972051249506,1.1692844995482818,1.4171120806441344,1.5894290422825565,2.5411090709068187,,,,,,,394,14,0.0,0.0,Midfielder,Liverpool,38
Walter,Benítez,Benitez,Goalkeeper,CRY,6.133977857506228,7.779492810089435,100.0,100.0,,3.9,0.3,0.0,1.8,7,0,7.0,0.0,0.0,0.0,0.0,,22.8,0.0,0.0,2.3,0.0,0,0,1,0,1,0.0,0.0,0.0,0.0,0.0,0.0,0.9968320480201106,1.327164985429989,1.213445606020311,0.9450637059056919,1.651471512130126,1.6455149525832078,,,,,,,254,31,0.0,0.0,Goalkeeper,Crystal Palace,38
Lewis,Orford,Orford,Midfielder,WHU,5.222783808201172,7.7724301208566065,0.0,0.0,has joined Stevenage on loan for the rest of the season.,4.4,0.1,0.0,0.0,0,0,0.0,0.0,0.0,0.0,0.0,,0.0,0.0,0.0,0.0,0.0,0,0,0,0,0,0.0,0.0,0.0,0.0,0.0,0.0,0.4252763293764222,0.6469636864740113,1.1380593334006979,1.4168348628469922,1.5956495961030492,2.549646312655434,,,,,,,622,21,0.0,0.0,Midfielder,West Ham,38
Brandon,Austin,Austin,Goalkeeper,TOT,6.023422091766584,7.7534384023203025,,,,3.9,0.3,0.0,0.0,0,0,0.0,0.0,0.0,0.0,0.0,,0.0,0.0,0.0,0.0,0.0,0,0,0,0,0,0.0,0.0,0.0,0.0,0.0,0.0,1.0058503575876863,1.6036120395601685,1.10427911147494,1.0373979656141632,1.272282617529626,1.7300163105537185,,,,,,,566,6,0.0,0.0,Goalkeeper,Spurs,38
Giovanni,Leoni,Leoni,Defender,LIV,5.319908318356424,7.719014671335126,0.0,0.0,Knee injury - Expected back 01 Sep,4.9,0.0,0.0,0.0,0,0,0.0,0.0,0.0,0.0,0.0,,0.0,0.0,0.0,0.0,0.0,0,0,0,0,0,0.0,0.0,0.0,0.0,0.0,0.0,0.4280764868982513,0.6733068660254709,1.1619353423898127,1.5298097647117896,1.5267798583310994,2.399106352978702,,,,,,,692,14,0.0,0.0,Defender,Liverpool,38
Jamie,Bynoe-Gittens,Gittens,Midfielder,CHE,6.35052731562957,7.71571336684287,25.0,25.0,Hamstring injury - 25% chance of playing,6.0,0.1,0.0,4.2,25,0,1.6,0.0,0.15,0.17,0.32,,93.0,130.4,91.0,31.3,0.0,0,2,1,7,5,0.0,0.0,0.0,0.0,0.0,0.0,0.6209675036325686,1.4507154116142802,1.2157025816134395,1.1882425645067602,1.8748992542625211,1.3651860512132994,,,,,,,239,8,0.0,0.0,Midfielder,Chelsea,38
Matt,Targett,Targett,Defender,NEW,5.391010833509848,7.715541736366086,0.0,0.0,has joined Middlesbrough on loan for the rest of the season.,4.0,0.1,0.0,0.0,0,0,0.0,0.0,0.0,0.0,0.0,,0.0,0.0,0.0,0.0,0.0,0,0,0,0,0,0.0,0.0,0.0,0.0,0.0,0.0,0.4078119216032229,0.6781512854898466,1.3156771758782355,1.4406793691621405,1.548691081376403,2.3245309028562375,,,,,,,484,4,0.0,0.0,Defender,Newcastle,38
Arnaud,Kalimuendo,Kalimuendo,Forward,NFO,5.843116443388871,7.714560613945188,0.0,0.0,has joined Eintracht Frankfurt on loan for the rest of the season.,6.0,0.1,0.0,1.5,9,0,1.0,0.0,0.44,0.02,0.46,,6.8,17.7,39.0,6.3,0.0,0,0,0,3,0,0.0,0.0,0.0,0.0,0.0,0.0,0.46152150770669786,0.8090134654567414,1.383784373522138,1.627475314370828,1.5613217823324645,1.871444170556317,,,,,,,696,17,0.0,0.0,Forward,Nott'm Forest,38
Harry,Amass,Amass,Defender,MUN,5.380895515683733,7.70542641853997,0.0,0.0,has joined Norwich City on loan for the rest of the season.,4.0,0.1,0.0,0.0,0,0,0.0,0.0,0.0,0.0,0.0,,0.0,0.0,0.0,0.0,0.0,0,0,0,0,0,0.0,0.0,0.0,0.0,0.0,0.0,0.40584869695931364,0.6781512854898466,1.3211418623439424,1.427062589514227,1.548691081376403,2.3245309028562375,,,,,,,445,1,0.0,0.0,Defender,Man Utd,38
Bastien,Meupiyou Menadjou,Meupiyou,Defender,WOL,5.353122543784801,7.701024311540339,0.0,0.0,On loan to FC Alverca,4.0,0.0,0.0,0.0,0,0,0.0,0.0,0.0,0.0,0.0,,0.0,0.0,0.0,0.0,0.0,0,0,0,0,0,0.0,0.0,0.0,0.0,0.0,0.0,0.4208585423208585,0.7234803019813362,1.2154053694450506,1.4432107434206296,1.5501675866169258,2.3479017677555376,,,,,,,639,39,0.0,0.0,Defender,Wolves,38
Harry,Gray,Gray,Forward,LEE,5.329894689191831,7.666731241420315,0.0,0.0,has joined Rotherham United on loan for the rest of the season.,4.5,0.1,0.0,0.0,0,0,0.0,0.0,0.0,0.0,0.0,,0.0,0.0,0.0,0.0,0.0,0,0,0,0,0,0.0,0.0,0.0,0.0,0.0,0.0,0.4171878705205527,0.6771856495627484,1.3796855946163245,1.3771646121763155,1.4786709623158905,2.336836552228484,,,,,,,741,2,0.0,0.0,Forward,Leeds,38
Saša,Kalajdžić,Kalajdžić,Forward,WOL,5.469100768952,7.657288781142512,0.0,0.0,has joined LASK on loan for the rest of the season.,4.9,0.0,0.0,0.2,1,0,1.0,0.0,0.0,0.06,0.06,,1.0,4.3,2.0,0.7,0.0,0,0,0,0,0,0.0,0.0,0.0,0.0,0.0,0.0,0.46587475866790506,0.7747742942612379,1.351490281221423,1.3001407817151538,1.5768206530862807,2.1881880121905115,,,,,,,656,39,0.0,0.0,Forward,Wolves,38
Harrison,Ashby,Ashby,Defender,NEW,5.343895895993836,7.65698204054332,0.0,0.0,has joined Bradford City on loan for the rest of the season.,3.9,0.1,0.0,0.0,0,0,0.0,0.0,0.0,0.0,0.0,,0.0,0.0,0.0,0.0,0.0,0,0,0,0,0,0.0,0.0,0.0,0.0,0.0,0.0,0.40584869695931364,0.6781512854898466,1.3217774801325213,1.4079157207207489,1.530202712691406,2.3130861445494837,,,,,,,482,4,0.0,0.0,Defender,Newcastle,38
Václav,Hladký,Hladký,Goalkeeper,BUR,6.012402118434279,7.656312387758375,,,,3.9,0.1,0.0,0.0,0,0,0.0,0.0,0.0,0.0,0.0,,0.0,0.0,0.0,0.0,0.0,0,0,0,0,0,0.0,0.0,0.0,0.0,0.0,0.0,1.0188789187824159,1.5539917949393647,1.0888953941425137,0.9991150092769499,1.351521001293035,1.6439102693240963,,,,,,,185,90,0.0,0.0,Goalkeeper,Burnley,38
Fábio,Soares Silva,Fábio Silva,Forward,WOL,5.3317504666472075,7.646702338962736,0.0,0.0,has joined Borussia Dortmund permanently.,4.9,0.2,0.0,0.0,0,0,0.0,0.0,0.0,0.0,0.0,,0.0,0.0,0.0,0.0,0.0,0,0,0,0,0,0.0,0.0,0.0,0.0,0.0,0.0,0.4472150633134208,0.6998007984380075,1.2956349666839087,1.405028081166345,1.4840715570455258,2.3149518723155293,,,,,,,655,39,0.0,0.0,Forward,Wolves,38
Ederson,Santana de Moraes,Ederson M.,Goalkeeper,MCI,5.153833382273218,7.620773780156534,0.0,0.0,has joined Fenerbache permanently.,5.3,0.8,0.0,0.0,0,0,0.0,0.0,0.0,0.0,0.0,,0.0,0.0,0.0,0.0,0.0,0,0,0,0,0,0.0,0.0,0.0,0.0,0.0,0.0,0.4429063522184897,0.6667649430485774,1.2391033682308312,1.349923335420606,1.4551353833547143,2.4669403978833158,,,,,,,399,43,0.0,0.0,Goalkeeper,Man City,38
Jayden,Meghoma,Meghoma,Defender,BRE,5.752494054248585,7.593243015763132,0.0,0.0,Has joined Rangers on loan for the rest of the season.,4.0,0.0,0.0,0.0,0,0,0.0,0.0,0.0,0.0,0.0,,0.0,0.0,0.0,0.0,0.0,0,0,0,0,0,0.0,0.0,0.0,0.0,0.0,0.0,0.4086169867683648,0.7203695452955985,1.3176273106112841,1.240217838096379,2.0656623734769584,1.8407489615145474,,,,,,,118,94,0.0,0.0,Defender,Brentford,38
Alfie,McNally,McNally,Goalkeeper,FUL,5.892751911660586,7.590143040386158,,,,4.0,0.0,0.0,0.0,0,0,0.0,0.0,0.0,0.0,0.0,,0.0,0.0,0.0,0.0,0.0,0,0,0,0,0,0.0,0.0,0.0,0.0,0.0,0.0,1.0019475300353327,1.598383348482458,1.0991901403395519,1.0225455166577895,1.170685376145454,1.6973911287255716,,,,,,,786,54,0.0,0.0,Goalkeeper,Fulham,38
Leo Fuhr,Hjelde,Hjelde,Defender,SUN,5.44980343163966,7.587822216288491,0.0,0.0,has joined Sheffield United on loan for the rest of the season.,4.0,0.0,0.0,0.0,0,0,0.0,0.0,0.0,0.0,0.0,,0.0,0.0,0.0,0.0,0.0,0,0,0,0,0,0.0,0.0,0.0,0.0,0.0,0.0,0.40517096818646225,0.6175763785001989,1.1904092285529968,1.0159215420516432,2.2207253143483587,2.138018784648831,,,,,,,536,56,0.0,0.0,Defender,Sunderland,38
Aji,Alese,Alese,Defender,SUN,5.44980343163966,7.587822216288491,0.0,0.0,has joined Portsmouth on loan for the rest of the season.,4.0,0.0,0.0,0.0,0,0,0.0,0.0,0.0,0.0,0.0,,0.0,0.0,0.0,0.0,0.0,0,0,0,0,0,0.0,0.0,0.0,0.0,0.0,0.0,0.40517096818646225,0.6175763785001989,1.1904092285529968,1.0159215420516432,2.2207253143483587,2.138018784648831,,,,,,,533,56,0.0,0.0,Defender,Sunderland,38
Ben,Davies,Davies,Defender,TOT,5.1971221995459285,7.571286495753193,0.0,0.0,Ankle injury - Unknown return date,4.3,0.1,0.0,2.3,10,0,3.3,0.0,0.32,0.05,0.37,,67.4,22.2,52.0,14.2,0.0,1,0,0,3,2,0.0,0.0,0.0,0.0,0.0,0.0,0.4263204399068921,0.7038087828757167,1.150816539305009,1.3252598719922872,1.5909165654660233,2.3741642962072644,,,,,,,571,6,0.0,0.0,Defender,Spurs,38
Niall,Huggins,Huggins,Defender,SUN,5.428801407544271,7.56836533894087,0.0,0.0,has joined Wycombe Wanderers on loan for the rest of the season.,4.0,0.1,0.0,0.0,0,0,0.0,0.0,0.0,0.0,0.0,,0.0,0.0,0.0,0.0,0.0,0,0,0,0,0,0.0,0.0,0.0,0.0,0.0,0.0,0.40517096818646225,0.6078844361258152,1.1809442597935302,1.013803763085739,2.220997980352725,2.1395639313965984,,,,,,,537,56,0.0,0.0,Defender,Sunderland,38
Finlay,Herrick,Herrick,Goalkeeper,WHU,5.874868473211001,7.563902782441004,,,,4.0,0.0,0.0,0.0,0,0,0.0,0.0,0.0,0.0,0.0,,0.0,0.0,0.0,0.0,0.0,0,0,0,0,0,0.0,0.0,0.0,0.0,0.0,0.0,1.000399667466137,1.598383348482458,1.0991901403395519,1.0189129474333845,1.1579823694894695,1.6890343092300026,,,,,,,825,21,0.0,0.0,Goalkeeper,West Ham,38
Timothée,Pembélé,Pembele,Defender,SUN,5.353321570801464,7.517095228476272,0.0,0.0,has joined Le Havre AC on loan for the rest of the season.,3.9,0.3,0.0,0.0,0,0,0.0,0.0,0.0,0.0,0.0,,0.0,0.0,0.0,0.0,0.0,0,0,0,0,0,0.0,0.0,0.0,0.0,0.0,0.0,0.4071427915424811,0.6078844361258152,1.1861749902204777,0.991465359180751,2.160653993731939,2.163773657674808,,,,,,,540,56,0.0,0.0,Defender,Sunderland,38
Benjamin,Fredrick,Fredrick,Defender,BRE,5.671894554618311,7.516945279748557,0.0,0.0,has joined Dender on loan for the rest of the season.,4.0,0.1,0.0,0.0,0,0,0.0,0.0,0.0,0.0,0.0,,0.0,0.0,0.0,0.0,0.0,0,0,0,0,0,0.0,0.0,0.0,0.0,0.0,0.0,0.4086169867683648,0.6885411636417713,1.294500050777938,1.2326046391292773,2.0476317143009597,1.8450507251302464,,,,,,,115,94,0.0,0.0,Defender,Brentford,38
Lino,da Cruz Sousa,Sousa,Defender,AVL,5.661167979290655,7.512256758125277,0.0,0.0,has joined Rotherham on loan for the rest of the season.,3.8,0.2,0.0,0.0,0,0,0.0,0.0,0.0,0.0,0.0,,0.0,0.0,0.0,0.0,0.0,0,0,0,0,0,0.0,0.0,0.0,0.0,0.0,0.0,0.4105888101243836,0.6899405486834225,1.3007627456919155,1.2312967891001616,2.0285790856907715,1.8510887788346229,,,,,,,45,7,0.0,0.0,Defender,Aston Villa,38
Josh,Dasilva,Dasilva,Midfielder,BRE,6.2363725061255835,7.468161916402395,100.0,100.0,,4.9,0.0,0.0,0.4,2,0,1.0,0.0,3.6,0.0,3.6,,0.4,11.3,4.0,1.6,0.0,0,0,0,0,0,0.0,0.0,0.0,0.0,0.0,0.0,1.2298627103270852,1.1387388812107306,1.4018229250127334,1.0894432802810838,1.3765047092939509,1.2317894102768119,,,,,,,748,94,0.0,0.0,Midfielder,Brentford,38
Kim,Ji-soo,Ji-soo,Defender,BRE,5.626057660474565,7.4661036571197075,0.0,0.0,has joined Kaiserslautern on loan for the rest of the season.,3.9,0.1,0.0,0.0,0,0,0.0,0.0,0.0,0.0,0.0,,0.0,0.0,0.0,0.0,0.0,0,0,0,0,0,0.0,0.0,0.0,0.0,0.0,0.0,0.4086169867683648,0.6871068848594164,1.2978834792776728,1.1972021993366795,2.0352481102324322,1.8400459966451421,,,,,,,117,94,0.0,0.0,Defender,Brentford,38
Eddie,Nketiah,Nketiah,Forward,CRY,5.734444856846887,7.462583345185175,0.0,0.0,Hamstring injury - Expected back 01 Jun,5.4,0.3,0.0,4.3,23,0,1.9,0.0,0.38,0.1,0.48,,120.0,84.6,173.0,37.8,0.0,2,0,0,12,2,0.0,0.0,0.0,0.0,0.0,0.0,0.4556854161351934,0.7544375403048034,1.2086442712431453,1.3356046652284748,1.9800729639352699,1.728138488338288,,,,,,,284,31,0.0,0.0,Forward,Crystal Palace,38
Remi,Matthews,Matthews,Goalkeeper,CRY,5.79711612321354,7.41960207856446,,,,3.9,0.1,0.0,0.0,0,0,0.0,0.0,0.0,0.0,0.0,,0.0,0.0,0.0,0.0,0.0,0,0,0,0,0,0.0,0.0,0.0,0.0,0.0,0.0,0.9656678915299837,1.5830852566026574,1.1389206459496037,0.8322344087106058,1.27720792042069,1.6224859553509203,,,,,,,255,31,0.0,0.0,Goalkeeper,Crystal Palace,38
Joël,Piroe,Piroe,Forward,LEE,6.436806791061176,7.4024513993142715,100.0,100.0,,4.9,0.3,0.0,3.5,17,1,1.1,0.0,0.33,0.05,0.38,,13.6,38.1,120.0,16.5,12.0,0,0,1,9,2,1.0,7.5,1.0,0.0,0.0,0.0,1.5172838055110265,1.4900272842187978,1.0544080009540582,1.1510365688871071,1.2240511314901874,0.9656446082530953,,,,,,,362,2,1.0,7.5,Forward,Leeds,38
Benjamin,Arthur,Arthur,Defender,BRE,5.561722294773938,7.399090820672729,0.0,0.0,has joined Celtic on loan for the rest of the season.,3.8,0.2,0.0,0.0,0,0,0.0,0.0,0.0,0.0,0.0,,0.0,0.0,0.0,0.0,0.0,0,0,0,0,0,0.0,0.0,0.0,0.0,0.0,0.0,0.405910564234664,0.6871068848594164,1.30414617419165,1.173559417372636,1.990999254115572,1.8373685258987908,,,,,,,114,94,0.0,0.0,Defender,Brentford,38
Youssef,Ramalho Chermiti,Y.Chermiti,Forward,EVE,5.372873771462813,7.379362617624961,0.0,0.0,has joined Rangers permanently.,4.9,0.1,0.0,0.0,0,0,0.0,0.0,0.0,0.0,0.0,,0.0,0.0,0.0,0.0,0.0,0,0,0,0,0,0.0,0.0,0.0,0.0,0.0,0.0,0.4171878705205527,0.6773388192483966,1.3928297468626014,1.382601260023344,1.5029160748079182,2.006488846162148,,,,,,,312,11,0.0,0.0,Forward,Everton,38
Zépiqueno,Redmond,Redmond,Forward,AVL,5.439929295041427,7.323071275021441,0.0,0.0,has joined Huddersfield Town on loan for the rest of the season.,4.5,0.3,0.0,0.0,0,0,0.0,0.0,0.0,0.0,0.0,,0.0,0.0,0.0,0.0,0.0,0,0,0,0,0,0.0,0.0,0.0,0.0,0.0,0.0,0.41919304739272656,0.6719098334236802,1.351639166920074,1.2134938913730073,1.7836933559319397,1.883141979980014,,,,,,,65,7,0.0,0.0,Forward,Aston Villa,38
Emmanuel,Agbadou,Agbadou,Defender,WOL,5.224208882881756,7.307988459931554,0.0,0.0,has joined Besiktas permanently.,4.2,0.1,0.0,5.5,23,0,1.6,0.0,0.05,0.03,0.08,,312.2,76.0,75.0,46.4,0.0,0,0,0,29,12,0.0,0.0,0.0,0.0,0.0,0.0,0.4182443145350192,0.9189897264015716,1.1322003023578957,1.0747871251644319,1.6799874144228375,2.083779577049798,,,,,,,631,39,0.0,0.0,Defender,Wolves,38
Elijah,Campbell,Campbell,Defender,EVE,5.2896554439181696,7.269810897297843,0.0,0.0,has joined Port Vale on loan for the rest of the season.,3.9,0.1,0.0,0.0,0,0,0.0,0.0,0.0,0.0,0.0,,0.0,0.0,0.0,0.0,0.0,0,0,0,0,0,0.0,0.0,0.0,0.0,0.0,0.0,0.40584869695931364,0.6781512854898466,1.3202453067263673,1.3753182416289162,1.510091913113726,1.9801554533796737,,,,,,,705,11,0.0,0.0,Defender,Everton,38
Divine,Mukasa,Mukasa,Midfielder,MCI,5.560070842204293,7.257808419724137,0.0,0.0,has joined Leicester City on loan for the rest of the season.,4.4,0.0,0.0,0.5,2,0,1.0,0.0,0.0,0.76,0.76,,4.2,28.3,4.0,3.7,0.0,0,0,0,0,0,0.0,0.0,0.0,0.0,0.0,0.0,0.4312758876074963,1.1465004079992207,1.3113645323783998,1.0276671127508143,1.6432629014683613,1.697737577519844,,,,,,,739,43,0.0,0.0,Midfielder,Man City,38
Daniel,Adu-Adjei,Adu-Adjei,Forward,BOU,5.248436117255659,7.254874497270688,0.0,0.0,has joined HNK Rijeka permanently.,4.4,0.1,0.0,0.0,0,0,0.0,0.0,0.0,0.0,0.0,,0.0,0.0,0.0,0.0,0.0,0,0,0,0,0,0.0,0.0,0.0,0.0,0.0,0.0,0.41641615887156586,0.6771856495627484,1.3602337227516559,1.332724352122057,1.4618762339476317,2.0064383800150285,,,,,,,99,91,0.0,0.0,Forward,Bournemouth,38
Iwan,Morgan,Morgan,Forward,BRE,5.36567321791518,7.2358552526773705,0.0,0.0,has joined Shrewsbury on loan for the rest of the season.,4.4,0.3,0.0,0.0,0,0,0.0,0.0,0.0,0.0,0.0,,0.0,0.0,0.0,0.0,0.0,0,0,0,0,0,0.0,0.0,0.0,0.0,0.0,0.0,0.41919304739272656,0.6719098334236802,1.3507426113024992,1.161802809316755,1.7620249164795192,1.8701820347621905,,,,,,,137,94,0.0,0.0,Forward,Brentford,38
Joelinton Cássio,Apolinário de Lira,Joelinton,Midfielder,NEW,4.988352359053735,7.232870678851342,0.0,0.0,Thigh injury - Expected back 01 Jun,5.9,0.3,0.0,12.4,73,0,2.7,0.0,0.11,0.06,0.17,,324.4,296.3,329.0,95.0,0.0,2,1,5,27,23,0.0,0.0,0.0,0.0,0.0,0.0,0.31086815061364,0.7136811879447574,1.3912373929301816,1.009938612995383,1.5626270145697738,2.2445183197976073,,,,,,,490,4,0.0,0.0,Midfielder,Newcastle,38
Ethan,Wheatley,Wheatley,Forward,MUN,5.241406121392777,7.230676314174365,0.0,0.0,has joined Bradford City on loan for the rest of the season.,4.5,0.1,0.0,0.0,0,0,0.0,0.0,0.0,0.0,0.0,,0.0,0.0,0.0,0.0,0.0,0,0,0,0,0,0.0,0.0,0.0,0.0,0.0,0.0,0.4144529342276566,0.6715994312080661,1.3639320608364693,1.325927624264816,1.4654940708557693,1.9892701927815877,,,,,,,468,1,0.0,0.0,Forward,Man Utd,38
Roman,Dixon,Dixon,Defender,EVE,5.249545628924693,7.218800595484861,0.0,0.0,has joined Stockport County on loan for the rest of the season.,3.8,0.2,0.0,0.0,0,0,0.0,0.0,0.0,0.0,0.0,,0.0,0.0,0.0,0.0,0.0,0,0,0,0,0,0.0,0.0,0.0,0.0,0.0,0.0,0.40782052031533245,0.6767519004481953,1.3265080016403448,1.3386079518072027,1.4998572547136182,1.9692549665601677,,,,,,,297,11,0.0,0.0,Defender,Everton,38
Martin,Sherif,Sherif,Forward,EVE,5.197253886894204,7.179589807974892,0.0,0.0,has joined Port Vale on loan for the rest of the season.,4.4,0.1,0.0,0.0,0,0,0.0,0.0,0.0,0.0,0.0,,0.0,0.0,0.0,0.0,0.0,0,0,0,0,0,0.0,0.0,0.0,0.0,0.0,0.0,0.4144529342276566,0.6715994312080661,1.3639320608364693,1.2946764289980779,1.452593031623934,1.982335921080688,,,,,,,313,11,0.0,0.0,Forward,Everton,38
Jordan,Beyer,Jordan,Defender,BUR,4.863211700945181,7.144437217020614,0.0,0.0,Hamstring injury - Expected back 01 Jun,3.9,0.1,0.0,0.0,0,0,0.0,0.0,0.0,0.0,0.0,,0.0,0.0,0.0,0.0,0.0,0,0,0,0,0,0.0,0.0,0.0,0.0,0.0,0.0,0.42548881221477935,0.6479130700964708,1.1400636061788514,1.1196828304438684,1.5300633820112104,2.281225516075433,,,,,,,194,90,0.0,0.0,Defender,Burnley,38
Dane,Scarlett,Scarlett,Forward,TOT,5.303144243493325,7.116188517610988,0.0,0.0,has joined Hibernian on loan for the rest of the season.,4.3,0.5,0.0,0.5,2,0,1.0,0.0,0.0,0.13,0.13,,1.0,4.1,2.0,0.7,0.0,0,0,0,0,0,0.0,0.0,0.0,0.0,0.0,0.0,0.5130678797331358,0.7434892842858897,1.2739564297177732,1.2459818636008715,1.5266487861556555,1.8130442741176636,,,,,,,599,6,0.0,0.0,Forward,Spurs,38
Emerson,Palmieri dos Santos,Emerson,Defender,WHU,4.790063561996096,7.115392999051096,0.0,0.0,has joined Marseille permanently.,4.4,0.0,0.0,0.0,0,0,0.0,0.0,0.0,0.0,0.0,,0.0,0.0,0.0,0.0,0.0,0,0,0,0,0,0.0,0.0,0.0,0.0,0.0,0.0,0.41804722961606083,0.6525140439482046,1.1246363758127098,1.1509894139642332,1.4438764986548875,2.325329437055,,,,,,,604,21,0.0,0.0,Defender,West Ham,38
Joe,Anderson,Anderson,Defender,SUN,5.279398489426151,7.107014070726187,0.0,0.0,has joined Barrow FC permanently.,3.8,0.3,0.0,0.0,0,0,0.0,0.0,0.0,0.0,0.0,,0.0,0.0,0.0,0.0,0.0,0,0,0,0,0,0.0,0.0,0.0,0.0,0.0,0.0,0.4071427915424811,0.6037324965534876,1.1914055017114447,0.9682328910282281,2.1088848085905094,1.8276155813000365,,,,,,,534,56,0.0,0.0,Defender,Sunderland,38
Hannes,Delcroix,Delcroix,Defender,BUR,4.7959816269182065,7.070291974435265,0.0,0.0,has joined Lugano permanently.,3.8,0.2,0.0,0.0,0,0,0.0,0.0,0.0,0.0,0.0,,0.0,0.0,0.0,0.0,0.0,0,0,0,0,0,0.0,0.0,0.0,0.0,0.0,0.0,0.42746063557079816,0.6479130700964708,1.1218276746644815,1.0874293915116064,1.5113508550748491,2.2743103475170585,,,,,,,188,90,0.0,0.0,Defender,Burnley,38
Josh,Cullen,Cullen,Midfielder,BUR,5.476848160369968,7.06928012656917,0.0,0.0,Knee injury - Expected back 30 Sep,4.9,0.8,0.0,14.3,70,0,3.9,0.0,0.06,0.08,0.14,,342.0,218.1,98.0,66.0,0.0,2,2,3,29,18,0.0,0.0,0.0,0.0,0.0,0.0,0.40839384370063,0.8651322415274589,1.0771750827837665,1.1825697165986084,1.9435772757595042,1.592431966199202,,,,,,,205,90,0.0,0.0,Midfielder,Burnley,38
Zak,Johnson,Johnson,Defender,SUN,5.2670186603345055,7.056294551241132,0.0,0.0,has joined York City on loan for the rest of the season.,3.8,0.2,0.0,0.0,0,0,0.0,0.0,0.0,0.0,0.0,,0.0,0.0,0.0,0.0,0.0,0,0,0,0,0,0.0,0.0,0.0,0.0,0.0,0.0,0.4071427915424811,0.6037324965534876,1.189564301447951,0.9670715330446056,2.09950753774598,1.7892758909066264,,,,,,,538,56,0.0,0.0,Defender,Sunderland,38
Trey,Nyoni,Nyoni,Midfielder,LIV,6.126438842819438,7.047485514108326,,,,4.3,0.3,0.0,1.4,6,1,1.0,0.0,1.59,0.09,1.68,,4.2,13.4,4.0,2.1,7.0,0,0,0,1,0,3.0,38.57142857142857,1.0,0.0,2.0,0.0,1.1479905548350646,1.452305839962721,1.1176511696911788,1.1965385324132112,1.2119527459172628,0.9210466712888877,,,,,,,396,14,3.0,38.57142857142857,Midfielder,Liverpool,38
Tino,Livramento,Livramento,Defender,NEW,5.09285496625891,7.045578415896641,0.0,0.0,Thigh injury - Expected back 01 Jun,4.9,1.8,0.0,12.0,59,0,3.5,0.0,0.01,0.06,0.07,,219.4,199.7,42.0,46.1,0.0,0,1,6,14,14,0.0,0.0,0.0,0.0,0.0,0.0,0.38558689843621324,0.8031731289480242,1.2029929721152843,1.3429124202868954,1.3581895464724933,1.95272344963773,,,,,,,477,4,0.0,0.0,Defender,Newcastle,38
Tom,Edozie,Edozie,Midfielder,WOL,6.184378036114769,7.03649531164405,,,,4.3,0.4,0.0,1.9,8,0,2.7,0.0,1.72,0.0,1.72,,34.4,0.4,23.0,5.8,0.0,1,0,0,0,0,0.0,0.0,0.0,0.0,0.0,0.0,0.9860891032175978,1.58614877833231,1.347789160858118,1.089008423982467,1.1753425697242752,0.852117275529281,,,,,,,651,39,0.0,0.0,Midfielder,Wolves,38
Luka,Vušković,Vuskovic,Defender,TOT,4.7124937732276475,7.034594705307411,0.0,0.0,has joined Hamburger SV on loan for the rest of the season.,3.9,0.3,0.0,0.0,0,0,0.0,0.0,0.0,0.0,0.0,,0.0,0.0,0.0,0.0,0.0,0,0,0,0,0,0.0,0.0,0.0,0.0,0.0,0.0,0.4180558283281704,0.6493285372547921,1.132153864458194,1.1079809900392452,1.4049745531472464,2.322100932079764,,,,,,,578,6,0.0,0.0,Defender,Spurs,38
Oliver,Sonne,Sonne,Defender,BUR,4.803777165702327,7.033808826550136,0.0,0.0,has joined Sparta Prague on loan for the rest of the season.,3.8,0.2,0.0,3.4,13,0,1.9,0.0,0.3,0.04,0.34,,44.8,18.1,30.0,9.2,0.0,1,0,0,4,1,0.0,0.0,0.0,0.0,0.0,0.0,0.42981461860368975,0.6794999179315033,0.9647894602467717,1.025836408258404,1.7038367606619578,2.2300316608478097,,,,,,,197,90,0.0,0.0,Defender,Burnley,38
Takai,Kōta,Takai,Defender,TOT,4.713862167029676,7.018170602214884,0.0,0.0,has joined Borussia Mönchengladbach on loan for the rest of the season.,4.0,0.0,0.0,0.0,0,0,0.0,0.0,0.0,0.0,0.0,,0.0,0.0,0.0,0.0,0.0,0,0,0,0,0,0.0,0.0,0.0,0.0,0.0,0.0,0.41608400497215153,0.6541299655562249,1.1301010622784164,1.1174488573245207,1.3960982768983627,2.3043084351852077,,,,,,,577,6,0.0,0.0,Defender,Spurs,38
Ashley,Phillips,Phillips,Defender,TOT,4.713862167029676,7.018170602214884,0.0,0.0,Has joined Stoke City on loan for the rest of the season.,4.0,0.0,0.0,0.0,0,0,0.0,0.0,0.0,0.0,0.0,,0.0,0.0,0.0,0.0,0.0,0,0,0,0,0,0.0,0.0,0.0,0.0,0.0,0.0,0.41608400497215153,0.6541299655562249,1.1301010622784164,1.1174488573245207,1.3960982768983627,2.3043084351852077,,,,,,,576,6,0.0,0.0,Defender,Spurs,38
Lucas,Tolentino Coelho de Lima,L.Paquetá,Midfielder,WHU,5.511935252409941,6.99520327295212,0.0,0.0,has joined Flamengo permanently.,5.9,1.0,0.0,11.7,69,0,3.8,0.0,0.17,0.12,0.29,,374.6,397.2,186.0,95.7,0.0,4,2,3,33,18,0.0,0.0,0.0,0.0,0.0,0.0,0.3831112946898703,1.116827713510189,1.344078254549203,1.1487672579540802,1.5191507317065982,1.483268020542178,,,,,,,612,21,0.0,0.0,Midfielder,West Ham,38
Benjamin,White,White,Defender,ARS,5.244623719053303,6.935665201921818,0.0,0.0,Knee injury - Expected back 24 May,5.1,0.5,0.0,8.8,45,0,3.8,0.0,0.06,0.09,0.15,,154.8,133.4,54.0,34.3,0.0,0,1,5,6,9,0.0,0.0,0.0,0.0,0.0,0.0,0.507542510616476,0.7946330299750091,1.300100102892187,1.3112946669949181,1.331053408574712,1.691041482868515,,,,,,,11,3,0.0,0.0,Defender,Arsenal,38
Romaine,Mundle,Mundle,Midfielder,SUN,5.328352257587509,6.890632170935837,0.0,0.0,Hamstring injury - Expected back 01 Jun,4.9,0.0,0.0,2.9,14,0,1.0,0.0,0.2,0.11,0.31,,29.4,33.6,69.0,12.7,0.0,0,0,0,11,2,0.0,0.0,0.0,0.0,0.0,0.0,0.4098842357863472,0.677545573996755,1.210568300041559,1.0981994360312168,1.9321547117316311,1.5622799133483278,,,,,,,548,56,0.0,0.0,Midfielder,Sunderland,38
Mark,Travers,Travers,Goalkeeper,EVE,5.001932132378849,6.884489266613371,100.0,100.0,,4.2,0.1,0.0,0.0,0,0,0.0,0.0,0.0,0.0,0.0,,0.0,0.0,0.0,0.0,0.0,0,0,0,0,0,0.0,0.0,0.0,0.0,0.0,0.0,0.8573227733706961,1.0517266136164416,0.9988908403298125,0.8921650352201077,1.2018268698417915,1.8825571342345218,,,,,,,288,11,0.0,0.0,Goalkeeper,Everton,38
Will,Dennis,Dennis,Goalkeeper,BOU,4.824093124052644,6.858229666677806,0.0,0.0,has joined Leyton Orient on loan for the rest of the season.,4.0,0.7,0.0,0.0,0,0,0.0,0.0,0.0,0.0,0.0,,0.0,0.0,0.0,0.0,0.0,0,0,0,0,0,0.0,0.0,0.0,0.0,0.0,0.0,0.4047560075540598,0.6652566703899718,1.1178636623692324,1.256833390842111,1.3793833928972694,2.0341365426251614,,,,,,,68,91,0.0,0.0,Goalkeeper,Bournemouth,38
Boubacar,Kamara,Kamara,Midfielder,AVL,5.460439163455022,6.8573729906005525,0.0,0.0,Knee injury - Expected back 01 Jun,4.9,0.2,0.0,12.4,61,0,3.4,0.0,0.03,0.05,0.08,,325.0,241.3,75.0,64.2,0.0,1,3,5,15,17,0.0,0.0,0.0,0.0,0.0,0.0,0.36384785760123994,0.8328250316209882,1.233450193890863,1.1962187816748213,1.8340972986671091,1.396933827145531,,,,,,,58,7,0.0,0.0,Midfielder,Aston Villa,38
Cristian,Romero,Romero,Defender,TOT,5.088044275779329,6.849386243825483,0.0,0.0,Knee injury - Expected back 01 Jun,5.0,2.9,0.0,18.2,91,0,4.0,0.0,0.07,0.06,0.13,,574.8,133.6,223.0,93.2,0.0,4,1,5,33,22,0.0,0.0,0.0,0.0,0.0,0.0,0.42099789479990224,0.8577723654681495,1.2674119643042718,0.9398199309013215,1.6020421203056847,1.7613419680461537,,,,,,,569,6,0.0,0.0,Defender,Spurs,38
Callum,Marshall,Marshall,Forward,WHU,5.236217740426007,6.815712107008064,0.0,0.0,has joined VfL Bochum 1848 on loan for the rest of the season.,4.3,0.5,0.0,0.5,2,0,1.0,0.0,0.2,0.0,0.2,,1.2,0.1,7.0,0.8,0.0,0,0,0,2,0,0.0,0.0,0.0,0.0,0.0,0.0,0.44720379806055904,0.7290853715424944,1.3183492934698613,1.369825348320595,1.3717539290324967,1.5794943665820578,,,,,,,626,21,0.0,0.0,Forward,West Ham,38
Lukasz,Fabianski,Fabianski,Goalkeeper,WHU,5.057931657418743,6.810519957624145,100.0,100.0,,4.5,0.0,0.0,0.0,0,0,0.0,0.0,0.0,0.0,0.0,,0.0,0.0,0.0,0.0,0.0,0,0,0,0,0,0.0,0.0,0.0,0.0,0.0,0.0,0.9299155888601591,1.034237385005767,0.9779419208976612,0.8674589907225867,1.2483777719325693,1.7525883002054012,,,,,,,738,21,0.0,0.0,Goalkeeper,West Ham,38
Murillo,Costa dos Santos,Murillo,Defender,NFO,4.853131845757512,6.803698325365967,0.0,0.0,Muscle injury - Expected back 01 Jun,5.2,1.8,0.0,16.0,83,0,3.3,0.0,0.03,0.02,0.05,,542.2,115.5,82.0,74.0,0.0,1,0,6,29,25,0.0,0.0,0.0,0.0,0.0,0.0,0.4374136128732743,0.6857079774433825,1.1727132181661948,1.142351295413532,1.4149457418611289,1.9505664796084545,,,,,,,506,17,0.0,0.0,Defender,Nott'm Forest,38
Gabriel,Gudmundsson,Gudmundsson,Defender,LEE,5.2938035341136755,6.797001517515204,0.0,0.0,Hamstring injury - Expected back 01 Jun,3.8,2.5,0.0,17.9,68,0,2.1,0.0,0.04,0.1,0.14,,442.6,363.7,158.0,96.4,0.0,0,0,5,45,31,0.0,0.0,0.0,0.0,0.0,0.0,0.3997194395687656,0.9527420350395595,1.1523031046931385,0.9554220719829907,1.8336168828292212,1.5031979834015279,,,,,,,347,2,0.0,0.0,Defender,Leeds,38
Rob,Holding,Holding,Defender,CRY,5.060298859790581,6.785104076026697,0.0,0.0,Has joined Colorado Rapids permanently.,4.0,0.0,0.0,0.0,0,0,0.0,0.0,0.0,0.0,0.0,,0.0,0.0,0.0,0.0,0.0,0,0,0,0,0,0.0,0.0,0.0,0.0,0.0,0.0,0.40471045252763194,0.6201486563175951,1.0853163652893547,0.9758573747648913,1.9742660108911085,1.7248052162361163,,,,,,,264,31,0.0,0.0,Defender,Crystal Palace,38
Danny,Imray,Imray,Defender,CRY,5.060298859790581,6.785104076026697,0.0,0.0,has joined West Brom on loan for the rest of the season.,4.0,0.0,0.0,0.0,0,0,0.0,0.0,0.0,0.0,0.0,,0.0,0.0,0.0,0.0,0.0,0,0,0,0,0,0.0,0.0,0.0,0.0,0.0,0.0,0.40471045252763194,0.6201486563175951,1.0853163652893547,0.9758573747648913,1.9742660108911085,1.7248052162361163,,,,,,,798,31,0.0,0.0,Defender,Crystal Palace,38
Nazarii,Rusyn,Rusyn,Forward,SUN,5.013337240495988,6.779715664806645,0.0,0.0,has joined Arka on loan for the rest of the season.,4.4,0.1,0.0,0.0,0,0,0.0,0.0,0.0,0.0,0.0,,0.0,0.0,0.0,0.0,0.0,0,0,0,0,0,0.0,0.0,0.0,0.0,0.0,0.0,0.40986867121407244,0.5974382059971575,1.2591303158362583,0.9471915089429983,1.7997085385055025,1.766378424310656,,,,,,,564,56,0.0,0.0,Forward,Sunderland,38
Luís Hemir,Silva Semedo,Luís Hemir,Forward,SUN,5.013337240495988,6.779715664806645,0.0,0.0,has joined Moreirense on loan for the rest of the season.,4.4,0.1,0.0,0.0,0,0,0.0,0.0,0.0,0.0,0.0,,0.0,0.0,0.0,0.0,0.0,0,0,0,0,0,0.0,0.0,0.0,0.0,0.0,0.0,0.40986867121407244,0.5974382059971575,1.2591303158362583,0.9471915089429983,1.7997085385055025,1.766378424310656,,,,,,,563,56,0.0,0.0,Forward,Sunderland,38
Will,Lankshear,Lankshear,Forward,TOT,4.8694530089459125,6.755932706438285,0.0,0.0,has joined Oxford United on loan for the rest of the season.,4.5,0.0,0.0,0.0,0,0,0.0,0.0,0.0,0.0,0.0,,0.0,0.0,0.0,0.0,0.0,0,0,0,0,0,0.0,0.0,0.0,0.0,0.0,0.0,0.4499600606555129,0.6520330801065259,1.2605643452926545,1.140658795630371,1.3662367272608482,1.8864796974923723,,,,,,,598,6,0.0,0.0,Forward,Spurs,38
Conor,Bradley,Bradley,Defender,LIV,4.860218152464178,6.733752575971239,0.0,0.0,Knee injury - Expected back 01 Jun,4.9,0.1,0.0,8.6,42,0,2.8,0.0,0.02,0.08,0.1,,157.4,105.2,62.0,32.3,0.0,0,2,4,13,12,0.0,0.0,0.0,0.0,0.0,0.0,0.4228722930217094,0.7460723263862521,1.0014032046385752,1.3122505288319166,1.377619799585724,1.873534423507061,,,,,,,375,14,0.0,0.0,Defender,Liverpool,38
Chemsdine,Talbi,Talbi,Midfielder,SUN,4.649092657047777,6.729468151339434,0.0,0.0,Muscle injury - Expected back 01 Jun,4.9,0.2,0.0,16.9,83,0,3.0,0.0,0.12,0.07,0.19,,238.8,211.5,245.0,69.1,0.0,4,2,7,14,16,0.0,0.0,0.0,0.0,0.0,0.0,0.33870394427051853,0.6061610210209026,1.2378435523963751,0.9794596369997306,1.4869245023602493,2.0803754942916575,,,,,,,553,56,0.0,0.0,Midfielder,Sunderland,38
Michael,Obafemi,Obafemi,Forward,BUR,4.870626045447939,6.71926160216865,0.0,0.0,has joined Blackpool on loan for the rest of the season.,4.4,0.1,0.0,0.0,0,0,0.0,0.0,0.0,0.0,0.0,,0.0,0.0,0.0,0.0,0.0,0,0,0,0,0,0.0,0.0,0.0,0.0,0.0,0.0,0.45859315624915387,0.6612292390151219,1.248675051793744,1.0932971421371542,1.4088314562527655,1.848635556720711,,,,,,,219,90,0.0,0.0,Forward,Burnley,38
Chris,Richards,Richards,Defender,CRY,4.739531320866939,6.708454937408327,0.0,0.0,Ankle injury - Expected back 01 Jun,4.4,2.2,0.0,29.1,128,0,3.9,0.0,0.08,0.05,0.13,,727.2,159.6,185.0,107.6,0.0,1,0,11,42,31,0.0,0.0,0.0,0.0,0.0,0.0,0.46704204822084716,0.8211845963032032,1.0267353908690795,0.8037044827304565,1.6208648027433528,1.968923616541388,,,,,,,261,31,0.0,0.0,Defender,Crystal Palace,38
Jayden,Danns,Danns,Forward,LIV,4.837429136062659,6.7029598116811755,0.0,0.0,Hamstring injury - Unknown return date,4.3,0.1,0.0,0.0,0,0,0.0,0.0,0.0,0.0,0.0,,0.0,0.0,0.0,0.0,0.0,0,0,0,0,0,0.0,0.0,0.0,0.0,0.0,0.0,0.4355809292279943,0.6537380874860642,1.2639972880942785,1.1313303479056118,1.3527824833487099,1.8655306756185166,,,,,,,398,14,0.0,0.0,Forward,Liverpool,38
Niclas,Füllkrug,Füllkrug,Forward,WHU,5.3996964634705,6.6814653423834995,0.0,0.0,has joined AC Milan on loan for the rest of the season.,5.6,0.6,0.0,2.1,12,0,1.5,0.0,0.21,0.05,0.26,,26.0,85.1,130.0,23.8,0.0,0,0,1,11,5,0.0,0.0,0.0,0.0,0.0,0.0,0.5054030783158173,0.745936152012035,1.1493899525648024,1.4288800778002884,1.570087202777556,1.2817688789129995,,,,,,,625,21,0.0,0.0,Forward,West Ham,38
André,Onana,Onana,Goalkeeper,MUN,4.693618095957646,6.674292664470882,0.0,0.0,has joined Trabzonspor on loan for the rest of the season.,4.9,0.1,0.0,0.0,0,0,0.0,0.0,0.0,0.0,0.0,,0.0,0.0,0.0,0.0,0.0,0,0,0,0,0,0.0,0.0,0.0,0.0,0.0,0.0,0.3971964836951719,0.6712839580384576,1.1316268819568254,1.1229825071263715,1.3705282651408193,1.980674568513236,,,,,,,432,1,0.0,0.0,Goalkeeper,Man Utd,38
Marcus,Bettinelli,Bettinelli,Goalkeeper,MCI,4.888743526453325,6.67416028711699,100.0,100.0,,3.8,0.4,0.0,0.0,0,0,0.0,0.0,0.0,0.0,0.0,,0.0,0.0,0.0,0.0,0.0,0,0,0,0,0,0.0,0.0,0.0,0.0,0.0,0.0,0.8879383896948729,0.9175616348831775,0.9631871990384906,0.8588447889669082,1.2612115138698754,1.7854167606636648,,,,,,,401,43,0.0,0.0,Goalkeeper,Man City,38
Norberto,Murara Neto,Neto,Goalkeeper,BOU,4.699727137455421,6.673538612872957,0.0,0.0,Has joined Botafogo permanently.,4.5,0.1,0.0,0.0,0,0,0.0,0.0,0.0,0.0,0.0,,0.0,0.0,0.0,0.0,0.0,0,0,0,0,0,0.0,0.0,0.0,0.0,0.0,0.0,0.3971964836951719,0.6753176216658405,1.1345741665118556,1.1244293151342097,1.3682095504483431,1.9738114754175358,,,,,,,66,91,0.0,0.0,Goalkeeper,Bournemouth,38
Ilia,Gruev,Gruev,Midfielder,LEE,5.16778105984033,6.641581771959032,0.0,0.0,Knee injury - Expected back 01 Jun,4.7,0.1,0.0,11.9,56,0,2.4,0.0,0.03,0.06,0.09,,199.4,171.0,64.0,43.2,0.0,0,4,5,23,15,0.0,0.0,0.0,0.0,0.0,0.0,0.3723188411051321,0.8554927564620012,1.3171326617420727,1.2358390657231133,1.3869977348080105,1.4738007121187024,,,,,,,356,2,0.0,0.0,Midfielder,Leeds,38
Kaelan,Casey,Casey,Defender,WHU,4.641992233168117,6.579641469836011,0.0,0.0,has joined Leyton Orient on loan for the rest of the season.,4.0,0.1,0.0,0.0,0,0,0.0,0.0,0.0,0.0,0.0,,0.0,0.0,0.0,0.0,0.0,0,0,0,0,0,0.0,0.0,0.0,0.0,0.0,0.0,0.41608400497215153,0.6461901712519972,1.1225652492632339,1.062500800030163,1.3946520076505717,1.937649236667894,,,,,,,611,21,0.0,0.0,Defender,West Ham,38
Willy,Boly,Boly,Defender,NFO,4.62478441735497,6.566235435052649,0.0,0.0,Knee injury - Unknown return date,3.8,0.3,0.0,0.0,0,0,0.0,0.0,0.0,0.0,0.0,,0.0,0.0,0.0,0.0,0.0,0,0,0,0,0,0.0,0.0,0.0,0.0,0.0,0.0,0.4094036150640286,0.6447558924696424,1.132153864458194,1.0637668046588311,1.3747042407042733,1.9414510176976785,,,,,,,514,17,0.0,0.0,Defender,Nott'm Forest,38
Mike,Penders,Penders,Goalkeeper,CHE,4.486024111213348,6.427546526598931,0.0,0.0,Has joined RC Strasbourg on loan for the rest of the season.,4.0,0.0,0.0,0.0,0,0,0.0,0.0,0.0,0.0,0.0,,0.0,0.0,0.0,0.0,0.0,0,0,0,0,0,0.0,0.0,0.0,0.0,0.0,0.0,0.39224127718078183,0.7016408942583152,1.0602894949912165,1.0845960186516819,1.2472564261313528,1.941522415385583,,,,,,,222,8,0.0,0.0,Goalkeeper,Chelsea,38
Joachim,Andersen,Andersen,Defender,FUL,4.6812023559181135,6.408322415967062,0.0,0.0,Suspended until 29 Aug,4.4,2.8,0.0,28.0,123,0,3.7,0.0,0.04,0.06,0.1,,790.6,131.0,148.0,107.0,0.0,0,1,8,45,33,0.0,0.0,0.0,0.0,0.0,0.0,0.42529733665353736,0.6285864969943924,0.975167870091088,1.1927393095186993,1.4594113426603967,1.7271200600489487,,,,,,,317,54,0.0,0.0,Defender,Fulham,38
Alex,Paulsen,Paulsen,Goalkeeper,BOU,4.453661292090661,6.395495536285313,0.0,0.0,Has joined Lechia Gdansk on loan for the rest of the season.,4.0,0.1,0.0,0.0,0,0,0.0,0.0,0.0,0.0,0.0,,0.0,0.0,0.0,0.0,0.0,0,0,0,0,0,0.0,0.0,0.0,0.0,0.0,0.0,0.39224127718078183,0.6738833428834858,1.0467207201293476,1.0715557658221337,1.269260186074912,1.9418342441946521,,,,,,,70,91,0.0,0.0,Goalkeeper,Bournemouth,38
Lewis,Miley,L.Miley,Midfielder,NEW,4.624352634186097,6.384317936793809,0.0,0.0,Leg injury - Expected back 01 Jul,4.4,1.7,0.0,16.4,72,0,3.1,0.0,0.08,0.13,0.21,,342.6,251.4,136.0,73.0,0.0,1,4,2,22,15,0.0,0.0,0.0,0.0,0.0,0.0,0.3680212955787864,0.6524156401880201,1.0894619785095272,1.0538239973675068,1.4606297225422566,1.7599653026077118,,,,,,,497,4,0.0,0.0,Midfielder,Newcastle,38
Karl,Hein,Hein,Goalkeeper,ARS,4.429554992820401,6.360514074648178,0.0,0.0,Has joined Werder Bremen on loan for the rest of the season.,4.0,0.2,0.0,0.0,0,0,0.0,0.0,0.0,0.0,0.0,,0.0,0.0,0.0,0.0,0.0,0,0,0,0,0,0.0,0.0,0.0,0.0,0.0,0.0,0.3942131005368007,0.6738833428834858,1.0535247444482914,1.0584431590852224,1.2494906458666013,1.930959081827776,,,,,,,3,3,0.0,0.0,Goalkeeper,Arsenal,38
Marshall,Munetsi,Munetsi,Midfielder,WOL,4.966721373785954,6.293636534415905,0.0,0.0,has joined Paris FC on loan for the rest of the season.,5.3,0.0,0.0,7.2,38,0,2.9,0.0,0.17,0.04,0.21,,163.6,61.8,196.0,42.1,0.0,1,2,0,19,9,0.0,0.0,0.0,0.0,0.0,0.0,0.3959217607604874,0.8921506744961001,1.0237170202861654,1.189896834146336,1.465035084096865,1.3269151606299512,,,,,,,648,39,0.0,0.0,Midfielder,Wolves,38
Carl,Rushworth,Rushworth,Goalkeeper,BHA,4.501899858958982,6.249622281606947,0.0,0.0,Has joined Coventry City on loan for the rest of the season.,4.0,0.0,0.0,0.0,0,0,0.0,0.0,0.0,0.0,0.0,,0.0,0.0,0.0,0.0,0.0,0,0,0,0,0,0.0,0.0,0.0,0.0,0.0,0.0,0.3915635484079305,0.6111608247170616,1.029557150038762,0.850501849700142,1.6191164860950855,1.7477224226479653,,,,,,,141,36,0.0,0.0,Goalkeeper,Brighton,38
Kjell,Scherpen,Scherpen,Goalkeeper,BHA,4.501899858958982,6.249622281606947,0.0,0.0,Has joined Union SG permanently,4.0,0.0,0.0,0.0,0,0,0.0,0.0,0.0,0.0,0.0,,0.0,0.0,0.0,0.0,0.0,0,0,0,0,0,0.0,0.0,0.0,0.0,0.0,0.0,0.3915635484079305,0.6111608247170616,1.029557150038762,0.850501849700142,1.6191164860950855,1.7477224226479653,,,,,,,142,36,0.0,0.0,Goalkeeper,Brighton,38
Elyh,Harrison,Harrison,Goalkeeper,MUN,4.309354910819394,6.198327912183377,0.0,0.0,On loan to Shrewsbury Town,4.0,0.0,0.0,0.0,0,0,0.0,0.0,0.0,0.0,0.0,,0.0,0.0,0.0,0.0,0.0,0,0,0,0,0,0.0,0.0,0.0,0.0,0.0,0.0,0.39224127718078183,0.6981563614992234,1.0508592885984105,1.034747960340024,1.1333500232009546,1.8889730013639827,,,,,,,433,1,0.0,0.0,Goalkeeper,Man Utd,38
Odysseas,Vlachodimos,Odysseas,Goalkeeper,NEW,4.306654920491888,6.195627921855871,0.0,0.0,Has joined Sevilla on loan for the rest of the season.,4.0,0.0,0.0,0.0,0,0,0.0,0.0,0.0,0.0,0.0,,0.0,0.0,0.0,0.0,0.0,0,0,0,0,0,0.0,0.0,0.0,0.0,0.0,0.0,0.39224127718078183,0.6981563614992234,1.0508592885984105,1.0372763614234213,1.128121631790051,1.8889730013639827,,,,,,,472,4,0.0,0.0,Goalkeeper,Newcastle,38
Filip,Marschall,Marschall,Goalkeeper,AVL,4.384231932080007,6.142289243977836,0.0,0.0,Has joined Stevenage permanently.,4.0,0.0,0.0,0.0,0,0,0.0,0.0,0.0,0.0,0.0,,0.0,0.0,0.0,0.0,0.0,0,0,0,0,0,0.0,0.0,0.0,0.0,0.0,0.0,0.39898353436425515,0.7160667089485342,1.0370388368305803,0.9041785811805657,1.3279642707560713,1.7580573118978293,,,,,,,35,7,0.0,0.0,Goalkeeper,Aston Villa,38
Etienne,Green,Green,Goalkeeper,BUR,4.299899339890157,6.1197092526273265,0.0,0.0,has joined FC Fredericia permanently.,4.0,0.2,0.0,0.0,0,0,0.0,0.0,0.0,0.0,0.0,,0.0,0.0,0.0,0.0,0.0,0,0,0,0,0,0.0,0.0,0.0,0.0,0.0,0.0,0.4111182794993703,0.6440925092544191,1.0260188455802972,0.9316996895215582,1.2869700160345126,1.8198099127371699,,,,,,,184,90,0.0,0.0,Goalkeeper,Burnley,38
Joe,Gauci,Gauci,Goalkeeper,AVL,4.339126035481861,6.11111326811575,0.0,0.0,Has joined Port Vale on loan for the rest of the season.,4.0,0.1,0.0,0.0,0,0,0.0,0.0,0.0,0.0,0.0,,0.0,0.0,0.0,0.0,0.0,0,0,0,0,0,0.0,0.0,0.0,0.0,0.0,0.0,0.39898353436425515,0.6842383272947069,1.023955923814051,0.8939856532035059,1.337962596805343,1.7719872326338888,,,,,,,34,7,0.0,0.0,Goalkeeper,Aston Villa,38
Anthony,Patterson,Patterson,Goalkeeper,SUN,4.331407008795391,6.061600082181993,0.0,0.0,has joined Millwall on loan for the rest of the season.,4.2,0.1,0.0,0.0,0,0,0.0,0.0,0.0,0.0,0.0,,0.0,0.0,0.0,0.0,0.0,0,0,0,0,0,0.0,0.0,0.0,0.0,0.0,0.0,0.3915635484079305,0.6014688823426779,1.0160231366821235,0.8417445075586032,1.4806069338040555,1.730193073386602,,,,,,,528,56,0.0,0.0,Goalkeeper,Sunderland,38
Harry,Tyrer,Tyrer,Goalkeeper,EVE,4.127035464254979,5.997431298230773,0.0,0.0,has joined Cardiff City permanently.,3.9,0.1,0.0,0.0,0,0,0.0,0.0,0.0,0.0,0.0,,0.0,0.0,0.0,0.0,0.0,0,0,0,0,0,0.0,0.0,0.0,0.0,0.0,0.0,0.39224127718078183,0.670398810124394,0.9218144454668356,1.003942897951847,1.1386380335311208,1.8703958339757945,,,,,,,289,11,0.0,0.0,Goalkeeper,Everton,38
Steven,Benda,Benda,Goalkeeper,FUL,4.149338754177909,5.970381892778438,0.0,0.0,has joined Feyenoord on loan for the rest of the season.,4.0,0.0,0.0,0.0,0,0,0.0,0.0,0.0,0.0,0.0,,0.0,0.0,0.0,0.0,0.0,0,0,0,0,0,0.0,0.0,0.0,0.0,0.0,0.0,0.40170487354463297,0.6514805398732967,1.0251556821412653,0.9596393889753861,1.1113582696433275,1.8210431386005284,,,,,,,315,54,0.0,0.0,Goalkeeper,Fulham,38
Blondy,Nna Noukeu,Nna Noukeu,Goalkeeper,SUN,4.210475786737591,5.899084436953075,0.0,0.0,has joined US Boulogne CO permanently.,3.9,0.1,0.0,0.0,0,0,0.0,0.0,0.0,0.0,0.0,,0.0,0.0,0.0,0.0,0.0,0,0,0,0,0,0.0,0.0,0.0,0.0,0.0,0.0,0.3915635484079305,0.6042214368733543,1.0165089985274633,0.8022102330890626,1.395971569839781,1.6886086502154838,,,,,,,530,56,0.0,0.0,Goalkeeper,Sunderland,38
Wes,Foderingham,Foderingham,Goalkeeper,WHU,4.031326550168254,5.828685387809716,0.0,0.0,has joined Aris Limassol permanently.,4.0,0.2,0.0,0.0,0,0,0.0,0.0,0.0,0.0,0.0,,0.0,0.0,0.0,0.0,0.0,0,0,0,0,0,0.0,0.0,0.0,0.0,0.0,0.0,0.4036766969006518,0.6466791115718638,0.9314055380384161,0.9408927193698804,1.1086724842874418,1.7973588376414618,,,,,,,601,21,0.0,0.0,Goalkeeper,West Ham,38
Carlos Miguel,dos Santos Pereira,C.Miguel,Goalkeeper,NFO,4.008083659662782,5.806987644052011,0.0,0.0,Has joined Palmeiras permanently.,4.0,0.1,0.0,0.0,0,0,0.0,0.0,0.0,0.0,0.0,,0.0,0.0,0.0,0.0,0.0,0,0,0,0,0,0.0,0.0,0.0,0.0,0.0,0.0,0.40170487354463297,0.6466791115718638,0.9281890743324841,0.9295230890402122,1.1019875111735886,1.798903984389229,,,,,,,503,17,0.0,0.0,Goalkeeper,Nott'm Forest,38
Matt,Turner,Turner,Goalkeeper,NFO,4.008083659662782,5.806987644052011,0.0,0.0,Has joined Lyon permanently.,4.0,0.1,0.0,0.0,0,0,0.0,0.0,0.0,0.0,0.0,,0.0,0.0,0.0,0.0,0.0,0,0,0,0,0,0.0,0.0,0.0,0.0,0.0,0.0,0.40170487354463297,0.6466791115718638,0.9281890743324841,0.9295230890402122,1.1019875111735886,1.798903984389229,,,,,,,504,17,0.0,0.0,Goalkeeper,Nott'm Forest,38
Krisztián,Hegyi,Hegyi,Goalkeeper,WHU,4.004978908506784,5.791728517558889,0.0,0.0,has joined MTK Budapest on loan for the rest of the season.,3.9,0.2,0.0,0.0,0,0,0.0,0.0,0.0,0.0,0.0,,0.0,0.0,0.0,0.0,0.0,0,0,0,0,0,0.0,0.0,0.0,0.0,0.0,0.0,0.4036766969006518,0.6322468564018765,0.9302908798305912,0.9396721683155991,1.099092307058065,1.7867496090521056,,,,,,,602,21,0.0,0.0,Goalkeeper,West Ham,38
Brajan,Gruda,Gruda,Midfielder,BHA,4.545949639276154,5.7750794708384765,0.0,0.0,has joined Leipzig on loan for the rest of the season.,5.4,0.0,0.0,6.5,35,0,1.9,0.0,0.24,0.11,0.35,,134.4,217.1,152.0,50.0,0.0,1,1,2,11,8,0.0,0.0,0.0,0.0,0.0,0.0,0.3399299758227611,0.6390855450616971,1.0147581865402149,1.119419413501431,1.4327565183500501,1.2291298315623223,,,,,,,162,36,0.0,0.0,Midfielder,Brighton,38
Matthew,Cox,Cox,Goalkeeper,BRE,4.037182513866577,5.763743991136122,0.0,0.0,has joined Shrewsbury Town on loan for the rest of the season.,3.9,0.1,0.0,0.0,0,0,0.0,0.0,0.0,0.0,0.0,,0.0,0.0,0.0,0.0,0.0,0,0,0,0,0,0.0,0.0,0.0,0.0,0.0,0.0,0.39898353436425515,0.6821880733179699,0.9023795512900592,0.835909935327834,1.2177214195664585,1.726561477269545,,,,,,,103,94,0.0,0.0,Goalkeeper,Brentford,38
Ryan,Christie,Christie,Midfielder,BOU,4.247104611111649,5.6052939044048795,0.0,0.0,Suspended until 29 Aug,4.9,0.1,0.0,9.6,47,0,1.8,0.0,0.17,0.07,0.24,,226.6,197.0,220.0,64.7,0.0,2,1,3,14,9,0.0,0.0,0.0,0.0,0.0,0.0,0.3422485269920275,0.7131229862115358,0.9597588538053772,0.9802166460431055,1.2517575980596023,1.3581892932932305,,,,,,,87,91,0.0,0.0,Midfielder,Bournemouth,38
Matthijs,de Ligt,De Ligt,Defender,MUN,4.334606679053309,5.577885355177436,0.0,0.0,Back injury - Expected back 01 Jun,4.9,1.8,0.0,8.8,43,0,3.3,0.0,0.11,0.06,0.17,,276.6,60.2,122.0,45.7,0.0,1,0,1,20,13,0.0,0.0,0.0,0.0,0.0,0.0,0.35910638369374154,0.836694907595102,0.8879382703370421,1.1054070788867265,1.1454600385406966,1.2432786761241275,,,,,,,436,1,0.0,0.0,Defender,Man Utd,38
Nicolò,Savona,Savona,Defender,NFO,4.24229908008789,5.577415922438523,0.0,0.0,Knee injury - Unknown return date,4.5,0.0,0.0,8.7,39,0,2.8,0.0,0.12,0.04,0.16,,216.6,123.2,94.0,43.5,0.0,2,0,3,18,11,0.0,0.0,0.0,0.0,0.0,0.0,0.4179688979100409,0.6337932466394416,0.9077447974328129,1.0141380376939038,1.2686541004116914,1.335116842350633,,,,,,,716,17,0.0,0.0,Defender,Nott'm Forest,38
Wilson,Odobert,Odobert,Midfielder,TOT,4.166157023850644,5.546189371961646,0.0,0.0,Knee injury - Unknown return date,5.3,0.0,0.0,8.7,46,0,1.9,0.0,0.18,0.11,0.29,,158.8,284.3,234.0,67.6,0.0,0,2,2,13,10,0.0,0.0,0.0,0.0,0.0,0.0,0.3641918286118668,0.657572071081661,0.883038188572169,1.1127046044146467,1.1486503311703014,1.3800323481110022,,,,,,,588,6,0.0,0.0,Midfielder,Spurs,38
Mohammed,Kudus,Kudus,Midfielder,TOT,4.190960994700852,5.253166220315146,0.0,0.0,Thigh injury - Expected back 01 Jun,6.4,9.1,0.0,11.7,75,0,3.9,0.0,0.11,0.14,0.25,,333.4,413.8,302.0,104.7,0.0,2,6,7,20,19,0.0,0.0,0.0,0.0,0.0,0.0,0.5030040113773667,0.586507684093072,0.8104106436393365,1.205342630398855,1.0856960251922223,1.0622052256142942,,,,,,,582,6,0.0,0.0,Midfielder,Spurs,38
Matt,O'Riley,O'Riley,Midfielder,BHA,4.447819229620422,5.221808544927943,100.0,100.0,,5.5,0.3,0.0,2.9,16,0,2.7,0.0,0.54,0.08,0.62,,65.4,67.7,63.0,19.6,0.0,1,0,1,3,2,0.0,0.0,0.0,0.0,0.0,0.0,0.6499515383820632,0.8423404479065374,0.8582287447631349,1.0158179004541172,1.0814805981145696,0.7739893153075208,,,,,,,164,36,0.0,0.0,Midfielder,Brighton,38
Fabian,Schär,Schär,Defender,NEW,3.961736852351443,4.922207059032469,0.0,0.0,Ankle injury - Expected back 01 Jun,5.2,1.1,0.0,9.8,51,0,3.2,0.0,0.08,0.05,0.13,,291.2,63.6,108.0,46.4,0.0,0,0,4,13,11,0.0,0.0,0.0,0.0,0.0,0.0,0.3952690268357743,0.7798668331691148,0.8608483322705379,0.9291354444780532,0.9966172155979629,0.9604702066810262,,,,,,,474,4,0.0,0.0,Defender,Newcastle,38
Fábio,Freitas Gouveia Carvalho,Carvalho,Midfielder,BRE,3.171901868245671,3.9391279010834266,0.0,0.0,Knee injury - Expected back 01 Jun,4.6,0.1,0.0,2.8,13,0,2.2,0.0,0.63,0.03,0.66,,39.0,6.5,36.0,8.1,0.0,1,0,0,4,1,0.0,0.0,0.0,0.0,0.0,0.0,0.4041222262397351,0.5188632534229917,0.7941189629794709,0.6491127059114441,0.805684719692029,0.7672260328377557,,,,,,,123,94,0.0,0.0,Midfielder,Brentford,38
